alpha_group,name,url,slug,doc_id,site,category,aliases,short_text_simple,long_text_complex,next_step,disclaimer,jargon_terms,short_avg_sentence_len,short_avg_word_len,short_word_count,short_sentence_count,long_avg_sentence_len,long_avg_word_len,long_word_count,long_sentence_count,short_readability_score,long_readability_score
0-9,17q12 deletie syndroom,https://www.erfelijkheid.nl/ziektes/17q12-deletie-syndroom,17q12-deletie-syndroom,17q12-deletie-syndroom,https://www.erfocentrum.nl/,Nieuwe technieken,17 q12 deletie syndroom|17q 12 deletie syndroom|17q12 deletie syn|17q12 deletie syndroom|17q12deletiesyndroom,Bij 17q12 deletie syndroom spelen genen een rol. Deze pagina helpt je om snel te vinden: is het erfelijk en wat is een logische volgende stap.,17q12 deletie syndroom wordt in de literatuur beschreven als een genetische aandoening met heterogene etiologie. Fenotype-expressie en penetrantie kunnen variëren; risico-inschatting hangt af van familieanamnese en genetische bevindingen. Differentiaaldiagnostiek en indicatiestelling voor DNA-diagnostiek verlopen doorgaans via zorgprofessionals. Bespreek vragen met de huisarts; zo nodig volgt verwijzing naar een klinisch geneticus.,Maak een afspraak bij de huisarts om je familiegeschiedenis te bespreken. Een klinisch geneticus kan uitleg geven over erfelijkheid.,Deze informatie is algemeen en is geen diagnose of persoonlijk medisch advies. Bespreek klachten of zorgen altijd met een arts.,penetrantie|fenotype|etiologie|differentiaaldiagnostiek|indicatiestelling,13.0,4.384615384615385,26,2,13.25,7.113207547169812,53,4,9.553846153846154,10.795283018867924
0-9,3MC syndroom,https://www.erfelijkheid.nl/ziektes/3mc-syndroom,3mc-syndroom,3mc-syndroom,https://www.erfocentrum.nl/,Aanleg en ontwikkeling,3 mc syndroom|3mc syn|3mc syndroom|3mcsyndroom,"3MC syndroom is een erfelijke aandoening. Op deze pagina vind je wat het is, of het in families voorkomt en wat je kunt doen als je vragen hebt.",3MC syndroom wordt in de literatuur beschreven als een genetische aandoening met heterogene etiologie. Fenotype-expressie en penetrantie kunnen variëren; risico-inschatting hangt af van familieanamnese en genetische bevindingen. Differentiaaldiagnostiek en indicatiestelling voor DNA-diagnostiek verlopen doorgaans via zorgprofessionals. Bespreek vragen met de huisarts; zo nodig volgt verwijzing naar een klinisch geneticus.,Maak een afspraak bij de huisarts om je familiegeschiedenis te bespreken. Een klinisch geneticus kan uitleg geven over erfelijkheid.,Deze informatie is algemeen en is geen diagnose of persoonlijk medisch advies. Bespreek klachten of zorgen altijd met een arts.,penetrantie|fenotype|etiologie|differentiaaldiagnostiek|indicatiestelling,14.0,4.071428571428571,28,2,13.0,7.076923076923077,52,4,10.028571428571428,10.63076923076923
0-9,3-MCC deficiëntie,https://www.erfelijkheid.nl/ziektes/3-mcc-deficientie,3-mcc-deficientie,3-mcc-deficientie,https://www.erfocentrum.nl/,Aanleg en ontwikkeling,3 mcc deficientie|3-mcc deficientie|3-mcc deficiëntie|3-mccdeficientie,"3-MCC deficiëntie is een erfelijke aandoening. Op deze pagina vind je wat het is, of het in families voorkomt en wat je kunt doen als je vragen hebt.",3-MCC deficiëntie wordt in de literatuur beschreven als een genetische aandoening met heterogene etiologie. Fenotype-expressie en penetrantie kunnen variëren; risico-inschatting hangt af van familieanamnese en genetische bevindingen. Differentiaaldiagnostiek en indicatiestelling voor DNA-diagnostiek verlopen doorgaans via zorgprofessionals. Bespreek vragen met de huisarts; zo nodig volgt verwijzing naar een klinisch geneticus.,Maak een afspraak bij de huisarts om je familiegeschiedenis te bespreken. Een klinisch geneticus kan uitleg geven over erfelijkheid.,Deze informatie is algemeen en is geen diagnose of persoonlijk medisch advies. Bespreek klachten of zorgen altijd met een arts.,penetrantie|fenotype|etiologie|differentiaaldiagnostiek|indicatiestelling,14.5,4.068965517241379,29,2,13.25,7.018867924528302,53,4,10.327586206896552,10.757547169811321
0-9,5-Alfa-reductase-2 deficiëntie,https://www.erfelijkheid.nl/ziektes/5-alfa-reductase-2-deficientie,5-alfa-reductase-2-deficientie,5-alfa-reductase-2-deficientie,https://www.erfocentrum.nl/,Aanleg en ontwikkeling,5 alfa reductase 2 deficientie|5-alfa-reductase-2 deficientie|5-alfa-reductase-2 deficiëntie|5-alfa-reductase-2deficientie,Bij 5-Alfa-reductase-2 deficiëntie spelen genen een rol. Deze pagina helpt je om snel te vinden: is het erfelijk en wat is een logische volgende stap.,5-Alfa-reductase-2 deficiëntie wordt in de literatuur beschreven als een genetische aandoening met heterogene etiologie. Fenotype-expressie en penetrantie kunnen variëren; risico-inschatting hangt af van familieanamnese en genetische bevindingen. Differentiaaldiagnostiek en indicatiestelling voor DNA-diagnostiek verlopen doorgaans via zorgprofessionals. Bespreek vragen met de huisarts; zo nodig volgt verwijzing naar een klinisch geneticus.,Bespreek je vraag met je huisarts. Vraag zo nodig om een verwijzing naar de klinische genetica.,Deze informatie is algemeen en is geen diagnose of persoonlijk medisch advies. Bespreek klachten of zorgen altijd met een arts.,penetrantie|fenotype|etiologie|differentiaaldiagnostiek|indicatiestelling,14.0,4.285714285714286,28,2,13.75,6.963636363636364,55,4,10.114285714285714,11.035454545454545
0-9,6q-deleties,https://www.erfelijkheid.nl/ziektes/6q-deleties,6q-deleties,6q-deleties,https://www.erfocentrum.nl/,Nieuwe technieken,6 q-deleties|6q deleties|6q-deleties,6q-deleties is een zeldzame erfelijke aandoening. Hier lees je in eenvoudige woorden de belangrijkste punten en waar je terechtkunt voor hulp.,"6q-deleties betreft een genetisch bepaalde aandoening waarbij varianten in een of meerdere genen kunnen leiden tot klinische verschijnselen. De overerving kan autosomaal dominant, autosomaal recessief of X-gebonden zijn, afhankelijk van het onderliggende mechanisme. Diagnostiek kan bestaan uit moleculair-genetisch onderzoek en/of chromosoomanalyse. Voor counseling en interpretatie van uitslagen kan verwijzing naar de klinische genetica passend zijn.",Maak een afspraak bij de huisarts om je familiegeschiedenis te bespreken. Een klinisch geneticus kan uitleg geven over erfelijkheid.,Deze informatie is algemeen en is geen diagnose of persoonlijk medisch advies. Bespreek klachten of zorgen altijd met een arts.,autosomaal|recessief|dominant|x-gebonden|moleculair|chromosoomanalyse|counseling,11.0,5.409090909090909,22,2,14.75,6.593220338983051,59,4,8.763636363636364,11.48728813559322
0-9,9p deletie,https://www.erfelijkheid.nl/ziektes/9p-deletie,9p-deletie,9p-deletie,https://www.erfocentrum.nl/,Nieuwe technieken,9 p deletie|9p deletie|9pdeletie,"9p deletie is een erfelijke aandoening. Op deze pagina vind je wat het is, of het in families voorkomt en wat je kunt doen als je vragen hebt.",9p deletie wordt in de literatuur beschreven als een genetische aandoening met heterogene etiologie. Fenotype-expressie en penetrantie kunnen variëren; risico-inschatting hangt af van familieanamnese en genetische bevindingen. Differentiaaldiagnostiek en indicatiestelling voor DNA-diagnostiek verlopen doorgaans via zorgprofessionals. Bespreek vragen met de huisarts; zo nodig volgt verwijzing naar een klinisch geneticus.,Maak een afspraak bij de huisarts om je familiegeschiedenis te bespreken. Een klinisch geneticus kan uitleg geven over erfelijkheid.,Deze informatie is algemeen en is geen diagnose of persoonlijk medisch advies. Bespreek klachten of zorgen altijd met een arts.,penetrantie|fenotype|etiologie|differentiaaldiagnostiek|indicatiestelling,14.0,4.0,28,2,13.0,7.038461538461538,52,4,10.0,10.615384615384615
0-9,18q deletie syndroom,https://www.erfelijkheid.nl/ziektes/18q-deletie-syndroom,18q-deletie-syndroom,18q-deletie-syndroom,https://www.erfocentrum.nl/,Nieuwe technieken,18 q deletie syndroom|18q deletie syn|18q deletie syndroom|18qdeletiesyndroom,"18q deletie syndroom is een erfelijke aandoening. Op deze pagina vind je wat het is, of het in families voorkomt en wat je kunt doen als je vragen hebt.",18q deletie syndroom wordt in de literatuur beschreven als een genetische aandoening met heterogene etiologie. Fenotype-expressie en penetrantie kunnen variëren; risico-inschatting hangt af van familieanamnese en genetische bevindingen. Differentiaaldiagnostiek en indicatiestelling voor DNA-diagnostiek verlopen doorgaans via zorgprofessionals. Bespreek vragen met de huisarts; zo nodig volgt verwijzing naar een klinisch geneticus.,Maak een afspraak bij de huisarts om je familiegeschiedenis te bespreken. Een klinisch geneticus kan uitleg geven over erfelijkheid.,Deze informatie is algemeen en is geen diagnose of persoonlijk medisch advies. Bespreek klachten of zorgen altijd met een arts.,penetrantie|fenotype|etiologie|differentiaaldiagnostiek|indicatiestelling,14.5,4.172413793103448,29,2,13.25,7.0754716981132075,53,4,10.368965517241378,10.780188679245283
0-9,22q11.2 deletie syndroom,https://www.erfelijkheid.nl/ziektes/22q112-deletie-syndroom,22q112-deletie-syndroom,22q112-deletie-syndroom,https://www.erfocentrum.nl/,Nieuwe technieken,22 q11 2 deletie syndroom|22q 11 2 deletie syndroom|22q11 2 deletie syn|22q11 2 deletie syndroom|22q112 deletie syndroom|22q112deletiesyndroom,"22q11.2 deletie syndroom is een erfelijke aandoening. Op deze pagina vind je wat het is, of het in families voorkomt en wat je kunt doen als je vragen hebt.",22q11.2 deletie syndroom wordt in de literatuur beschreven als een genetische aandoening met heterogene etiologie. Fenotype-expressie en penetrantie kunnen variëren; risico-inschatting hangt af van familieanamnese en genetische bevindingen. Differentiaaldiagnostiek en indicatiestelling voor DNA-diagnostiek verlopen doorgaans via zorgprofessionals. Bespreek vragen met de huisarts; zo nodig volgt verwijzing naar een klinisch geneticus.,Bespreek je vraag met je huisarts. Vraag zo nodig om een verwijzing naar de klinische genetica.,Deze informatie is algemeen en is geen diagnose of persoonlijk medisch advies. Bespreek klachten of zorgen altijd met een arts.,penetrantie|fenotype|etiologie|differentiaaldiagnostiek|indicatiestelling,10.0,4.133333333333334,30,3,10.8,7.0,54,5,7.653333333333333,9.280000000000001
0-9,"46, XY DSD",https://www.erfelijkheid.nl/ziektes/overzicht/46xy-dsd,46xy-dsd,46xy-dsd,https://www.erfocentrum.nl/,Aanleg en ontwikkeling,46 xy dsd|46xy dsd|46xydsd,"Bij 46, XY DSD spelen genen een rol. Deze pagina helpt je om snel te vinden: is het erfelijk en wat is een logische volgende stap.","46, XY DSD betreft een genetisch bepaalde aandoening waarbij varianten in een of meerdere genen kunnen leiden tot klinische verschijnselen. De overerving kan autosomaal dominant, autosomaal recessief of X-gebonden zijn, afhankelijk van het onderliggende mechanisme. Diagnostiek kan bestaan uit moleculair-genetisch onderzoek en/of chromosoomanalyse. Voor counseling en interpretatie van uitslagen kan verwijzing naar de klinische genetica passend zijn.",Bespreek je vraag met je huisarts. Vraag zo nodig om een verwijzing naar de klinische genetica.,Deze informatie is algemeen en is geen diagnose of persoonlijk medisch advies. Bespreek klachten of zorgen altijd met een arts.,autosomaal|recessief|dominant|x-gebonden|moleculair|chromosoomanalyse|counseling,13.0,3.8846153846153846,26,2,15.0,6.433333333333334,60,4,9.353846153846154,11.573333333333334
0-9,"49,XXXXY syndroom",https://www.erfelijkheid.nl/ziektes/49XXXXY-syndroom,49XXXXY-syndroom,49XXXXY-syndroom,https://www.erfocentrum.nl/,Aanleg en ontwikkeling,49 xxxxy syn|49 xxxxy syndroom|49XXXXY syndroom|49xxxxysyndroom,"49,XXXXY syndroom is een erfelijke aandoening. Op deze pagina vind je wat het is, of het in families voorkomt en wat je kunt doen als je vragen hebt.","49,XXXXY syndroom wordt in de literatuur beschreven als een genetische aandoening met heterogene etiologie. Fenotype-expressie en penetrantie kunnen variëren; risico-inschatting hangt af van familieanamnese en genetische bevindingen. Differentiaaldiagnostiek en indicatiestelling voor DNA-diagnostiek verlopen doorgaans via zorgprofessionals. Bespreek vragen met de huisarts; zo nodig volgt verwijzing naar een klinisch geneticus.",Bespreek je vraag met je huisarts. Vraag zo nodig om een verwijzing naar de klinische genetica.,Deze informatie is algemeen en is geen diagnose of persoonlijk medisch advies. Bespreek klachten of zorgen altijd met een arts.,penetrantie|fenotype|etiologie|differentiaaldiagnostiek|indicatiestelling,14.5,4.068965517241379,29,2,13.25,7.018867924528302,53,4,10.327586206896552,10.757547169811321
A,Aangeboren afwijkingen van de luchtpijp,https://www.erfelijkheid.nl/ziektes/aangeboren-afwijkingen-van-de-luchtpijp,aangeboren-afwijkingen-van-de-luchtpijp,aangeboren-afwijkingen-van-de-luchtpijp,https://www.erfocentrum.nl/,Aanleg en ontwikkeling,aangeboren afwijkingen van de luchtpijp|aangeborenafwijkingenvandeluchtpijp,Bij Aangeboren afwijkingen van de luchtpijp spelen genen een rol. Deze pagina helpt je om snel te vinden: is het erfelijk en wat is een logische volgende stap.,Aangeboren afwijkingen van de luchtpijp wordt in de literatuur beschreven als een genetische aandoening met heterogene etiologie. Fenotype-expressie en penetrantie kunnen variëren; risico-inschatting hangt af van familieanamnese en genetische bevindingen. Differentiaaldiagnostiek en indicatiestelling voor DNA-diagnostiek verlopen doorgaans via zorgprofessionals. Bespreek vragen met de huisarts; zo nodig volgt verwijzing naar een klinisch geneticus.,Maak een afspraak bij de huisarts om je familiegeschiedenis te bespreken. Een klinisch geneticus kan uitleg geven over erfelijkheid.,Deze informatie is algemeen en is geen diagnose of persoonlijk medisch advies. Bespreek klachten of zorgen altijd met een arts.,penetrantie|fenotype|etiologie|differentiaaldiagnostiek|indicatiestelling,14.0,4.607142857142857,28,2,13.75,7.127272727272727,55,4,10.242857142857144,11.100909090909092
A,Aangeboren blindheid of slechtziendheid,https://www.erfelijkheid.nl/ziektes/aangeboren-blindheid-slechtziendheid,aangeboren-blindheid-slechtziendheid,aangeboren-blindheid-slechtziendheid,https://www.erfocentrum.nl/,Aanleg en ontwikkeling,aangeboren blindheid of slechtziendheid|aangeboren blindheid slechtziendheid|aangeborenblindheidofslechtziendheid,Bij Aangeboren blindheid of slechtziendheid spelen genen een rol. Deze pagina helpt je om snel te vinden: is het erfelijk en wat is een logische volgende stap.,"Aangeboren blindheid of slechtziendheid betreft een genetisch bepaalde aandoening waarbij varianten in een of meerdere genen kunnen leiden tot klinische verschijnselen. De overerving kan autosomaal dominant, autosomaal recessief of X-gebonden zijn, afhankelijk van het onderliggende mechanisme. Diagnostiek kan bestaan uit moleculair-genetisch onderzoek en/of chromosoomanalyse. Voor counseling en interpretatie van uitslagen kan verwijzing naar de klinische genetica passend zijn.",Bespreek je vraag met je huisarts. Vraag zo nodig om een verwijzing naar de klinische genetica.,Deze informatie is algemeen en is geen diagnose of persoonlijk medisch advies. Bespreek klachten of zorgen altijd met een arts.,autosomaal|recessief|dominant|x-gebonden|moleculair|chromosoomanalyse|counseling,13.5,4.814814814814815,27,2,15.25,6.80327868852459,61,4,10.025925925925925,11.871311475409836
A,Aangeboren staar,https://www.erfelijkheid.nl/ziektes/aangeboren-cataract,aangeboren-cataract,aangeboren-cataract,https://www.erfocentrum.nl/,Aanleg en ontwikkeling,aangeboren cataract|aangeboren staar|aangeborenstaar,Bij Aangeboren staar spelen genen een rol. Deze pagina helpt je om snel te vinden: is het erfelijk en wat is een logische volgende stap.,Aangeboren staar wordt in de literatuur beschreven als een genetische aandoening met heterogene etiologie. Fenotype-expressie en penetrantie kunnen variëren; risico-inschatting hangt af van familieanamnese en genetische bevindingen. Differentiaaldiagnostiek en indicatiestelling voor DNA-diagnostiek verlopen doorgaans via zorgprofessionals. Bespreek vragen met de huisarts; zo nodig volgt verwijzing naar een klinisch geneticus.,Bespreek je vraag met je huisarts. Vraag zo nodig om een verwijzing naar de klinische genetica.,Deze informatie is algemeen en is geen diagnose of persoonlijk medisch advies. Bespreek klachten of zorgen altijd met een arts.,penetrantie|fenotype|etiologie|differentiaaldiagnostiek|indicatiestelling,12.5,4.36,25,2,13.0,7.153846153846154,52,4,9.244,10.661538461538463
A,Aarskog syndroom,https://www.erfelijkheid.nl/ziektes/aarskog-syndroom,aarskog-syndroom,aarskog-syndroom,https://www.erfocentrum.nl/,Aanleg en ontwikkeling,aarskog syn|aarskog syndroom|aarskogsyndroom,"Aarskog syndroom is een erfelijke aandoening. Op deze pagina vind je wat het is, of het in families voorkomt en wat je kunt doen als je vragen hebt.",Aarskog syndroom wordt in de literatuur beschreven als een genetische aandoening met heterogene etiologie. Fenotype-expressie en penetrantie kunnen variëren; risico-inschatting hangt af van familieanamnese en genetische bevindingen. Differentiaaldiagnostiek en indicatiestelling voor DNA-diagnostiek verlopen doorgaans via zorgprofessionals. Bespreek vragen met de huisarts; zo nodig volgt verwijzing naar een klinisch geneticus.,Maak een afspraak bij de huisarts om je familiegeschiedenis te bespreken. Een klinisch geneticus kan uitleg geven over erfelijkheid.,Deze informatie is algemeen en is geen diagnose of persoonlijk medisch advies. Bespreek klachten of zorgen altijd met een arts.,penetrantie|fenotype|etiologie|differentiaaldiagnostiek|indicatiestelling,14.0,4.214285714285714,28,2,13.0,7.153846153846154,52,4,10.085714285714285,10.661538461538463
A,Achondroplasie,https://www.erfelijkheid.nl/ziektes/achondroplasie,achondroplasie,achondroplasie,https://www.erfocentrum.nl/,Aanleg en ontwikkeling,achondroplasie,Bij Achondroplasie spelen genen een rol. Deze pagina helpt je om snel te vinden: is het erfelijk en wat is een logische volgende stap.,"Achondroplasie betreft een genetisch bepaalde aandoening waarbij varianten in een of meerdere genen kunnen leiden tot klinische verschijnselen. De overerving kan autosomaal dominant, autosomaal recessief of X-gebonden zijn, afhankelijk van het onderliggende mechanisme. Diagnostiek kan bestaan uit moleculair-genetisch onderzoek en/of chromosoomanalyse. Voor counseling en interpretatie van uitslagen kan verwijzing naar de klinische genetica passend zijn.",Maak een afspraak bij de huisarts om je familiegeschiedenis te bespreken. Een klinisch geneticus kan uitleg geven over erfelijkheid.,Deze informatie is algemeen en is geen diagnose of persoonlijk medisch advies. Bespreek klachten of zorgen altijd met een arts.,autosomaal|recessief|dominant|x-gebonden|moleculair|chromosoomanalyse|counseling,12.0,4.5,24,2,14.5,6.775862068965517,58,4,9.0,11.410344827586206
A,Achromatopsie,https://www.erfelijkheid.nl/ziektes/achromatopsie,achromatopsie,achromatopsie,https://www.erfocentrum.nl/,Aanleg en ontwikkeling,achromatopsie,Achromatopsie is een zeldzame erfelijke aandoening. Hier lees je in eenvoudige woorden de belangrijkste punten en waar je terechtkunt voor hulp.,Achromatopsie wordt in de literatuur beschreven als een genetische aandoening met heterogene etiologie. Fenotype-expressie en penetrantie kunnen variëren; risico-inschatting hangt af van familieanamnese en genetische bevindingen. Differentiaaldiagnostiek en indicatiestelling voor DNA-diagnostiek verlopen doorgaans via zorgprofessionals. Bespreek vragen met de huisarts; zo nodig volgt verwijzing naar een klinisch geneticus.,Bespreek je vraag met je huisarts. Vraag zo nodig om een verwijzing naar de klinische genetica.,Deze informatie is algemeen en is geen diagnose of persoonlijk medisch advies. Bespreek klachten of zorgen altijd met een arts.,penetrantie|fenotype|etiologie|differentiaaldiagnostiek|indicatiestelling,10.5,5.809523809523809,21,2,12.75,7.254901960784314,51,4,8.623809523809523,10.551960784313724
A,Acromegalie,https://www.erfelijkheid.nl/ziektes/acromegalie,acromegalie,acromegalie,https://www.erfocentrum.nl/,Aanleg en ontwikkeling,acromegalie,"Acromegalie is een erfelijke aandoening. Op deze pagina vind je wat het is, of het in families voorkomt en wat je kunt doen als je vragen hebt.","Acromegalie betreft een genetisch bepaalde aandoening waarbij varianten in een of meerdere genen kunnen leiden tot klinische verschijnselen. De overerving kan autosomaal dominant, autosomaal recessief of X-gebonden zijn, afhankelijk van het onderliggende mechanisme. Diagnostiek kan bestaan uit moleculair-genetisch onderzoek en/of chromosoomanalyse. Voor counseling en interpretatie van uitslagen kan verwijzing naar de klinische genetica passend zijn.",Maak een afspraak bij de huisarts om je familiegeschiedenis te bespreken. Een klinisch geneticus kan uitleg geven over erfelijkheid.,Deze informatie is algemeen en is geen diagnose of persoonlijk medisch advies. Bespreek klachten of zorgen altijd met een arts.,autosomaal|recessief|dominant|x-gebonden|moleculair|chromosoomanalyse|counseling,13.5,4.222222222222222,27,2,14.5,6.724137931034483,58,4,9.788888888888888,11.389655172413793
A,Acute porfyrie,https://www.erfelijkheid.nl/ziektes/acute-porfyrie,acute-porfyrie,acute-porfyrie,https://www.erfocentrum.nl/,Aanleg en ontwikkeling,acute porfyrie|acuteporfyrie,"Acute porfyrie is een erfelijke aandoening. Op deze pagina vind je wat het is, of het in families voorkomt en wat je kunt doen als je vragen hebt.",Acute porfyrie wordt in de literatuur beschreven als een genetische aandoening met heterogene etiologie. Fenotype-expressie en penetrantie kunnen variëren; risico-inschatting hangt af van familieanamnese en genetische bevindingen. Differentiaaldiagnostiek en indicatiestelling voor DNA-diagnostiek verlopen doorgaans via zorgprofessionals. Bespreek vragen met de huisarts; zo nodig volgt verwijzing naar een klinisch geneticus.,Bespreek je vraag met je huisarts. Vraag zo nodig om een verwijzing naar de klinische genetica.,Deze informatie is algemeen en is geen diagnose of persoonlijk medisch advies. Bespreek klachten of zorgen altijd met een arts.,penetrantie|fenotype|etiologie|differentiaaldiagnostiek|indicatiestelling,14.0,4.142857142857143,28,2,13.0,7.115384615384615,52,4,10.057142857142857,10.646153846153846
A,Adenosine deaminase 2 deficiëntie (ADA2 deficiëntie),https://www.erfelijkheid.nl/ziektes/adenosine-deaminase-2-deficientie-ada2-deficientie,adenosine-deaminase-2-deficientie-ada2-deficientie,adenosine-deaminase-2-deficientie-ada2-deficientie,https://www.erfocentrum.nl/,Aanleg en ontwikkeling,adenosine deaminase 2 deficientie ada 2 deficientie|adenosine deaminase 2 deficientie ada2 deficientie|adenosine deaminase 2 deficiëntie ada2 deficiëntie|adenosinedeaminase2deficientieada2deficientie,"Adenosine deaminase 2 deficiëntie (ADA2 deficiëntie) is een erfelijke aandoening. Op deze pagina vind je wat het is, of het in families voorkomt en wat je kunt doen als je vragen hebt.",Adenosine deaminase 2 deficiëntie (ADA2 deficiëntie) wordt in de literatuur beschreven als een genetische aandoening met heterogene etiologie. Fenotype-expressie en penetrantie kunnen variëren; risico-inschatting hangt af van familieanamnese en genetische bevindingen. Differentiaaldiagnostiek en indicatiestelling voor DNA-diagnostiek verlopen doorgaans via zorgprofessionals. Bespreek vragen met de huisarts; zo nodig volgt verwijzing naar een klinisch geneticus.,Maak een afspraak bij de huisarts om je familiegeschiedenis te bespreken. Een klinisch geneticus kan uitleg geven over erfelijkheid.,Deze informatie is algemeen en is geen diagnose of persoonlijk medisch advies. Bespreek klachten of zorgen altijd met een arts.,penetrantie|fenotype|etiologie|differentiaaldiagnostiek|indicatiestelling,16.0,4.625,32,2,14.0,7.178571428571429,56,4,11.45,11.271428571428572
A,Adams-Oliver syndroom,https://www.erfelijkheid.nl/ziektes/adams-oliver-syndroom,adams-oliver-syndroom,adams-oliver-syndroom,https://www.erfocentrum.nl/,Aanleg en ontwikkeling,adams oliver syndroom|adams-oliver syn|adams-oliver syndroom|adams-oliversyndroom,"Adams-Oliver syndroom is een erfelijke aandoening. Op deze pagina vind je wat het is, of het in families voorkomt en wat je kunt doen als je vragen hebt.",Adams-Oliver syndroom wordt in de literatuur beschreven als een genetische aandoening met heterogene etiologie. Fenotype-expressie en penetrantie kunnen variëren; risico-inschatting hangt af van familieanamnese en genetische bevindingen. Differentiaaldiagnostiek en indicatiestelling voor DNA-diagnostiek verlopen doorgaans via zorgprofessionals. Bespreek vragen met de huisarts; zo nodig volgt verwijzing naar een klinisch geneticus.,Bespreek je vraag met je huisarts. Vraag zo nodig om een verwijzing naar de klinische genetica.,Deze informatie is algemeen en is geen diagnose of persoonlijk medisch advies. Bespreek klachten of zorgen altijd met een arts.,penetrantie|fenotype|etiologie|differentiaaldiagnostiek|indicatiestelling,14.5,4.206896551724138,29,2,13.25,7.09433962264151,53,4,10.382758620689655,10.787735849056602
A,ADCA,https://www.erfelijkheid.nl/ziektes/adca,adca,adca,https://www.erfocentrum.nl/,Aanleg en ontwikkeling,adca,"ADCA is een erfelijke aandoening. Op deze pagina vind je wat het is, of het in families voorkomt en wat je kunt doen als je vragen hebt.","ADCA betreft een genetisch bepaalde aandoening waarbij varianten in een of meerdere genen kunnen leiden tot klinische verschijnselen. De overerving kan autosomaal dominant, autosomaal recessief of X-gebonden zijn, afhankelijk van het onderliggende mechanisme. Diagnostiek kan bestaan uit moleculair-genetisch onderzoek en/of chromosoomanalyse. Voor counseling en interpretatie van uitslagen kan verwijzing naar de klinische genetica passend zijn.",Maak een afspraak bij de huisarts om je familiegeschiedenis te bespreken. Een klinisch geneticus kan uitleg geven over erfelijkheid.,Deze informatie is algemeen en is geen diagnose of persoonlijk medisch advies. Bespreek klachten of zorgen altijd met een arts.,autosomaal|recessief|dominant|x-gebonden|moleculair|chromosoomanalyse|counseling,13.5,3.962962962962963,27,2,14.5,6.603448275862069,58,4,9.685185185185185,11.341379310344827
A,ADHD,https://www.erfelijkheid.nl/ziektes/adhd,adhd,adhd,https://www.erfocentrum.nl/,Aanleg en ontwikkeling,adhd,Bij ADHD spelen genen een rol. Deze pagina helpt je om snel te vinden: is het erfelijk en wat is een logische volgende stap.,"ADHD betreft een genetisch bepaalde aandoening waarbij varianten in een of meerdere genen kunnen leiden tot klinische verschijnselen. De overerving kan autosomaal dominant, autosomaal recessief of X-gebonden zijn, afhankelijk van het onderliggende mechanisme. Diagnostiek kan bestaan uit moleculair-genetisch onderzoek en/of chromosoomanalyse. Voor counseling en interpretatie van uitslagen kan verwijzing naar de klinische genetica passend zijn.",Bespreek je vraag met je huisarts. Vraag zo nodig om een verwijzing naar de klinische genetica.,Deze informatie is algemeen en is geen diagnose of persoonlijk medisch advies. Bespreek klachten of zorgen altijd met een arts.,autosomaal|recessief|dominant|x-gebonden|moleculair|chromosoomanalyse|counseling,12.0,4.083333333333333,24,2,14.5,6.603448275862069,58,4,8.833333333333332,11.341379310344827
A,ADHD-I,https://www.erfelijkheid.nl/ziektes/adhd-i,adhd-i,adhd-i,https://www.erfocentrum.nl/,Aanleg en ontwikkeling,adhd i|adhd-i,Bij ADHD-I spelen genen een rol. Deze pagina helpt je om snel te vinden: is het erfelijk en wat is een logische volgende stap.,"ADHD-I betreft een genetisch bepaalde aandoening waarbij varianten in een of meerdere genen kunnen leiden tot klinische verschijnselen. De overerving kan autosomaal dominant, autosomaal recessief of X-gebonden zijn, afhankelijk van het onderliggende mechanisme. Diagnostiek kan bestaan uit moleculair-genetisch onderzoek en/of chromosoomanalyse. Voor counseling en interpretatie van uitslagen kan verwijzing naar de klinische genetica passend zijn.",Bespreek je vraag met je huisarts. Vraag zo nodig om een verwijzing naar de klinische genetica.,Deze informatie is algemeen en is geen diagnose of persoonlijk medisch advies. Bespreek klachten of zorgen altijd met een arts.,autosomaal|recessief|dominant|x-gebonden|moleculair|chromosoomanalyse|counseling,12.5,3.96,25,2,14.75,6.508474576271187,59,4,9.084,11.453389830508474
A,ADNP syndroom,https://www.erfelijkheid.nl/ziektes/adnp-syndroom,adnp-syndroom,adnp-syndroom,https://www.erfocentrum.nl/,Aanleg en ontwikkeling,adnp syn|adnp syndroom|adnpsyndroom,"ADNP syndroom is een erfelijke aandoening. Op deze pagina vind je wat het is, of het in families voorkomt en wat je kunt doen als je vragen hebt.","ADNP syndroom betreft een genetisch bepaalde aandoening waarbij varianten in een of meerdere genen kunnen leiden tot klinische verschijnselen. De overerving kan autosomaal dominant, autosomaal recessief of X-gebonden zijn, afhankelijk van het onderliggende mechanisme. Diagnostiek kan bestaan uit moleculair-genetisch onderzoek en/of chromosoomanalyse. Voor counseling en interpretatie van uitslagen kan verwijzing naar de klinische genetica passend zijn.",Maak een afspraak bij de huisarts om je familiegeschiedenis te bespreken. Een klinisch geneticus kan uitleg geven over erfelijkheid.,Deze informatie is algemeen en is geen diagnose of persoonlijk medisch advies. Bespreek klachten of zorgen altijd met een arts.,autosomaal|recessief|dominant|x-gebonden|moleculair|chromosoomanalyse|counseling,14.0,4.107142857142857,28,2,14.75,6.627118644067797,59,4,10.042857142857143,11.500847457627119
A,Adrenogenitaal syndroom,https://www.erfelijkheid.nl/ziektes/adrenogenitaal-syndroom,adrenogenitaal-syndroom,adrenogenitaal-syndroom,https://www.erfocentrum.nl/,Aanleg en ontwikkeling,adrenogenitaal syn|adrenogenitaal syndroom|adrenogenitaalsyndroom,Bij Adrenogenitaal syndroom spelen genen een rol. Deze pagina helpt je om snel te vinden: is het erfelijk en wat is een logische volgende stap.,Adrenogenitaal syndroom wordt in de literatuur beschreven als een genetische aandoening met heterogene etiologie. Fenotype-expressie en penetrantie kunnen variëren; risico-inschatting hangt af van familieanamnese en genetische bevindingen. Differentiaaldiagnostiek en indicatiestelling voor DNA-diagnostiek verlopen doorgaans via zorgprofessionals. Bespreek vragen met de huisarts; zo nodig volgt verwijzing naar een klinisch geneticus.,Maak een afspraak bij de huisarts om je familiegeschiedenis te bespreken. Een klinisch geneticus kan uitleg geven over erfelijkheid.,Deze informatie is algemeen en is geen diagnose of persoonlijk medisch advies. Bespreek klachten of zorgen altijd met een arts.,penetrantie|fenotype|etiologie|differentiaaldiagnostiek|indicatiestelling,12.5,4.64,25,2,13.0,7.288461538461538,52,4,9.356,10.715384615384615
A,Afweerstoornissen,https://www.erfelijkheid.nl/ziektes/afweerstoornissen,afweerstoornissen,afweerstoornissen,https://www.erfocentrum.nl/,Aanleg en ontwikkeling,afweerstoornissen,"Afweerstoornissen is een erfelijke aandoening. Op deze pagina vind je wat het is, of het in families voorkomt en wat je kunt doen als je vragen hebt.","Afweerstoornissen betreft een genetisch bepaalde aandoening waarbij varianten in een of meerdere genen kunnen leiden tot klinische verschijnselen. De overerving kan autosomaal dominant, autosomaal recessief of X-gebonden zijn, afhankelijk van het onderliggende mechanisme. Diagnostiek kan bestaan uit moleculair-genetisch onderzoek en/of chromosoomanalyse. Voor counseling en interpretatie van uitslagen kan verwijzing naar de klinische genetica passend zijn.",Maak een afspraak bij de huisarts om je familiegeschiedenis te bespreken. Een klinisch geneticus kan uitleg geven over erfelijkheid.,Deze informatie is algemeen en is geen diagnose of persoonlijk medisch advies. Bespreek klachten of zorgen altijd met een arts.,autosomaal|recessief|dominant|x-gebonden|moleculair|chromosoomanalyse|counseling,13.5,4.444444444444445,27,2,14.5,6.827586206896552,58,4,9.877777777777778,11.43103448275862
A,Aicardi syndroom,https://www.erfelijkheid.nl/ziektes/aicardi-syndroom,aicardi-syndroom,aicardi-syndroom,https://www.erfocentrum.nl/,Aanleg en ontwikkeling,aicardi syn|aicardi syndroom|aicardisyndroom,Bij Aicardi syndroom spelen genen een rol. Deze pagina helpt je om snel te vinden: is het erfelijk en wat is een logische volgende stap.,"Aicardi syndroom betreft een genetisch bepaalde aandoening waarbij varianten in een of meerdere genen kunnen leiden tot klinische verschijnselen. De overerving kan autosomaal dominant, autosomaal recessief of X-gebonden zijn, afhankelijk van het onderliggende mechanisme. Diagnostiek kan bestaan uit moleculair-genetisch onderzoek en/of chromosoomanalyse. Voor counseling en interpretatie van uitslagen kan verwijzing naar de klinische genetica passend zijn.",Maak een afspraak bij de huisarts om je familiegeschiedenis te bespreken. Een klinisch geneticus kan uitleg geven over erfelijkheid.,Deze informatie is algemeen en is geen diagnose of persoonlijk medisch advies. Bespreek klachten of zorgen altijd met een arts.,autosomaal|recessief|dominant|x-gebonden|moleculair|chromosoomanalyse|counseling,12.5,4.36,25,2,14.75,6.677966101694915,59,4,9.244,11.521186440677965
A,Albinisme,https://www.erfelijkheid.nl/ziektes/albinisme,albinisme,albinisme,https://www.erfocentrum.nl/,Aanleg en ontwikkeling,albinisme,Bij Albinisme spelen genen een rol. Deze pagina helpt je om snel te vinden: is het erfelijk en wat is een logische volgende stap.,"Albinisme betreft een genetisch bepaalde aandoening waarbij varianten in een of meerdere genen kunnen leiden tot klinische verschijnselen. De overerving kan autosomaal dominant, autosomaal recessief of X-gebonden zijn, afhankelijk van het onderliggende mechanisme. Diagnostiek kan bestaan uit moleculair-genetisch onderzoek en/of chromosoomanalyse. Voor counseling en interpretatie van uitslagen kan verwijzing naar de klinische genetica passend zijn.",Bespreek je vraag met je huisarts. Vraag zo nodig om een verwijzing naar de klinische genetica.,Deze informatie is algemeen en is geen diagnose of persoonlijk medisch advies. Bespreek klachten of zorgen altijd met een arts.,autosomaal|recessief|dominant|x-gebonden|moleculair|chromosoomanalyse|counseling,12.0,4.291666666666667,24,2,14.5,6.689655172413793,58,4,8.916666666666666,11.375862068965517
A,Albright hereditaire osteodystrofie (AHO),https://www.erfelijkheid.nl/ziektes/albright-hereditaire-osteodystrofie-aho,albright-hereditaire-osteodystrofie-aho,albright-hereditaire-osteodystrofie-aho,https://www.erfocentrum.nl/,Aanleg en ontwikkeling,albright hereditaire osteodystrofie aho|albrighthereditaireosteodystrofieaho,Bij Albright hereditaire osteodystrofie (AHO) spelen genen een rol. Deze pagina helpt je om snel te vinden: is het erfelijk en wat is een logische volgende stap.,Albright hereditaire osteodystrofie (AHO) wordt in de literatuur beschreven als een genetische aandoening met heterogene etiologie. Fenotype-expressie en penetrantie kunnen variëren; risico-inschatting hangt af van familieanamnese en genetische bevindingen. Differentiaaldiagnostiek en indicatiestelling voor DNA-diagnostiek verlopen doorgaans via zorgprofessionals. Bespreek vragen met de huisarts; zo nodig volgt verwijzing naar een klinisch geneticus.,Bespreek je vraag met je huisarts. Vraag zo nodig om een verwijzing naar de klinische genetica.,Deze informatie is algemeen en is geen diagnose of persoonlijk medisch advies. Bespreek klachten of zorgen altijd met een arts.,penetrantie|fenotype|etiologie|differentiaaldiagnostiek|indicatiestelling,13.5,4.814814814814815,27,2,13.5,7.277777777777778,54,4,10.025925925925925,11.011111111111111
A,Alpha-1 antitrypsine deficiëntie,https://www.erfelijkheid.nl/ziektes/alpha-1-antitrypsine-deficientie,alpha-1-antitrypsine-deficientie,alpha-1-antitrypsine-deficientie,https://www.erfocentrum.nl/,Aanleg en ontwikkeling,alpha 1 antitrypsine deficientie|alpha-1 antitrypsine deficientie|alpha-1 antitrypsine deficiëntie|alpha-1antitrypsinedeficientie,Bij Alpha-1 antitrypsine deficiëntie spelen genen een rol. Deze pagina helpt je om snel te vinden: is het erfelijk en wat is een logische volgende stap.,Alpha-1 antitrypsine deficiëntie wordt in de literatuur beschreven als een genetische aandoening met heterogene etiologie. Fenotype-expressie en penetrantie kunnen variëren; risico-inschatting hangt af van familieanamnese en genetische bevindingen. Differentiaaldiagnostiek en indicatiestelling voor DNA-diagnostiek verlopen doorgaans via zorgprofessionals. Bespreek vragen met de huisarts; zo nodig volgt verwijzing naar een klinisch geneticus.,Bespreek je vraag met je huisarts. Vraag zo nodig om een verwijzing naar de klinische genetica.,Deze informatie is algemeen en is geen diagnose of persoonlijk medisch advies. Bespreek klachten of zorgen altijd met een arts.,penetrantie|fenotype|etiologie|differentiaaldiagnostiek|indicatiestelling,13.5,4.555555555555555,27,2,13.5,7.148148148148148,54,4,9.922222222222222,10.959259259259259
A,Alfa-mannosidose,https://www.erfelijkheid.nl/ziektes/alfa-mannosidose,alfa-mannosidose,alfa-mannosidose,https://www.erfocentrum.nl/,Aanleg en ontwikkeling,alfa mannosidose|alfa-mannosidose,Alfa-mannosidose is een zeldzame erfelijke aandoening. Hier lees je in eenvoudige woorden de belangrijkste punten en waar je terechtkunt voor hulp.,Alfa-mannosidose wordt in de literatuur beschreven als een genetische aandoening met heterogene etiologie. Fenotype-expressie en penetrantie kunnen variëren; risico-inschatting hangt af van familieanamnese en genetische bevindingen. Differentiaaldiagnostiek en indicatiestelling voor DNA-diagnostiek verlopen doorgaans via zorgprofessionals. Bespreek vragen met de huisarts; zo nodig volgt verwijzing naar een klinisch geneticus.,Maak een afspraak bij de huisarts om je familiegeschiedenis te bespreken. Een klinisch geneticus kan uitleg geven over erfelijkheid.,Deze informatie is algemeen en is geen diagnose of persoonlijk medisch advies. Bespreek klachten of zorgen altijd met een arts.,penetrantie|fenotype|etiologie|differentiaaldiagnostiek|indicatiestelling,11.0,5.636363636363637,22,2,13.0,7.153846153846154,52,4,8.854545454545455,10.661538461538463
A,Alfa thalassemie,https://www.erfelijkheid.nl/ziektes/alfa-thalassemie,alfa-thalassemie,alfa-thalassemie,https://www.erfocentrum.nl/,Aanleg en ontwikkeling,alfa thalassemie|alfathalassemie,"Alfa thalassemie is een erfelijke aandoening. Op deze pagina vind je wat het is, of het in families voorkomt en wat je kunt doen als je vragen hebt.",Alfa thalassemie wordt in de literatuur beschreven als een genetische aandoening met heterogene etiologie. Fenotype-expressie en penetrantie kunnen variëren; risico-inschatting hangt af van familieanamnese en genetische bevindingen. Differentiaaldiagnostiek en indicatiestelling voor DNA-diagnostiek verlopen doorgaans via zorgprofessionals. Bespreek vragen met de huisarts; zo nodig volgt verwijzing naar een klinisch geneticus.,Bespreek je vraag met je huisarts. Vraag zo nodig om een verwijzing naar de klinische genetica.,Deze informatie is algemeen en is geen diagnose of persoonlijk medisch advies. Bespreek klachten of zorgen altijd met een arts.,penetrantie|fenotype|etiologie|differentiaaldiagnostiek|indicatiestelling,14.0,4.214285714285714,28,2,13.0,7.153846153846154,52,4,10.085714285714285,10.661538461538463
A,Allan-Herndon-Dudley syndroom,https://www.erfelijkheid.nl/content/allan-herndon-dudley-syndroom,allan-herndon-dudley-syndroom,allan-herndon-dudley-syndroom,https://www.erfocentrum.nl/,Aanleg en ontwikkeling,allan herndon dudley syndroom|allan-herndon-dudley syn|allan-herndon-dudley syndroom|allan-herndon-dudleysyndroom,Allan-Herndon-Dudley syndroom is een zeldzame erfelijke aandoening. Hier lees je in eenvoudige woorden de belangrijkste punten en waar je terechtkunt voor hulp.,Allan-Herndon-Dudley syndroom wordt in de literatuur beschreven als een genetische aandoening met heterogene etiologie. Fenotype-expressie en penetrantie kunnen variëren; risico-inschatting hangt af van familieanamnese en genetische bevindingen. Differentiaaldiagnostiek en indicatiestelling voor DNA-diagnostiek verlopen doorgaans via zorgprofessionals. Bespreek vragen met de huisarts; zo nodig volgt verwijzing naar een klinisch geneticus.,Bespreek je vraag met je huisarts. Vraag zo nodig om een verwijzing naar de klinische genetica.,Deze informatie is algemeen en is geen diagnose of persoonlijk medisch advies. Bespreek klachten of zorgen altijd met een arts.,penetrantie|fenotype|etiologie|differentiaaldiagnostiek|indicatiestelling,12.0,5.625,24,2,13.5,7.092592592592593,54,4,9.45,10.937037037037037
A,Alopecia areata,https://www.erfelijkheid.nl/ziektes/alopecia-areata,alopecia-areata,alopecia-areata,https://www.erfocentrum.nl/,Aanleg en ontwikkeling,alopecia areata|alopeciaareata,Bij Alopecia areata spelen genen een rol. Deze pagina helpt je om snel te vinden: is het erfelijk en wat is een logische volgende stap.,"Alopecia areata betreft een genetisch bepaalde aandoening waarbij varianten in een of meerdere genen kunnen leiden tot klinische verschijnselen. De overerving kan autosomaal dominant, autosomaal recessief of X-gebonden zijn, afhankelijk van het onderliggende mechanisme. Diagnostiek kan bestaan uit moleculair-genetisch onderzoek en/of chromosoomanalyse. Voor counseling en interpretatie van uitslagen kan verwijzing naar de klinische genetica passend zijn.",Bespreek je vraag met je huisarts. Vraag zo nodig om een verwijzing naar de klinische genetica.,Deze informatie is algemeen en is geen diagnose of persoonlijk medisch advies. Bespreek klachten of zorgen altijd met een arts.,autosomaal|recessief|dominant|x-gebonden|moleculair|chromosoomanalyse|counseling,12.5,4.32,25,2,14.75,6.661016949152542,59,4,9.228,11.514406779661016
A,ALS (Amyotrofische Lateraal Sclerose),https://www.erfelijkheid.nl/ziektes/als-amyotrofische-lateraal-sclerose,als-amyotrofische-lateraal-sclerose,als-amyotrofische-lateraal-sclerose,https://www.erfocentrum.nl/,Aanleg en ontwikkeling,als amyotrofische lateraal sclerose|alsamyotrofischelateraalsclerose,ALS (Amyotrofische Lateraal Sclerose) is een zeldzame erfelijke aandoening. Hier lees je in eenvoudige woorden de belangrijkste punten en waar je terechtkunt voor hulp.,"ALS (Amyotrofische Lateraal Sclerose) betreft een genetisch bepaalde aandoening waarbij varianten in een of meerdere genen kunnen leiden tot klinische verschijnselen. De overerving kan autosomaal dominant, autosomaal recessief of X-gebonden zijn, afhankelijk van het onderliggende mechanisme. Diagnostiek kan bestaan uit moleculair-genetisch onderzoek en/of chromosoomanalyse. Voor counseling en interpretatie van uitslagen kan verwijzing naar de klinische genetica passend zijn.",Bespreek je vraag met je huisarts. Vraag zo nodig om een verwijzing naar de klinische genetica.,Deze informatie is algemeen en is geen diagnose of persoonlijk medisch advies. Bespreek klachten of zorgen altijd met een arts.,autosomaal|recessief|dominant|x-gebonden|moleculair|chromosoomanalyse|counseling,12.0,5.875,24,2,15.25,6.737704918032787,61,4,9.549999999999999,11.845081967213115
A,Alström syndroom,https://www.erfelijkheid.nl/ziektes/alstr%C3%B6m-syndroom,alstr%C3%B6m-syndroom,alstr%C3%B6m-syndroom,https://www.erfocentrum.nl/,Aanleg en ontwikkeling,alstr%C3%B6m syndroom|alstrom syn|alstrom syndroom|alstromsyndroom,"Alström syndroom is een erfelijke aandoening. Op deze pagina vind je wat het is, of het in families voorkomt en wat je kunt doen als je vragen hebt.",Alström syndroom wordt in de literatuur beschreven als een genetische aandoening met heterogene etiologie. Fenotype-expressie en penetrantie kunnen variëren; risico-inschatting hangt af van familieanamnese en genetische bevindingen. Differentiaaldiagnostiek en indicatiestelling voor DNA-diagnostiek verlopen doorgaans via zorgprofessionals. Bespreek vragen met de huisarts; zo nodig volgt verwijzing naar een klinisch geneticus.,Bespreek je vraag met je huisarts. Vraag zo nodig om een verwijzing naar de klinische genetica.,Deze informatie is algemeen en is geen diagnose of persoonlijk medisch advies. Bespreek klachten of zorgen altijd met een arts.,penetrantie|fenotype|etiologie|differentiaaldiagnostiek|indicatiestelling,14.0,4.214285714285714,28,2,13.0,7.153846153846154,52,4,10.085714285714285,10.661538461538463
A,Alvleesklierkanker,https://www.erfelijkheid.nl/ziektes/erfelijke-alvleesklierkanker,erfelijke-alvleesklierkanker,erfelijke-alvleesklierkanker,https://www.erfocentrum.nl/,Erfelijkheid van kanker,alvleesklierkanker|erfelijke alvleesklierkanker,"Alvleesklierkanker is een erfelijke aandoening. Op deze pagina vind je wat het is, of het in families voorkomt en wat je kunt doen als je vragen hebt.",Alvleesklierkanker wordt in de literatuur beschreven als een genetische aandoening met heterogene etiologie. Fenotype-expressie en penetrantie kunnen variëren; risico-inschatting hangt af van familieanamnese en genetische bevindingen. Differentiaaldiagnostiek en indicatiestelling voor DNA-diagnostiek verlopen doorgaans via zorgprofessionals. Bespreek vragen met de huisarts; zo nodig volgt verwijzing naar een klinisch geneticus.,Maak een afspraak bij de huisarts om je familiegeschiedenis te bespreken. Een klinisch geneticus kan uitleg geven over erfelijkheid.,Deze informatie is algemeen en is geen diagnose of persoonlijk medisch advies. Bespreek klachten of zorgen altijd met een arts.,penetrantie|fenotype|etiologie|differentiaaldiagnostiek|indicatiestelling,13.5,4.481481481481482,27,2,12.75,7.352941176470588,51,4,9.892592592592592,10.591176470588234
A,Alternerende hemiplegie op de kinderleeftijd (AHC),https://www.erfelijkheid.nl/ziektes/alternating-hemiplegia-childhood,alternating-hemiplegia-childhood,alternating-hemiplegia-childhood,https://www.erfocentrum.nl/,Aanleg en ontwikkeling,alternating hemiplegia childhood|alternerende hemiplegie op de kinderleeftijd ahc|alternerendehemiplegieopdekinderleeftijdahc,Bij Alternerende hemiplegie op de kinderleeftijd (AHC) spelen genen een rol. Deze pagina helpt je om snel te vinden: is het erfelijk en wat is een logische volgende stap.,"Alternerende hemiplegie op de kinderleeftijd (AHC) betreft een genetisch bepaalde aandoening waarbij varianten in een of meerdere genen kunnen leiden tot klinische verschijnselen. De overerving kan autosomaal dominant, autosomaal recessief of X-gebonden zijn, afhankelijk van het onderliggende mechanisme. Diagnostiek kan bestaan uit moleculair-genetisch onderzoek en/of chromosoomanalyse. Voor counseling en interpretatie van uitslagen kan verwijzing naar de klinische genetica passend zijn.",Maak een afspraak bij de huisarts om je familiegeschiedenis te bespreken. Een klinisch geneticus kan uitleg geven over erfelijkheid.,Deze informatie is algemeen en is geen diagnose of persoonlijk medisch advies. Bespreek klachten of zorgen altijd met een arts.,autosomaal|recessief|dominant|x-gebonden|moleculair|chromosoomanalyse|counseling,14.5,4.724137931034483,29,2,15.75,6.698412698412699,63,4,10.589655172413792,12.12936507936508
A,Amaurosis congenita van Leber (LCA),https://www.erfelijkheid.nl/ziektes/amaurosis-congenita-van-leber,amaurosis-congenita-van-leber,amaurosis-congenita-van-leber,https://www.erfocentrum.nl/,Aanleg en ontwikkeling,amaurosis congenita van leber|amaurosis congenita van leber lca|amaurosiscongenitavanleberlca,Amaurosis congenita van Leber (LCA) is een zeldzame erfelijke aandoening. Hier lees je in eenvoudige woorden de belangrijkste punten en waar je terechtkunt voor hulp.,Amaurosis congenita van Leber (LCA) wordt in de literatuur beschreven als een genetische aandoening met heterogene etiologie. Fenotype-expressie en penetrantie kunnen variëren; risico-inschatting hangt af van familieanamnese en genetische bevindingen. Differentiaaldiagnostiek en indicatiestelling voor DNA-diagnostiek verlopen doorgaans via zorgprofessionals. Bespreek vragen met de huisarts; zo nodig volgt verwijzing naar een klinisch geneticus.,Maak een afspraak bij de huisarts om je familiegeschiedenis te bespreken. Een klinisch geneticus kan uitleg geven over erfelijkheid.,Deze informatie is algemeen en is geen diagnose of persoonlijk medisch advies. Bespreek klachten of zorgen altijd met een arts.,penetrantie|fenotype|etiologie|differentiaaldiagnostiek|indicatiestelling,12.5,5.52,25,2,13.75,7.0181818181818185,55,4,9.708,11.057272727272728
A,Amnionstreng syndroom,https://www.erfelijkheid.nl/ziektes/amnionstreng-syndroom,amnionstreng-syndroom,amnionstreng-syndroom,https://www.erfocentrum.nl/,Aanleg en ontwikkeling,amnionstreng syn|amnionstreng syndroom|amnionstrengsyndroom,Amnionstreng syndroom is een zeldzame erfelijke aandoening. Hier lees je in eenvoudige woorden de belangrijkste punten en waar je terechtkunt voor hulp.,Amnionstreng syndroom wordt in de literatuur beschreven als een genetische aandoening met heterogene etiologie. Fenotype-expressie en penetrantie kunnen variëren; risico-inschatting hangt af van familieanamnese en genetische bevindingen. Differentiaaldiagnostiek en indicatiestelling voor DNA-diagnostiek verlopen doorgaans via zorgprofessionals. Bespreek vragen met de huisarts; zo nodig volgt verwijzing naar een klinisch geneticus.,Maak een afspraak bij de huisarts om je familiegeschiedenis te bespreken. Een klinisch geneticus kan uitleg geven over erfelijkheid.,Deze informatie is algemeen en is geen diagnose of persoonlijk medisch advies. Bespreek klachten of zorgen altijd met een arts.,penetrantie|fenotype|etiologie|differentiaaldiagnostiek|indicatiestelling,11.0,5.863636363636363,22,2,13.0,7.25,52,4,8.945454545454545,10.7
A,Andermann syndroom,https://www.erfelijkheid.nl/ziektes/andermann-syndroom,andermann-syndroom,andermann-syndroom,https://www.erfocentrum.nl/,Aanleg en ontwikkeling,andermann syn|andermann syndroom|andermannsyndroom,Andermann syndroom is een zeldzame erfelijke aandoening. Hier lees je in eenvoudige woorden de belangrijkste punten en waar je terechtkunt voor hulp.,"Andermann syndroom betreft een genetisch bepaalde aandoening waarbij varianten in een of meerdere genen kunnen leiden tot klinische verschijnselen. De overerving kan autosomaal dominant, autosomaal recessief of X-gebonden zijn, afhankelijk van het onderliggende mechanisme. Diagnostiek kan bestaan uit moleculair-genetisch onderzoek en/of chromosoomanalyse. Voor counseling en interpretatie van uitslagen kan verwijzing naar de klinische genetica passend zijn.",Bespreek je vraag met je huisarts. Vraag zo nodig om een verwijzing naar de klinische genetica.,Deze informatie is algemeen en is geen diagnose of persoonlijk medisch advies. Bespreek klachten of zorgen altijd met een arts.,autosomaal|recessief|dominant|x-gebonden|moleculair|chromosoomanalyse|counseling,11.0,5.7272727272727275,22,2,14.75,6.711864406779661,59,4,8.89090909090909,11.534745762711864
A,Androgeen ongevoeligheids syndroom,https://www.erfelijkheid.nl/ziektes/androgeen-ongevoeligheids-syndroom,androgeen-ongevoeligheids-syndroom,androgeen-ongevoeligheids-syndroom,https://www.erfocentrum.nl/,Aanleg en ontwikkeling,androgeen ongevoeligheids syn|androgeen ongevoeligheids syndroom|androgeenongevoeligheidssyndroom,"Androgeen ongevoeligheids syndroom is een erfelijke aandoening. Op deze pagina vind je wat het is, of het in families voorkomt en wat je kunt doen als je vragen hebt.",Androgeen ongevoeligheids syndroom wordt in de literatuur beschreven als een genetische aandoening met heterogene etiologie. Fenotype-expressie en penetrantie kunnen variëren; risico-inschatting hangt af van familieanamnese en genetische bevindingen. Differentiaaldiagnostiek en indicatiestelling voor DNA-diagnostiek verlopen doorgaans via zorgprofessionals. Bespreek vragen met de huisarts; zo nodig volgt verwijzing naar een klinisch geneticus.,Maak een afspraak bij de huisarts om je familiegeschiedenis te bespreken. Een klinisch geneticus kan uitleg geven over erfelijkheid.,Deze informatie is algemeen en is geen diagnose of persoonlijk medisch advies. Bespreek klachten of zorgen altijd met een arts.,penetrantie|fenotype|etiologie|differentiaaldiagnostiek|indicatiestelling,14.5,4.655172413793103,29,2,13.25,7.339622641509434,53,4,10.562068965517241,10.885849056603773
A,Angelman syndroom,https://www.erfelijkheid.nl/ziektes/angelman-syndroom,angelman-syndroom,angelman-syndroom,https://www.erfocentrum.nl/,Aanleg en ontwikkeling,angelman syn|angelman syndroom|angelmansyndroom,"Angelman syndroom is een erfelijke aandoening. Op deze pagina vind je wat het is, of het in families voorkomt en wat je kunt doen als je vragen hebt.",Angelman syndroom wordt in de literatuur beschreven als een genetische aandoening met heterogene etiologie. Fenotype-expressie en penetrantie kunnen variëren; risico-inschatting hangt af van familieanamnese en genetische bevindingen. Differentiaaldiagnostiek en indicatiestelling voor DNA-diagnostiek verlopen doorgaans via zorgprofessionals. Bespreek vragen met de huisarts; zo nodig volgt verwijzing naar een klinisch geneticus.,Maak een afspraak bij de huisarts om je familiegeschiedenis te bespreken. Een klinisch geneticus kan uitleg geven over erfelijkheid.,Deze informatie is algemeen en is geen diagnose of persoonlijk medisch advies. Bespreek klachten of zorgen altijd met een arts.,penetrantie|fenotype|etiologie|differentiaaldiagnostiek|indicatiestelling,14.0,4.25,28,2,13.0,7.173076923076923,52,4,10.100000000000001,10.669230769230769
A,Anorectale malformatie,https://www.erfelijkheid.nl/ziektes/anusatresie,anusatresie,anusatresie,https://www.erfocentrum.nl/,Aanleg en ontwikkeling,anorectale malformatie|anorectalemalformatie|anusatresie,Anorectale malformatie is een zeldzame erfelijke aandoening. Hier lees je in eenvoudige woorden de belangrijkste punten en waar je terechtkunt voor hulp.,Anorectale malformatie wordt in de literatuur beschreven als een genetische aandoening met heterogene etiologie. Fenotype-expressie en penetrantie kunnen variëren; risico-inschatting hangt af van familieanamnese en genetische bevindingen. Differentiaaldiagnostiek en indicatiestelling voor DNA-diagnostiek verlopen doorgaans via zorgprofessionals. Bespreek vragen met de huisarts; zo nodig volgt verwijzing naar een klinisch geneticus.,Maak een afspraak bij de huisarts om je familiegeschiedenis te bespreken. Een klinisch geneticus kan uitleg geven over erfelijkheid.,Deze informatie is algemeen en is geen diagnose of persoonlijk medisch advies. Bespreek klachten of zorgen altijd met een arts.,penetrantie|fenotype|etiologie|differentiaaldiagnostiek|indicatiestelling,11.0,5.909090909090909,22,2,13.0,7.269230769230769,52,4,8.963636363636363,10.707692307692309
A,Anorexia Nervosa,https://www.erfelijkheid.nl/ziektes/anorexia-nervosa,anorexia-nervosa,anorexia-nervosa,https://www.erfocentrum.nl/,Aanleg en ontwikkeling,anorexia nervosa|anorexianervosa,"Anorexia Nervosa is een erfelijke aandoening. Op deze pagina vind je wat het is, of het in families voorkomt en wat je kunt doen als je vragen hebt.",Anorexia Nervosa wordt in de literatuur beschreven als een genetische aandoening met heterogene etiologie. Fenotype-expressie en penetrantie kunnen variëren; risico-inschatting hangt af van familieanamnese en genetische bevindingen. Differentiaaldiagnostiek en indicatiestelling voor DNA-diagnostiek verlopen doorgaans via zorgprofessionals. Bespreek vragen met de huisarts; zo nodig volgt verwijzing naar een klinisch geneticus.,Bespreek je vraag met je huisarts. Vraag zo nodig om een verwijzing naar de klinische genetica.,Deze informatie is algemeen en is geen diagnose of persoonlijk medisch advies. Bespreek klachten of zorgen altijd met een arts.,penetrantie|fenotype|etiologie|differentiaaldiagnostiek|indicatiestelling,14.0,4.214285714285714,28,2,13.0,7.153846153846154,52,4,10.085714285714285,10.661538461538463
A,Antisynthetase syndroom,https://www.erfelijkheid.nl/ziektes/antisynthetase-syndroom,antisynthetase-syndroom,antisynthetase-syndroom,https://www.erfocentrum.nl/,Aanleg en ontwikkeling,antisynthetase syn|antisynthetase syndroom|antisynthetasesyndroom,"Antisynthetase syndroom is een erfelijke aandoening. Op deze pagina vind je wat het is, of het in families voorkomt en wat je kunt doen als je vragen hebt.","Antisynthetase syndroom betreft een genetisch bepaalde aandoening waarbij varianten in een of meerdere genen kunnen leiden tot klinische verschijnselen. De overerving kan autosomaal dominant, autosomaal recessief of X-gebonden zijn, afhankelijk van het onderliggende mechanisme. Diagnostiek kan bestaan uit moleculair-genetisch onderzoek en/of chromosoomanalyse. Voor counseling en interpretatie van uitslagen kan verwijzing naar de klinische genetica passend zijn.",Bespreek je vraag met je huisarts. Vraag zo nodig om een verwijzing naar de klinische genetica.,Deze informatie is algemeen en is geen diagnose of persoonlijk medisch advies. Bespreek klachten of zorgen altijd met een arts.,autosomaal|recessief|dominant|x-gebonden|moleculair|chromosoomanalyse|counseling,14.0,4.464285714285714,28,2,14.75,6.796610169491525,59,4,10.185714285714287,11.56864406779661
A,Apert syndroom,https://www.erfelijkheid.nl/ziektes/apert-syndroom,apert-syndroom,apert-syndroom,https://www.erfocentrum.nl/,Aanleg en ontwikkeling,apert syn|apert syndroom|apertsyndroom,Apert syndroom is een zeldzame erfelijke aandoening. Hier lees je in eenvoudige woorden de belangrijkste punten en waar je terechtkunt voor hulp.,Apert syndroom wordt in de literatuur beschreven als een genetische aandoening met heterogene etiologie. Fenotype-expressie en penetrantie kunnen variëren; risico-inschatting hangt af van familieanamnese en genetische bevindingen. Differentiaaldiagnostiek en indicatiestelling voor DNA-diagnostiek verlopen doorgaans via zorgprofessionals. Bespreek vragen met de huisarts; zo nodig volgt verwijzing naar een klinisch geneticus.,Bespreek je vraag met je huisarts. Vraag zo nodig om een verwijzing naar de klinische genetica.,Deze informatie is algemeen en is geen diagnose of persoonlijk medisch advies. Bespreek klachten of zorgen altijd met een arts.,penetrantie|fenotype|etiologie|differentiaaldiagnostiek|indicatiestelling,11.0,5.545454545454546,22,2,13.0,7.115384615384615,52,4,8.818181818181818,10.646153846153846
A,Aritmogene cardiomyopathie,https://www.erfelijkheid.nl/ziektes/aritmogene-cardiomyopathie,aritmogene-cardiomyopathie,aritmogene-cardiomyopathie,https://www.erfocentrum.nl/,Erfelijkheid hartziekten,aritmogene cardiomyopathie|aritmogenecardiomyopathie,"Aritmogene cardiomyopathie is een erfelijke aandoening. Op deze pagina vind je wat het is, of het in families voorkomt en wat je kunt doen als je vragen hebt.","Aritmogene cardiomyopathie betreft een genetisch bepaalde aandoening waarbij varianten in een of meerdere genen kunnen leiden tot klinische verschijnselen. De overerving kan autosomaal dominant, autosomaal recessief of X-gebonden zijn, afhankelijk van het onderliggende mechanisme. Diagnostiek kan bestaan uit moleculair-genetisch onderzoek en/of chromosoomanalyse. Voor counseling en interpretatie van uitslagen kan verwijzing naar de klinische genetica passend zijn.",Bespreek je vraag met je huisarts. Vraag zo nodig om een verwijzing naar de klinische genetica.,Deze informatie is algemeen en is geen diagnose of persoonlijk medisch advies. Bespreek klachten of zorgen altijd met een arts.,autosomaal|recessief|dominant|x-gebonden|moleculair|chromosoomanalyse|counseling,14.0,4.571428571428571,28,2,14.75,6.8474576271186445,59,4,10.22857142857143,11.588983050847457
A,Arthrogryposis multiplex congenita (AMC),https://www.erfelijkheid.nl/ziektes/arthrogryposis-multiplex-congenita-amc,arthrogryposis-multiplex-congenita-amc,arthrogryposis-multiplex-congenita-amc,https://www.erfocentrum.nl/,Aanleg en ontwikkeling,arthrogryposis multiplex congenita amc|arthrogryposismultiplexcongenitaamc,Arthrogryposis multiplex congenita (AMC) is een zeldzame erfelijke aandoening. Hier lees je in eenvoudige woorden de belangrijkste punten en waar je terechtkunt voor hulp.,Arthrogryposis multiplex congenita (AMC) wordt in de literatuur beschreven als een genetische aandoening met heterogene etiologie. Fenotype-expressie en penetrantie kunnen variëren; risico-inschatting hangt af van familieanamnese en genetische bevindingen. Differentiaaldiagnostiek en indicatiestelling voor DNA-diagnostiek verlopen doorgaans via zorgprofessionals. Bespreek vragen met de huisarts; zo nodig volgt verwijzing naar een klinisch geneticus.,Bespreek je vraag met je huisarts. Vraag zo nodig om een verwijzing naar de klinische genetica.,Deze informatie is algemeen en is geen diagnose of persoonlijk medisch advies. Bespreek klachten of zorgen altijd met een arts.,penetrantie|fenotype|etiologie|differentiaaldiagnostiek|indicatiestelling,12.0,6.0,24,2,13.5,7.2592592592592595,54,4,9.6,11.003703703703703
A,Aspartylglucosaminurie,https://www.erfelijkheid.nl/ziektes/aspartylglucosaminurie,aspartylglucosaminurie,aspartylglucosaminurie,https://www.erfocentrum.nl/,Aanleg en ontwikkeling,aspartylglucosaminurie,Aspartylglucosaminurie is een zeldzame erfelijke aandoening. Hier lees je in eenvoudige woorden de belangrijkste punten en waar je terechtkunt voor hulp.,Aspartylglucosaminurie wordt in de literatuur beschreven als een genetische aandoening met heterogene etiologie. Fenotype-expressie en penetrantie kunnen variëren; risico-inschatting hangt af van familieanamnese en genetische bevindingen. Differentiaaldiagnostiek en indicatiestelling voor DNA-diagnostiek verlopen doorgaans via zorgprofessionals. Bespreek vragen met de huisarts; zo nodig volgt verwijzing naar een klinisch geneticus.,Bespreek je vraag met je huisarts. Vraag zo nodig om een verwijzing naar de klinische genetica.,Deze informatie is algemeen en is geen diagnose of persoonlijk medisch advies. Bespreek klachten of zorgen altijd met een arts.,penetrantie|fenotype|etiologie|differentiaaldiagnostiek|indicatiestelling,10.5,6.238095238095238,21,2,12.75,7.431372549019608,51,4,8.795238095238094,10.622549019607842
A,Astma,https://www.erfelijkheid.nl/ziektes/astma,astma,astma,https://www.erfocentrum.nl/,Aanleg en ontwikkeling,astma,Bij Astma spelen genen een rol. Deze pagina helpt je om snel te vinden: is het erfelijk en wat is een logische volgende stap.,Astma wordt in de literatuur beschreven als een genetische aandoening met heterogene etiologie. Fenotype-expressie en penetrantie kunnen variëren; risico-inschatting hangt af van familieanamnese en genetische bevindingen. Differentiaaldiagnostiek en indicatiestelling voor DNA-diagnostiek verlopen doorgaans via zorgprofessionals. Bespreek vragen met de huisarts; zo nodig volgt verwijzing naar een klinisch geneticus.,Maak een afspraak bij de huisarts om je familiegeschiedenis te bespreken. Een klinisch geneticus kan uitleg geven over erfelijkheid.,Deze informatie is algemeen en is geen diagnose of persoonlijk medisch advies. Bespreek klachten of zorgen altijd met een arts.,penetrantie|fenotype|etiologie|differentiaaldiagnostiek|indicatiestelling,12.0,4.125,24,2,12.75,7.098039215686274,51,4,8.85,10.489215686274509
A,Ataxie neuropathie spectrum,https://www.erfelijkheid.nl/ziektes/ataxie-neuropathie-spectrum,ataxie-neuropathie-spectrum,ataxie-neuropathie-spectrum,https://www.erfocentrum.nl/,Erfelijkheid van neurologische ziekten,ataxie neuropathie spectrum|ataxieneuropathiespectrum,Ataxie neuropathie spectrum is een zeldzame erfelijke aandoening. Hier lees je in eenvoudige woorden de belangrijkste punten en waar je terechtkunt voor hulp.,"Ataxie neuropathie spectrum betreft een genetisch bepaalde aandoening waarbij varianten in een of meerdere genen kunnen leiden tot klinische verschijnselen. De overerving kan autosomaal dominant, autosomaal recessief of X-gebonden zijn, afhankelijk van het onderliggende mechanisme. Diagnostiek kan bestaan uit moleculair-genetisch onderzoek en/of chromosoomanalyse. Voor counseling en interpretatie van uitslagen kan verwijzing naar de klinische genetica passend zijn.",Maak een afspraak bij de huisarts om je familiegeschiedenis te bespreken. Een klinisch geneticus kan uitleg geven over erfelijkheid.,Deze informatie is algemeen en is geen diagnose of persoonlijk medisch advies. Bespreek klachten of zorgen altijd met een arts.,autosomaal|recessief|dominant|x-gebonden|moleculair|chromosoomanalyse|counseling,11.5,5.826086956521739,23,2,15.0,6.733333333333333,60,4,9.230434782608695,11.693333333333333
A,Ataxia telangiectasia (AT),https://www.erfelijkheid.nl/ziektes/ataxia-telangiectasia,ataxia-telangiectasia,ataxia-telangiectasia,https://www.erfocentrum.nl/,Erfelijkheid van neurologische ziekten,ataxia telangiectasia|ataxia telangiectasia at|ataxiatelangiectasiaat,"Ataxia telangiectasia (AT) is een erfelijke aandoening. Op deze pagina vind je wat het is, of het in families voorkomt en wat je kunt doen als je vragen hebt.",Ataxia telangiectasia (AT) wordt in de literatuur beschreven als een genetische aandoening met heterogene etiologie. Fenotype-expressie en penetrantie kunnen variëren; risico-inschatting hangt af van familieanamnese en genetische bevindingen. Differentiaaldiagnostiek en indicatiestelling voor DNA-diagnostiek verlopen doorgaans via zorgprofessionals. Bespreek vragen met de huisarts; zo nodig volgt verwijzing naar een klinisch geneticus.,Maak een afspraak bij de huisarts om je familiegeschiedenis te bespreken. Een klinisch geneticus kan uitleg geven over erfelijkheid.,Deze informatie is algemeen en is geen diagnose of persoonlijk medisch advies. Bespreek klachten of zorgen altijd met een arts.,penetrantie|fenotype|etiologie|differentiaaldiagnostiek|indicatiestelling,14.5,4.310344827586207,29,2,13.25,7.150943396226415,53,4,10.424137931034483,10.810377358490566
A,Ataxie met vitamine E deficiëntie,https://www.erfelijkheid.nl/ziektes/ataxie-met-vitamine-e-defici%C3%ABntie,ataxie-met-vitamine-e-defici%C3%ABntie,ataxie-met-vitamine-e-defici%C3%ABntie,https://www.erfocentrum.nl/,Erfelijkheid van neurologische ziekten,ataxie met vitamine e defici%C3%ABntie|ataxie met vitamine e deficientie|ataxie met vitamine e deficiëntie|ataxiemetvitamineedeficientie,Bij Ataxie met vitamine E deficiëntie spelen genen een rol. Deze pagina helpt je om snel te vinden: is het erfelijk en wat is een logische volgende stap.,Ataxie met vitamine E deficiëntie wordt in de literatuur beschreven als een genetische aandoening met heterogene etiologie. Fenotype-expressie en penetrantie kunnen variëren; risico-inschatting hangt af van familieanamnese en genetische bevindingen. Differentiaaldiagnostiek en indicatiestelling voor DNA-diagnostiek verlopen doorgaans via zorgprofessionals. Bespreek vragen met de huisarts; zo nodig volgt verwijzing naar een klinisch geneticus.,Maak een afspraak bij de huisarts om je familiegeschiedenis te bespreken. Een klinisch geneticus kan uitleg geven over erfelijkheid.,Deze informatie is algemeen en is geen diagnose of persoonlijk medisch advies. Bespreek klachten of zorgen altijd met een arts.,penetrantie|fenotype|etiologie|differentiaaldiagnostiek|indicatiestelling,14.0,4.392857142857143,28,2,13.75,7.0181818181818185,55,4,10.157142857142858,11.057272727272728
A,Atransferrinemie,https://www.erfelijkheid.nl/ziektes/atransferrinemie,atransferrinemie,atransferrinemie,https://www.erfocentrum.nl/,Aanleg en ontwikkeling,atransferrinemie,Atransferrinemie is een zeldzame erfelijke aandoening. Hier lees je in eenvoudige woorden de belangrijkste punten en waar je terechtkunt voor hulp.,Atransferrinemie wordt in de literatuur beschreven als een genetische aandoening met heterogene etiologie. Fenotype-expressie en penetrantie kunnen variëren; risico-inschatting hangt af van familieanamnese en genetische bevindingen. Differentiaaldiagnostiek en indicatiestelling voor DNA-diagnostiek verlopen doorgaans via zorgprofessionals. Bespreek vragen met de huisarts; zo nodig volgt verwijzing naar een klinisch geneticus.,Maak een afspraak bij de huisarts om je familiegeschiedenis te bespreken. Een klinisch geneticus kan uitleg geven over erfelijkheid.,Deze informatie is algemeen en is geen diagnose of persoonlijk medisch advies. Bespreek klachten of zorgen altijd met een arts.,penetrantie|fenotype|etiologie|differentiaaldiagnostiek|indicatiestelling,10.5,5.9523809523809526,21,2,12.75,7.313725490196078,51,4,8.68095238095238,10.57549019607843
A,ATR-x syndroom,https://www.erfelijkheid.nl/ziektes/atr-x-syndroom,atr-x-syndroom,atr-x-syndroom,https://www.erfocentrum.nl/,Aanleg en ontwikkeling,atr x syndroom|atr-x syn|atr-x syndroom|atr-xsyndroom,Bij ATR-x syndroom spelen genen een rol. Deze pagina helpt je om snel te vinden: is het erfelijk en wat is een logische volgende stap.,"ATR-x syndroom betreft een genetisch bepaalde aandoening waarbij varianten in een of meerdere genen kunnen leiden tot klinische verschijnselen. De overerving kan autosomaal dominant, autosomaal recessief of X-gebonden zijn, afhankelijk van het onderliggende mechanisme. Diagnostiek kan bestaan uit moleculair-genetisch onderzoek en/of chromosoomanalyse. Voor counseling en interpretatie van uitslagen kan verwijzing naar de klinische genetica passend zijn.",Maak een afspraak bij de huisarts om je familiegeschiedenis te bespreken. Een klinisch geneticus kan uitleg geven over erfelijkheid.,Deze informatie is algemeen en is geen diagnose of persoonlijk medisch advies. Bespreek klachten of zorgen altijd met een arts.,autosomaal|recessief|dominant|x-gebonden|moleculair|chromosoomanalyse|counseling,13.0,4.076923076923077,26,2,15.0,6.516666666666667,60,4,9.430769230769231,11.606666666666667
A,Atypisch hemolytisch uremisch syndroom (aHUS),https://www.erfelijkheid.nl/ziektes/atypisch-hemolytisch-uremisch-syndroom-ahus,atypisch-hemolytisch-uremisch-syndroom-ahus,atypisch-hemolytisch-uremisch-syndroom-ahus,https://www.erfocentrum.nl/,Aanleg en ontwikkeling,atypisch hemolytisch uremisch syn ahus|atypisch hemolytisch uremisch syndroom ahus|atypischhemolytischuremischsyndroomahus,"Atypisch hemolytisch uremisch syndroom (aHUS) is een erfelijke aandoening. Op deze pagina vind je wat het is, of het in families voorkomt en wat je kunt doen als je vragen hebt.",Atypisch hemolytisch uremisch syndroom (aHUS) wordt in de literatuur beschreven als een genetische aandoening met heterogene etiologie. Fenotype-expressie en penetrantie kunnen variëren; risico-inschatting hangt af van familieanamnese en genetische bevindingen. Differentiaaldiagnostiek en indicatiestelling voor DNA-diagnostiek verlopen doorgaans via zorgprofessionals. Bespreek vragen met de huisarts; zo nodig volgt verwijzing naar een klinisch geneticus.,Maak een afspraak bij de huisarts om je familiegeschiedenis te bespreken. Een klinisch geneticus kan uitleg geven over erfelijkheid.,Deze informatie is algemeen en is geen diagnose of persoonlijk medisch advies. Bespreek klachten of zorgen altijd met een arts.,penetrantie|fenotype|etiologie|differentiaaldiagnostiek|indicatiestelling,15.5,4.580645161290323,31,2,13.75,7.2,55,4,11.132258064516128,11.13
A,Autisme spectrum stoornis (ASS),https://www.erfelijkheid.nl/ziektes/autisme-spectrum-stoornis,autisme-spectrum-stoornis,autisme-spectrum-stoornis,https://www.erfocentrum.nl/,Aanleg en ontwikkeling,autisme spectrum stoornis|autisme spectrum stoornis ass|autismespectrumstoornisass,Autisme spectrum stoornis (ASS) is een zeldzame erfelijke aandoening. Hier lees je in eenvoudige woorden de belangrijkste punten en waar je terechtkunt voor hulp.,"Autisme spectrum stoornis (ASS) betreft een genetisch bepaalde aandoening waarbij varianten in een of meerdere genen kunnen leiden tot klinische verschijnselen. De overerving kan autosomaal dominant, autosomaal recessief of X-gebonden zijn, afhankelijk van het onderliggende mechanisme. Diagnostiek kan bestaan uit moleculair-genetisch onderzoek en/of chromosoomanalyse. Voor counseling en interpretatie van uitslagen kan verwijzing naar de klinische genetica passend zijn.",Bespreek je vraag met je huisarts. Vraag zo nodig om een verwijzing naar de klinische genetica.,Deze informatie is algemeen en is geen diagnose of persoonlijk medisch advies. Bespreek klachten of zorgen altijd met een arts.,autosomaal|recessief|dominant|x-gebonden|moleculair|chromosoomanalyse|counseling,12.0,5.625,24,2,15.25,6.639344262295082,61,4,9.45,11.805737704918034
A,Auto-immuunziektes,https://www.erfelijkheid.nl/ziektes/auto-immuunziekten,auto-immuunziekten,auto-immuunziekten,https://www.erfocentrum.nl/,Aanleg en ontwikkeling,auto immuunziekten|auto immuunziektes|auto-immuunziektes,"Auto-immuunziektes is een erfelijke aandoening. Op deze pagina vind je wat het is, of het in families voorkomt en wat je kunt doen als je vragen hebt.","Auto-immuunziektes betreft een genetisch bepaalde aandoening waarbij varianten in een of meerdere genen kunnen leiden tot klinische verschijnselen. De overerving kan autosomaal dominant, autosomaal recessief of X-gebonden zijn, afhankelijk van het onderliggende mechanisme. Diagnostiek kan bestaan uit moleculair-genetisch onderzoek en/of chromosoomanalyse. Voor counseling en interpretatie van uitslagen kan verwijzing naar de klinische genetica passend zijn.",Bespreek je vraag met je huisarts. Vraag zo nodig om een verwijzing naar de klinische genetica.,Deze informatie is algemeen en is geen diagnose of persoonlijk medisch advies. Bespreek klachten of zorgen altijd met een arts.,autosomaal|recessief|dominant|x-gebonden|moleculair|chromosoomanalyse|counseling,14.0,4.285714285714286,28,2,14.75,6.711864406779661,59,4,10.114285714285714,11.534745762711864
A,Auto-immuun hepatitis,https://www.erfelijkheid.nl/ziektes/auto-immuun-hepatitis,auto-immuun-hepatitis,auto-immuun-hepatitis,https://www.erfocentrum.nl/,Aanleg en ontwikkeling,auto immuun hepatitis|auto-immuun hepatitis|auto-immuunhepatitis,Bij Auto-immuun hepatitis spelen genen een rol. Deze pagina helpt je om snel te vinden: is het erfelijk en wat is een logische volgende stap.,Auto-immuun hepatitis wordt in de literatuur beschreven als een genetische aandoening met heterogene etiologie. Fenotype-expressie en penetrantie kunnen variëren; risico-inschatting hangt af van familieanamnese en genetische bevindingen. Differentiaaldiagnostiek en indicatiestelling voor DNA-diagnostiek verlopen doorgaans via zorgprofessionals. Bespreek vragen met de huisarts; zo nodig volgt verwijzing naar een klinisch geneticus.,Maak een afspraak bij de huisarts om je familiegeschiedenis te bespreken. Een klinisch geneticus kan uitleg geven over erfelijkheid.,Deze informatie is algemeen en is geen diagnose of persoonlijk medisch advies. Bespreek klachten of zorgen altijd met een arts.,penetrantie|fenotype|etiologie|differentiaaldiagnostiek|indicatiestelling,13.0,4.346153846153846,26,2,13.25,7.09433962264151,53,4,9.538461538461538,10.787735849056602
A,Autosomaal dominante opticus atrofie,https://www.erfelijkheid.nl/ziektes/autosomaal-dominante-opticus-atrofie,autosomaal-dominante-opticus-atrofie,autosomaal-dominante-opticus-atrofie,https://www.erfocentrum.nl/,Aanleg en ontwikkeling,autosomaal dominante opticus atrofie|autosomaaldominanteopticusatrofie,Autosomaal dominante opticus atrofie is een zeldzame erfelijke aandoening. Hier lees je in eenvoudige woorden de belangrijkste punten en waar je terechtkunt voor hulp.,"Autosomaal dominante opticus atrofie betreft een genetisch bepaalde aandoening waarbij varianten in een of meerdere genen kunnen leiden tot klinische verschijnselen. De overerving kan autosomaal dominant, autosomaal recessief of X-gebonden zijn, afhankelijk van het onderliggende mechanisme. Diagnostiek kan bestaan uit moleculair-genetisch onderzoek en/of chromosoomanalyse. Voor counseling en interpretatie van uitslagen kan verwijzing naar de klinische genetica passend zijn.",Maak een afspraak bij de huisarts om je familiegeschiedenis te bespreken. Een klinisch geneticus kan uitleg geven over erfelijkheid.,Deze informatie is algemeen en is geen diagnose of persoonlijk medisch advies. Bespreek klachten of zorgen altijd met een arts.,autosomaal|recessief|dominant|x-gebonden|moleculair|chromosoomanalyse|counseling,12.0,5.916666666666667,24,2,15.25,6.754098360655738,61,4,9.566666666666666,11.851639344262296
A,Autosomaal dominante polycysteuze nierziekte (ADPKD),https://www.erfelijkheid.nl/ziektes/autosomaal-dominante-polycysteuze-nierziekte-adpkd,autosomaal-dominante-polycysteuze-nierziekte-adpkd,autosomaal-dominante-polycysteuze-nierziekte-adpkd,https://www.erfocentrum.nl/,Aanleg en ontwikkeling,autosomaal dominante polycysteuze nierziekte adpkd|autosomaaldominantepolycysteuzenierziekteadpkd,Bij Autosomaal dominante polycysteuze nierziekte (ADPKD) spelen genen een rol. Deze pagina helpt je om snel te vinden: is het erfelijk en wat is een logische volgende stap.,"Autosomaal dominante polycysteuze nierziekte (ADPKD) betreft een genetisch bepaalde aandoening waarbij varianten in een of meerdere genen kunnen leiden tot klinische verschijnselen. De overerving kan autosomaal dominant, autosomaal recessief of X-gebonden zijn, afhankelijk van het onderliggende mechanisme. Diagnostiek kan bestaan uit moleculair-genetisch onderzoek en/of chromosoomanalyse. Voor counseling en interpretatie van uitslagen kan verwijzing naar de klinische genetica passend zijn.",Bespreek je vraag met je huisarts. Vraag zo nodig om een verwijzing naar de klinische genetica.,Deze informatie is algemeen en is geen diagnose of persoonlijk medisch advies. Bespreek klachten of zorgen altijd met een arts.,autosomaal|recessief|dominant|x-gebonden|moleculair|chromosoomanalyse|counseling,14.0,5.0,28,2,15.5,6.854838709677419,62,4,10.4,12.041935483870967
A,Autosomaal recessieve osteopetrose,https://www.erfelijkheid.nl/ziektes/autosomaal-recessieve-osteopetrose,autosomaal-recessieve-osteopetrose,autosomaal-recessieve-osteopetrose,https://www.erfocentrum.nl/,Aanleg en ontwikkeling,autosomaal recessieve osteopetrose|autosomaalrecessieveosteopetrose,Bij Autosomaal recessieve osteopetrose spelen genen een rol. Deze pagina helpt je om snel te vinden: is het erfelijk en wat is een logische volgende stap.,Autosomaal recessieve osteopetrose wordt in de literatuur beschreven als een genetische aandoening met heterogene etiologie. Fenotype-expressie en penetrantie kunnen variëren; risico-inschatting hangt af van familieanamnese en genetische bevindingen. Differentiaaldiagnostiek en indicatiestelling voor DNA-diagnostiek verlopen doorgaans via zorgprofessionals. Bespreek vragen met de huisarts; zo nodig volgt verwijzing naar een klinisch geneticus.,Maak een afspraak bij de huisarts om je familiegeschiedenis te bespreken. Een klinisch geneticus kan uitleg geven over erfelijkheid.,Deze informatie is algemeen en is geen diagnose of persoonlijk medisch advies. Bespreek klachten of zorgen altijd met een arts.,autosomaal|penetrantie|fenotype|etiologie|differentiaaldiagnostiek|indicatiestelling,13.0,4.846153846153846,26,2,13.25,7.339622641509434,53,4,9.738461538461538,10.885849056603773
A,Autosomaal recessieve polycysteuze nierziekte (ARPKD),https://www.erfelijkheid.nl/ziektes/autosomaal-recessieve-polycysteuze-nierziekte-arpkd,autosomaal-recessieve-polycysteuze-nierziekte-arpkd,autosomaal-recessieve-polycysteuze-nierziekte-arpkd,https://www.erfocentrum.nl/,Aanleg en ontwikkeling,autosomaal recessieve polycysteuze nierziekte arpkd|autosomaalrecessievepolycysteuzenierziektearpkd,Autosomaal recessieve polycysteuze nierziekte (ARPKD) is een zeldzame erfelijke aandoening. Hier lees je in eenvoudige woorden de belangrijkste punten en waar je terechtkunt voor hulp.,"Autosomaal recessieve polycysteuze nierziekte (ARPKD) betreft een genetisch bepaalde aandoening waarbij varianten in een of meerdere genen kunnen leiden tot klinische verschijnselen. De overerving kan autosomaal dominant, autosomaal recessief of X-gebonden zijn, afhankelijk van het onderliggende mechanisme. Diagnostiek kan bestaan uit moleculair-genetisch onderzoek en/of chromosoomanalyse. Voor counseling en interpretatie van uitslagen kan verwijzing naar de klinische genetica passend zijn.",Maak een afspraak bij de huisarts om je familiegeschiedenis te bespreken. Een klinisch geneticus kan uitleg geven over erfelijkheid.,Deze informatie is algemeen en is geen diagnose of persoonlijk medisch advies. Bespreek klachten of zorgen altijd met een arts.,autosomaal|recessief|dominant|x-gebonden|moleculair|chromosoomanalyse|counseling,12.5,6.24,25,2,15.5,6.870967741935484,62,4,9.996,12.048387096774192
A,Autosomaal recessieve spastische ataxie (type Charlevoix-Saguenay),https://www.erfelijkheid.nl/ziektes/autosomaal-recessieve-spastische-ataxie-type-charlevoix-saguenay,autosomaal-recessieve-spastische-ataxie-type-charlevoix-saguenay,autosomaal-recessieve-spastische-ataxie-type-charlevoix-saguenay,https://www.erfocentrum.nl/,Erfelijkheid van neurologische ziekten,autosomaal recessieve spastische ataxie type charlevoix saguenay|autosomaal recessieve spastische ataxie type charlevoix-saguenay|autosomaalrecessievespastischeataxietypecharlevoix-saguenay,Bij Autosomaal recessieve spastische ataxie (type Charlevoix-Saguenay) spelen genen een rol. Deze pagina helpt je om snel te vinden: is het erfelijk en wat is een logische volgende stap.,Autosomaal recessieve spastische ataxie (type Charlevoix-Saguenay) wordt in de literatuur beschreven als een genetische aandoening met heterogene etiologie. Fenotype-expressie en penetrantie kunnen variëren; risico-inschatting hangt af van familieanamnese en genetische bevindingen. Differentiaaldiagnostiek en indicatiestelling voor DNA-diagnostiek verlopen doorgaans via zorgprofessionals. Bespreek vragen met de huisarts; zo nodig volgt verwijzing naar een klinisch geneticus.,Maak een afspraak bij de huisarts om je familiegeschiedenis te bespreken. Een klinisch geneticus kan uitleg geven over erfelijkheid.,Deze informatie is algemeen en is geen diagnose of persoonlijk medisch advies. Bespreek klachten of zorgen altijd met een arts.,autosomaal|penetrantie|fenotype|etiologie|differentiaaldiagnostiek|indicatiestelling,15.0,5.066666666666666,30,2,14.25,7.280701754385965,57,4,11.026666666666667,11.462280701754384
A,Autosomaal recessieve spondylocostale dysostose (ARSD),https://www.erfelijkheid.nl/ziektes/autosomaal-recessieve-spondylocostale-dysostose-arsd,autosomaal-recessieve-spondylocostale-dysostose-arsd,autosomaal-recessieve-spondylocostale-dysostose-arsd,https://www.erfocentrum.nl/,Aanleg en ontwikkeling,autosomaal recessieve spondylocostale dysostose arsd|autosomaalrecessievespondylocostaledysostosearsd,"Autosomaal recessieve spondylocostale dysostose (ARSD) is een erfelijke aandoening. Op deze pagina vind je wat het is, of het in families voorkomt en wat je kunt doen als je vragen hebt.","Autosomaal recessieve spondylocostale dysostose (ARSD) betreft een genetisch bepaalde aandoening waarbij varianten in een of meerdere genen kunnen leiden tot klinische verschijnselen. De overerving kan autosomaal dominant, autosomaal recessief of X-gebonden zijn, afhankelijk van het onderliggende mechanisme. Diagnostiek kan bestaan uit moleculair-genetisch onderzoek en/of chromosoomanalyse. Voor counseling en interpretatie van uitslagen kan verwijzing naar de klinische genetica passend zijn.",Bespreek je vraag met je huisarts. Vraag zo nodig om een verwijzing naar de klinische genetica.,Deze informatie is algemeen en is geen diagnose of persoonlijk medisch advies. Bespreek klachten of zorgen altijd met een arts.,autosomaal|recessief|dominant|x-gebonden|moleculair|chromosoomanalyse|counseling,15.5,4.870967741935484,31,2,15.5,6.887096774193548,62,4,11.248387096774193,12.05483870967742
A,AUTS2-syndroom,https://www.erfelijkheid.nl/ziektes/auts2-syndroom,auts2-syndroom,auts2-syndroom,https://www.erfocentrum.nl/,Aanleg en ontwikkeling,auts 2-syndroom|auts2 syndroom|auts2-syn|auts2-syndroom,Bij AUTS2-syndroom spelen genen een rol. Deze pagina helpt je om snel te vinden: is het erfelijk en wat is een logische volgende stap.,"AUTS2-syndroom betreft een genetisch bepaalde aandoening waarbij varianten in een of meerdere genen kunnen leiden tot klinische verschijnselen. De overerving kan autosomaal dominant, autosomaal recessief of X-gebonden zijn, afhankelijk van het onderliggende mechanisme. Diagnostiek kan bestaan uit moleculair-genetisch onderzoek en/of chromosoomanalyse. Voor counseling en interpretatie van uitslagen kan verwijzing naar de klinische genetica passend zijn.",Bespreek je vraag met je huisarts. Vraag zo nodig om een verwijzing naar de klinische genetica.,Deze informatie is algemeen en is geen diagnose of persoonlijk medisch advies. Bespreek klachten of zorgen altijd met een arts.,autosomaal|recessief|dominant|x-gebonden|moleculair|chromosoomanalyse|counseling,12.5,4.28,25,2,14.75,6.6440677966101696,59,4,9.212,11.507627118644068
A,Axiale spondyloartritis (axiale SpA),https://www.erfelijkheid.nl/ziektes/axiale-spondyloartritis-axiale-SPA,axiale-spondyloartritis-axiale-SPA,axiale-spondyloartritis-axiale-SPA,https://www.erfocentrum.nl/,Aanleg en ontwikkeling,axiale spondyloartritis axiale SPA|axiale spondyloartritis axiale spa|axialespondyloartritisaxialespa,"Axiale spondyloartritis (axiale SpA) is een erfelijke aandoening. Op deze pagina vind je wat het is, of het in families voorkomt en wat je kunt doen als je vragen hebt.",Axiale spondyloartritis (axiale SpA) wordt in de literatuur beschreven als een genetische aandoening met heterogene etiologie. Fenotype-expressie en penetrantie kunnen variëren; risico-inschatting hangt af van familieanamnese en genetische bevindingen. Differentiaaldiagnostiek en indicatiestelling voor DNA-diagnostiek verlopen doorgaans via zorgprofessionals. Bespreek vragen met de huisarts; zo nodig volgt verwijzing naar een klinisch geneticus.,Maak een afspraak bij de huisarts om je familiegeschiedenis te bespreken. Een klinisch geneticus kan uitleg geven over erfelijkheid.,Deze informatie is algemeen en is geen diagnose of persoonlijk medisch advies. Bespreek klachten of zorgen altijd met een arts.,penetrantie|fenotype|etiologie|differentiaaldiagnostiek|indicatiestelling,15.0,4.466666666666667,30,2,13.5,7.185185185185185,54,4,10.786666666666667,10.974074074074075
B,BAP1-tumorpredispositiesyndroom (BAP1-TPDS),https://www.erfelijkheid.nl/ziektes/bap1-tumorpredispositiesyndroom-bap1-tpds,bap1-tumorpredispositiesyndroom-bap1-tpds,bap1-tumorpredispositiesyndroom-bap1-tpds,https://www.erfocentrum.nl/,Aanleg en ontwikkeling,bap 1-tumorpredispositiesyndroom bap 1-tpds|bap1 tumorpredispositiesyndroom bap1 tpds|bap1-tumorpredispositiesyn bap1-tpds|bap1-tumorpredispositiesyndroom bap1-tpds|bap1-tumorpredispositiesyndroombap1-tpds,"BAP1-tumorpredispositiesyndroom (BAP1-TPDS) is een erfelijke aandoening. Op deze pagina vind je wat het is, of het in families voorkomt en wat je kunt doen als je vragen hebt.",BAP1-tumorpredispositiesyndroom (BAP1-TPDS) wordt in de literatuur beschreven als een genetische aandoening met heterogene etiologie. Fenotype-expressie en penetrantie kunnen variëren; risico-inschatting hangt af van familieanamnese en genetische bevindingen. Differentiaaldiagnostiek en indicatiestelling voor DNA-diagnostiek verlopen doorgaans via zorgprofessionals. Bespreek vragen met de huisarts; zo nodig volgt verwijzing naar een klinisch geneticus.,Bespreek je vraag met je huisarts. Vraag zo nodig om een verwijzing naar de klinische genetica.,Deze informatie is algemeen en is geen diagnose of persoonlijk medisch advies. Bespreek klachten of zorgen altijd met een arts.,penetrantie|fenotype|etiologie|differentiaaldiagnostiek|indicatiestelling,15.0,4.7,30,2,13.5,7.314814814814815,54,4,10.88,11.025925925925925
B,Baraitser-Winter syndroom,https://erfelijkheid.nl/ziektes/baraitser-winter-syndroom,baraitser-winter-syndroom,baraitser-winter-syndroom,https://www.erfocentrum.nl/,Aanleg en ontwikkeling,baraitser winter syndroom|baraitser-winter syn|baraitser-winter syndroom|baraitser-wintersyndroom,Bij Baraitser-Winter syndroom spelen genen een rol. Deze pagina helpt je om snel te vinden: is het erfelijk en wat is een logische volgende stap.,Baraitser-Winter syndroom wordt in de literatuur beschreven als een genetische aandoening met heterogene etiologie. Fenotype-expressie en penetrantie kunnen variëren; risico-inschatting hangt af van familieanamnese en genetische bevindingen. Differentiaaldiagnostiek en indicatiestelling voor DNA-diagnostiek verlopen doorgaans via zorgprofessionals. Bespreek vragen met de huisarts; zo nodig volgt verwijzing naar een klinisch geneticus.,Bespreek je vraag met je huisarts. Vraag zo nodig om een verwijzing naar de klinische genetica.,Deze informatie is algemeen en is geen diagnose of persoonlijk medisch advies. Bespreek klachten of zorgen altijd met een arts.,penetrantie|fenotype|etiologie|differentiaaldiagnostiek|indicatiestelling,13.0,4.5,26,2,13.25,7.169811320754717,53,4,9.6,10.817924528301887
B,Bardet-Biedl syndroom,https://www.erfelijkheid.nl/ziektes/bardet-biedl-syndroom,bardet-biedl-syndroom,bardet-biedl-syndroom,https://www.erfocentrum.nl/,Aanleg en ontwikkeling,bardet biedl syndroom|bardet-biedl syn|bardet-biedl syndroom|bardet-biedlsyndroom,"Bardet-Biedl syndroom is een erfelijke aandoening. Op deze pagina vind je wat het is, of het in families voorkomt en wat je kunt doen als je vragen hebt.","Bardet-Biedl syndroom betreft een genetisch bepaalde aandoening waarbij varianten in een of meerdere genen kunnen leiden tot klinische verschijnselen. De overerving kan autosomaal dominant, autosomaal recessief of X-gebonden zijn, afhankelijk van het onderliggende mechanisme. Diagnostiek kan bestaan uit moleculair-genetisch onderzoek en/of chromosoomanalyse. Voor counseling en interpretatie van uitslagen kan verwijzing naar de klinische genetica passend zijn.",Bespreek je vraag met je huisarts. Vraag zo nodig om een verwijzing naar de klinische genetica.,Deze informatie is algemeen en is geen diagnose of persoonlijk medisch advies. Bespreek klachten of zorgen altijd met een arts.,autosomaal|recessief|dominant|x-gebonden|moleculair|chromosoomanalyse|counseling,14.5,4.206896551724138,29,2,15.0,6.633333333333334,60,4,10.382758620689655,11.653333333333334
B,Barth Syndroom,https://www.erfelijkheid.nl/ziektes/barth-syndroom,barth-syndroom,barth-syndroom,https://www.erfocentrum.nl/,Aanleg en ontwikkeling,barth syn|barth syndroom|barthsyndroom,Barth Syndroom is een zeldzame erfelijke aandoening. Hier lees je in eenvoudige woorden de belangrijkste punten en waar je terechtkunt voor hulp.,Barth Syndroom wordt in de literatuur beschreven als een genetische aandoening met heterogene etiologie. Fenotype-expressie en penetrantie kunnen variëren; risico-inschatting hangt af van familieanamnese en genetische bevindingen. Differentiaaldiagnostiek en indicatiestelling voor DNA-diagnostiek verlopen doorgaans via zorgprofessionals. Bespreek vragen met de huisarts; zo nodig volgt verwijzing naar een klinisch geneticus.,Maak een afspraak bij de huisarts om je familiegeschiedenis te bespreken. Een klinisch geneticus kan uitleg geven over erfelijkheid.,Deze informatie is algemeen en is geen diagnose of persoonlijk medisch advies. Bespreek klachten of zorgen altijd met een arts.,penetrantie|fenotype|etiologie|differentiaaldiagnostiek|indicatiestelling,11.0,5.545454545454546,22,2,13.0,7.115384615384615,52,4,8.818181818181818,10.646153846153846
B,Becker spierdystrofie,https://www.erfelijkheid.nl/ziektes/becker-spierdystrofie,becker-spierdystrofie,becker-spierdystrofie,https://www.erfocentrum.nl/,Erfelijkheid van neurologische ziekten,becker spierdystrofie|beckerspierdystrofie,"Becker spierdystrofie is een erfelijke aandoening. Op deze pagina vind je wat het is, of het in families voorkomt en wat je kunt doen als je vragen hebt.",Becker spierdystrofie wordt in de literatuur beschreven als een genetische aandoening met heterogene etiologie. Fenotype-expressie en penetrantie kunnen variëren; risico-inschatting hangt af van familieanamnese en genetische bevindingen. Differentiaaldiagnostiek en indicatiestelling voor DNA-diagnostiek verlopen doorgaans via zorgprofessionals. Bespreek vragen met de huisarts; zo nodig volgt verwijzing naar een klinisch geneticus.,Bespreek je vraag met je huisarts. Vraag zo nodig om een verwijzing naar de klinische genetica.,Deze informatie is algemeen en is geen diagnose of persoonlijk medisch advies. Bespreek klachten of zorgen altijd met een arts.,penetrantie|fenotype|etiologie|differentiaaldiagnostiek|indicatiestelling,14.0,4.392857142857143,28,2,13.0,7.25,52,4,10.157142857142858,10.7
B,Beckwith-Wiedemann syndroom,https://www.erfelijkheid.nl/ziektes/beckwith-wiedemann-syndroom,beckwith-wiedemann-syndroom,beckwith-wiedemann-syndroom,https://www.erfocentrum.nl/,Aanleg en ontwikkeling,beckwith wiedemann syndroom|beckwith-wiedemann syn|beckwith-wiedemann syndroom|beckwith-wiedemannsyndroom,"Beckwith-Wiedemann syndroom is een erfelijke aandoening. Op deze pagina vind je wat het is, of het in families voorkomt en wat je kunt doen als je vragen hebt.",Beckwith-Wiedemann syndroom wordt in de literatuur beschreven als een genetische aandoening met heterogene etiologie. Fenotype-expressie en penetrantie kunnen variëren; risico-inschatting hangt af van familieanamnese en genetische bevindingen. Differentiaaldiagnostiek en indicatiestelling voor DNA-diagnostiek verlopen doorgaans via zorgprofessionals. Bespreek vragen met de huisarts; zo nodig volgt verwijzing naar een klinisch geneticus.,Bespreek je vraag met je huisarts. Vraag zo nodig om een verwijzing naar de klinische genetica.,Deze informatie is algemeen en is geen diagnose of persoonlijk medisch advies. Bespreek klachten of zorgen altijd met een arts.,penetrantie|fenotype|etiologie|differentiaaldiagnostiek|indicatiestelling,14.5,4.413793103448276,29,2,13.25,7.2075471698113205,53,4,10.46551724137931,10.833018867924528
B,Benigne familiaire neonatale convulsies,https://www.erfelijkheid.nl/ziektes/benigne-familiaire-neonatale-convulsies,benigne-familiaire-neonatale-convulsies,benigne-familiaire-neonatale-convulsies,https://www.erfocentrum.nl/,Aanleg en ontwikkeling,benigne familiaire neonatale convulsies|benignefamiliaireneonataleconvulsies,"Benigne familiaire neonatale convulsies is een erfelijke aandoening. Op deze pagina vind je wat het is, of het in families voorkomt en wat je kunt doen als je vragen hebt.",Benigne familiaire neonatale convulsies wordt in de literatuur beschreven als een genetische aandoening met heterogene etiologie. Fenotype-expressie en penetrantie kunnen variëren; risico-inschatting hangt af van familieanamnese en genetische bevindingen. Differentiaaldiagnostiek en indicatiestelling voor DNA-diagnostiek verlopen doorgaans via zorgprofessionals. Bespreek vragen met de huisarts; zo nodig volgt verwijzing naar een klinisch geneticus.,Maak een afspraak bij de huisarts om je familiegeschiedenis te bespreken. Een klinisch geneticus kan uitleg geven over erfelijkheid.,Deze informatie is algemeen en is geen diagnose of persoonlijk medisch advies. Bespreek klachten of zorgen altijd met een arts.,penetrantie|fenotype|etiologie|differentiaaldiagnostiek|indicatiestelling,15.0,4.633333333333334,30,2,13.5,7.277777777777778,54,4,10.853333333333333,11.011111111111111
B,Berardinelli-Seip syndroom,https://www.erfelijkheid.nl/ziektes/berardinelli-seip-syndroom,berardinelli-seip-syndroom,berardinelli-seip-syndroom,https://www.erfocentrum.nl/,Aanleg en ontwikkeling,berardinelli seip syndroom|berardinelli-seip syn|berardinelli-seip syndroom|berardinelli-seipsyndroom,Berardinelli-Seip syndroom is een zeldzame erfelijke aandoening. Hier lees je in eenvoudige woorden de belangrijkste punten en waar je terechtkunt voor hulp.,Berardinelli-Seip syndroom wordt in de literatuur beschreven als een genetische aandoening met heterogene etiologie. Fenotype-expressie en penetrantie kunnen variëren; risico-inschatting hangt af van familieanamnese en genetische bevindingen. Differentiaaldiagnostiek en indicatiestelling voor DNA-diagnostiek verlopen doorgaans via zorgprofessionals. Bespreek vragen met de huisarts; zo nodig volgt verwijzing naar een klinisch geneticus.,Maak een afspraak bij de huisarts om je familiegeschiedenis te bespreken. Een klinisch geneticus kan uitleg geven over erfelijkheid.,Deze informatie is algemeen en is geen diagnose of persoonlijk medisch advies. Bespreek klachten of zorgen altijd met een arts.,penetrantie|fenotype|etiologie|differentiaaldiagnostiek|indicatiestelling,11.5,5.782608695652174,23,2,13.25,7.188679245283019,53,4,9.213043478260868,10.825471698113207
B,Bèta-ketothiolase deficiëntie,https://www.erfelijkheid.nl/ziektes/beta-ketothiolase-deficientie,beta-ketothiolase-deficientie,beta-ketothiolase-deficientie,https://www.erfocentrum.nl/,Aanleg en ontwikkeling,beta ketothiolase deficientie|beta-ketothiolase deficientie|beta-ketothiolase deficiëntie|beta-ketothiolasedeficientie,Bèta-ketothiolase deficiëntie is een zeldzame erfelijke aandoening. Hier lees je in eenvoudige woorden de belangrijkste punten en waar je terechtkunt voor hulp.,Bèta-ketothiolase deficiëntie wordt in de literatuur beschreven als een genetische aandoening met heterogene etiologie. Fenotype-expressie en penetrantie kunnen variëren; risico-inschatting hangt af van familieanamnese en genetische bevindingen. Differentiaaldiagnostiek en indicatiestelling voor DNA-diagnostiek verlopen doorgaans via zorgprofessionals. Bespreek vragen met de huisarts; zo nodig volgt verwijzing naar een klinisch geneticus.,Maak een afspraak bij de huisarts om je familiegeschiedenis te bespreken. Een klinisch geneticus kan uitleg geven over erfelijkheid.,Deze informatie is algemeen en is geen diagnose of persoonlijk medisch advies. Bespreek klachten of zorgen altijd met een arts.,penetrantie|fenotype|etiologie|differentiaaldiagnostiek|indicatiestelling,11.5,5.913043478260869,23,2,13.25,7.245283018867925,53,4,9.265217391304347,10.848113207547168
B,Bèta-Mannosidose,https://www.erfelijkheid.nl/ziektes/mannosidose-en-b,mannosidose-en-b,mannosidose-en-b,https://www.erfocentrum.nl/,Aanleg en ontwikkeling,beta mannosidose|beta-mannosidose|mannosidose en b,Bèta-Mannosidose is een zeldzame erfelijke aandoening. Hier lees je in eenvoudige woorden de belangrijkste punten en waar je terechtkunt voor hulp.,Bèta-Mannosidose wordt in de literatuur beschreven als een genetische aandoening met heterogene etiologie. Fenotype-expressie en penetrantie kunnen variëren; risico-inschatting hangt af van familieanamnese en genetische bevindingen. Differentiaaldiagnostiek en indicatiestelling voor DNA-diagnostiek verlopen doorgaans via zorgprofessionals. Bespreek vragen met de huisarts; zo nodig volgt verwijzing naar een klinisch geneticus.,Bespreek je vraag met je huisarts. Vraag zo nodig om een verwijzing naar de klinische genetica.,Deze informatie is algemeen en is geen diagnose of persoonlijk medisch advies. Bespreek klachten of zorgen altijd met een arts.,penetrantie|fenotype|etiologie|differentiaaldiagnostiek|indicatiestelling,11.0,5.636363636363637,22,2,13.0,7.153846153846154,52,4,8.854545454545455,10.661538461538463
B,Bèta Thalassemie,https://www.erfelijkheid.nl/ziektes/beta-thalassemie,beta-thalassemie,beta-thalassemie,https://www.erfocentrum.nl/,Aanleg en ontwikkeling,beta thalassemie|betathalassemie,Bij Bèta Thalassemie spelen genen een rol. Deze pagina helpt je om snel te vinden: is het erfelijk en wat is een logische volgende stap.,"Bèta Thalassemie betreft een genetisch bepaalde aandoening waarbij varianten in een of meerdere genen kunnen leiden tot klinische verschijnselen. De overerving kan autosomaal dominant, autosomaal recessief of X-gebonden zijn, afhankelijk van het onderliggende mechanisme. Diagnostiek kan bestaan uit moleculair-genetisch onderzoek en/of chromosoomanalyse. Voor counseling en interpretatie van uitslagen kan verwijzing naar de klinische genetica passend zijn.",Bespreek je vraag met je huisarts. Vraag zo nodig om een verwijzing naar de klinische genetica.,Deze informatie is algemeen en is geen diagnose of persoonlijk medisch advies. Bespreek klachten of zorgen altijd met een arts.,autosomaal|recessief|dominant|x-gebonden|moleculair|chromosoomanalyse|counseling,12.5,4.36,25,2,14.75,6.677966101694915,59,4,9.244,11.521186440677965
B,Bijnierschorscarcinoom,https://www.erfelijkheid.nl/ziektes/bijnierschorscarcinoom,bijnierschorscarcinoom,bijnierschorscarcinoom,https://www.erfocentrum.nl/,Aanleg en ontwikkeling,bijnierschorscarcinoom,Bijnierschorscarcinoom is een zeldzame erfelijke aandoening. Hier lees je in eenvoudige woorden de belangrijkste punten en waar je terechtkunt voor hulp.,Bijnierschorscarcinoom wordt in de literatuur beschreven als een genetische aandoening met heterogene etiologie. Fenotype-expressie en penetrantie kunnen variëren; risico-inschatting hangt af van familieanamnese en genetische bevindingen. Differentiaaldiagnostiek en indicatiestelling voor DNA-diagnostiek verlopen doorgaans via zorgprofessionals. Bespreek vragen met de huisarts; zo nodig volgt verwijzing naar een klinisch geneticus.,Maak een afspraak bij de huisarts om je familiegeschiedenis te bespreken. Een klinisch geneticus kan uitleg geven over erfelijkheid.,Deze informatie is algemeen en is geen diagnose of persoonlijk medisch advies. Bespreek klachten of zorgen altijd met een arts.,penetrantie|fenotype|etiologie|differentiaaldiagnostiek|indicatiestelling,10.5,6.238095238095238,21,2,12.75,7.431372549019608,51,4,8.795238095238094,10.622549019607842
B,Binder syndroom,https://www.erfelijkheid.nl/ziektes/binder-syndroom,binder-syndroom,binder-syndroom,https://www.erfocentrum.nl/,Aanleg en ontwikkeling,binder syn|binder syndroom|bindersyndroom,"Binder syndroom is een erfelijke aandoening. Op deze pagina vind je wat het is, of het in families voorkomt en wat je kunt doen als je vragen hebt.","Binder syndroom betreft een genetisch bepaalde aandoening waarbij varianten in een of meerdere genen kunnen leiden tot klinische verschijnselen. De overerving kan autosomaal dominant, autosomaal recessief of X-gebonden zijn, afhankelijk van het onderliggende mechanisme. Diagnostiek kan bestaan uit moleculair-genetisch onderzoek en/of chromosoomanalyse. Voor counseling en interpretatie van uitslagen kan verwijzing naar de klinische genetica passend zijn.",Maak een afspraak bij de huisarts om je familiegeschiedenis te bespreken. Een klinisch geneticus kan uitleg geven over erfelijkheid.,Deze informatie is algemeen en is geen diagnose of persoonlijk medisch advies. Bespreek klachten of zorgen altijd met een arts.,autosomaal|recessief|dominant|x-gebonden|moleculair|chromosoomanalyse|counseling,14.0,4.178571428571429,28,2,14.75,6.661016949152542,59,4,10.071428571428573,11.514406779661016
B,Biotinidase deficiëntie,https://www.erfelijkheid.nl/ziektes/biotinidase-defici%C3%ABntie,biotinidase-defici%C3%ABntie,biotinidase-defici%C3%ABntie,https://www.erfocentrum.nl/,Aanleg en ontwikkeling,biotinidase defici%C3%ABntie|biotinidase deficientie|biotinidase deficiëntie|biotinidasedeficientie,Biotinidase deficiëntie is een zeldzame erfelijke aandoening. Hier lees je in eenvoudige woorden de belangrijkste punten en waar je terechtkunt voor hulp.,"Biotinidase deficiëntie betreft een genetisch bepaalde aandoening waarbij varianten in een of meerdere genen kunnen leiden tot klinische verschijnselen. De overerving kan autosomaal dominant, autosomaal recessief of X-gebonden zijn, afhankelijk van het onderliggende mechanisme. Diagnostiek kan bestaan uit moleculair-genetisch onderzoek en/of chromosoomanalyse. Voor counseling en interpretatie van uitslagen kan verwijzing naar de klinische genetica passend zijn.",Bespreek je vraag met je huisarts. Vraag zo nodig om een verwijzing naar de klinische genetica.,Deze informatie is algemeen en is geen diagnose of persoonlijk medisch advies. Bespreek klachten of zorgen altijd met een arts.,autosomaal|recessief|dominant|x-gebonden|moleculair|chromosoomanalyse|counseling,11.0,5.954545454545454,22,2,14.75,6.796610169491525,59,4,8.98181818181818,11.56864406779661
B,Bipolaire stoornis,https://www.erfelijkheid.nl/ziektes/bipolaire-stoornis,bipolaire-stoornis,bipolaire-stoornis,https://www.erfocentrum.nl/,Aanleg en ontwikkeling,bipolaire stoornis|bipolairestoornis,Bipolaire stoornis is een zeldzame erfelijke aandoening. Hier lees je in eenvoudige woorden de belangrijkste punten en waar je terechtkunt voor hulp.,Bipolaire stoornis wordt in de literatuur beschreven als een genetische aandoening met heterogene etiologie. Fenotype-expressie en penetrantie kunnen variëren; risico-inschatting hangt af van familieanamnese en genetische bevindingen. Differentiaaldiagnostiek en indicatiestelling voor DNA-diagnostiek verlopen doorgaans via zorgprofessionals. Bespreek vragen met de huisarts; zo nodig volgt verwijzing naar een klinisch geneticus.,Bespreek je vraag met je huisarts. Vraag zo nodig om een verwijzing naar de klinische genetica.,Deze informatie is algemeen en is geen diagnose of persoonlijk medisch advies. Bespreek klachten of zorgen altijd met een arts.,penetrantie|fenotype|etiologie|differentiaaldiagnostiek|indicatiestelling,11.0,5.7272727272727275,22,2,13.0,7.1923076923076925,52,4,8.89090909090909,10.676923076923078
B,Birt-Hogg-Dubé syndroom (BHD),https://www.erfelijkheid.nl/ziektes/birt-hogg-dub%C3%A9-syndroom-bhd,birt-hogg-dub%C3%A9-syndroom-bhd,birt-hogg-dub%C3%A9-syndroom-bhd,https://www.erfocentrum.nl/,Aanleg en ontwikkeling,birt hogg dub%C3%A9 syndroom bhd|birt hogg dube syndroom bhd|birt-hogg-dube syn bhd|birt-hogg-dube syndroom bhd|birt-hogg-dubesyndroombhd,"Birt-Hogg-Dubé syndroom (BHD) is een erfelijke aandoening. Op deze pagina vind je wat het is, of het in families voorkomt en wat je kunt doen als je vragen hebt.","Birt-Hogg-Dubé syndroom (BHD) betreft een genetisch bepaalde aandoening waarbij varianten in een of meerdere genen kunnen leiden tot klinische verschijnselen. De overerving kan autosomaal dominant, autosomaal recessief of X-gebonden zijn, afhankelijk van het onderliggende mechanisme. Diagnostiek kan bestaan uit moleculair-genetisch onderzoek en/of chromosoomanalyse. Voor counseling en interpretatie van uitslagen kan verwijzing naar de klinische genetica passend zijn.",Maak een afspraak bij de huisarts om je familiegeschiedenis te bespreken. Een klinisch geneticus kan uitleg geven over erfelijkheid.,Deze informatie is algemeen en is geen diagnose of persoonlijk medisch advies. Bespreek klachten of zorgen altijd met een arts.,autosomaal|recessief|dominant|x-gebonden|moleculair|chromosoomanalyse|counseling,15.5,4.064516129032258,31,2,15.5,6.483870967741935,62,4,10.925806451612903,11.893548387096773
B,Blaasextrofie,https://www.erfelijkheid.nl/ziektes/blaasextrofie,blaasextrofie,blaasextrofie,https://www.erfocentrum.nl/,Aanleg en ontwikkeling,blaasextrofie,Bij Blaasextrofie spelen genen een rol. Deze pagina helpt je om snel te vinden: is het erfelijk en wat is een logische volgende stap.,"Blaasextrofie betreft een genetisch bepaalde aandoening waarbij varianten in een of meerdere genen kunnen leiden tot klinische verschijnselen. De overerving kan autosomaal dominant, autosomaal recessief of X-gebonden zijn, afhankelijk van het onderliggende mechanisme. Diagnostiek kan bestaan uit moleculair-genetisch onderzoek en/of chromosoomanalyse. Voor counseling en interpretatie van uitslagen kan verwijzing naar de klinische genetica passend zijn.",Bespreek je vraag met je huisarts. Vraag zo nodig om een verwijzing naar de klinische genetica.,Deze informatie is algemeen en is geen diagnose of persoonlijk medisch advies. Bespreek klachten of zorgen altijd met een arts.,autosomaal|recessief|dominant|x-gebonden|moleculair|chromosoomanalyse|counseling,12.0,4.458333333333333,24,2,14.5,6.758620689655173,58,4,8.983333333333333,11.403448275862068
B,Bloedstollingsziektes,https://www.erfelijkheid.nl/ziektes/bloedstollingsziekten,bloedstollingsziekten,bloedstollingsziekten,https://www.erfocentrum.nl/,Aanleg en ontwikkeling,bloedstollingsziekten|bloedstollingsziektes,Bloedstollingsziektes is een zeldzame erfelijke aandoening. Hier lees je in eenvoudige woorden de belangrijkste punten en waar je terechtkunt voor hulp.,"Bloedstollingsziektes betreft een genetisch bepaalde aandoening waarbij varianten in een of meerdere genen kunnen leiden tot klinische verschijnselen. De overerving kan autosomaal dominant, autosomaal recessief of X-gebonden zijn, afhankelijk van het onderliggende mechanisme. Diagnostiek kan bestaan uit moleculair-genetisch onderzoek en/of chromosoomanalyse. Voor counseling en interpretatie van uitslagen kan verwijzing naar de klinische genetica passend zijn.",Maak een afspraak bij de huisarts om je familiegeschiedenis te bespreken. Een klinisch geneticus kan uitleg geven over erfelijkheid.,Deze informatie is algemeen en is geen diagnose of persoonlijk medisch advies. Bespreek klachten of zorgen altijd met een arts.,autosomaal|recessief|dominant|x-gebonden|moleculair|chromosoomanalyse|counseling,10.5,6.190476190476191,21,2,14.5,6.896551724137931,58,4,8.776190476190475,11.458620689655172
B,Bloom syndroom,https://www.erfelijkheid.nl/ziektes/bloom-syndroom,bloom-syndroom,bloom-syndroom,https://www.erfocentrum.nl/,Aanleg en ontwikkeling,bloom syn|bloom syndroom|bloomsyndroom,Bij Bloom syndroom spelen genen een rol. Deze pagina helpt je om snel te vinden: is het erfelijk en wat is een logische volgende stap.,"Bloom syndroom betreft een genetisch bepaalde aandoening waarbij varianten in een of meerdere genen kunnen leiden tot klinische verschijnselen. De overerving kan autosomaal dominant, autosomaal recessief of X-gebonden zijn, afhankelijk van het onderliggende mechanisme. Diagnostiek kan bestaan uit moleculair-genetisch onderzoek en/of chromosoomanalyse. Voor counseling en interpretatie van uitslagen kan verwijzing naar de klinische genetica passend zijn.",Bespreek je vraag met je huisarts. Vraag zo nodig om een verwijzing naar de klinische genetica.,Deze informatie is algemeen en is geen diagnose of persoonlijk medisch advies. Bespreek klachten of zorgen altijd met een arts.,autosomaal|recessief|dominant|x-gebonden|moleculair|chromosoomanalyse|counseling,12.5,4.28,25,2,14.75,6.6440677966101696,59,4,9.212,11.507627118644068
B,BOR syndroom,https://www.erfelijkheid.nl/ziektes/bor-syndroom,bor-syndroom,bor-syndroom,https://www.erfocentrum.nl/,Aanleg en ontwikkeling,bor syn|bor syndroom|borsyndroom,Bij BOR syndroom spelen genen een rol. Deze pagina helpt je om snel te vinden: is het erfelijk en wat is een logische volgende stap.,"BOR syndroom betreft een genetisch bepaalde aandoening waarbij varianten in een of meerdere genen kunnen leiden tot klinische verschijnselen. De overerving kan autosomaal dominant, autosomaal recessief of X-gebonden zijn, afhankelijk van het onderliggende mechanisme. Diagnostiek kan bestaan uit moleculair-genetisch onderzoek en/of chromosoomanalyse. Voor counseling en interpretatie van uitslagen kan verwijzing naar de klinische genetica passend zijn.",Maak een afspraak bij de huisarts om je familiegeschiedenis te bespreken. Een klinisch geneticus kan uitleg geven over erfelijkheid.,Deze informatie is algemeen en is geen diagnose of persoonlijk medisch advies. Bespreek klachten of zorgen altijd met een arts.,autosomaal|recessief|dominant|x-gebonden|moleculair|chromosoomanalyse|counseling,12.5,4.2,25,2,14.75,6.610169491525424,59,4,9.18,11.49406779661017
B,Borjeson-Forsmann-Lehmann syndroom,https://www.erfelijkheid.nl/ziektes/borjeson-forsmann-lehman-syndroom,borjeson-forsmann-lehman-syndroom,borjeson-forsmann-lehman-syndroom,https://www.erfocentrum.nl/,Aanleg en ontwikkeling,borjeson forsmann lehman syndroom|borjeson forsmann lehmann syndroom|borjeson-forsmann-lehmann syn|borjeson-forsmann-lehmann syndroom|borjeson-forsmann-lehmannsyndroom,Bij Borjeson-Forsmann-Lehmann syndroom spelen genen een rol. Deze pagina helpt je om snel te vinden: is het erfelijk en wat is een logische volgende stap.,"Borjeson-Forsmann-Lehmann syndroom betreft een genetisch bepaalde aandoening waarbij varianten in een of meerdere genen kunnen leiden tot klinische verschijnselen. De overerving kan autosomaal dominant, autosomaal recessief of X-gebonden zijn, afhankelijk van het onderliggende mechanisme. Diagnostiek kan bestaan uit moleculair-genetisch onderzoek en/of chromosoomanalyse. Voor counseling en interpretatie van uitslagen kan verwijzing naar de klinische genetica passend zijn.",Bespreek je vraag met je huisarts. Vraag zo nodig om een verwijzing naar de klinische genetica.,Deze informatie is algemeen en is geen diagnose of persoonlijk medisch advies. Bespreek klachten of zorgen altijd met een arts.,autosomaal|recessief|dominant|x-gebonden|moleculair|chromosoomanalyse|counseling,13.5,4.62962962962963,27,2,15.25,6.721311475409836,61,4,9.951851851851853,11.838524590163935
B,Bosch-Boonstra-Schaaf opticus atrofie syndroom,https://www.erfelijkheid.nl/ziektes/bosch-boonstra-schaaf-opticus-atrofie-syndroom,bosch-boonstra-schaaf-opticus-atrofie-syndroom,bosch-boonstra-schaaf-opticus-atrofie-syndroom,https://www.erfocentrum.nl/,Aanleg en ontwikkeling,bosch boonstra schaaf opticus atrofie syndroom|bosch-boonstra-schaaf opticus atrofie syn|bosch-boonstra-schaaf opticus atrofie syndroom|bosch-boonstra-schaafopticusatrofiesyndroom,"Bosch-Boonstra-Schaaf opticus atrofie syndroom is een erfelijke aandoening. Op deze pagina vind je wat het is, of het in families voorkomt en wat je kunt doen als je vragen hebt.","Bosch-Boonstra-Schaaf opticus atrofie syndroom betreft een genetisch bepaalde aandoening waarbij varianten in een of meerdere genen kunnen leiden tot klinische verschijnselen. De overerving kan autosomaal dominant, autosomaal recessief of X-gebonden zijn, afhankelijk van het onderliggende mechanisme. Diagnostiek kan bestaan uit moleculair-genetisch onderzoek en/of chromosoomanalyse. Voor counseling en interpretatie van uitslagen kan verwijzing naar de klinische genetica passend zijn.",Maak een afspraak bij de huisarts om je familiegeschiedenis te bespreken. Een klinisch geneticus kan uitleg geven over erfelijkheid.,Deze informatie is algemeen en is geen diagnose of persoonlijk medisch advies. Bespreek klachten of zorgen altijd met een arts.,autosomaal|recessief|dominant|x-gebonden|moleculair|chromosoomanalyse|counseling,16.0,4.5,32,2,15.75,6.666666666666667,63,4,11.4,12.116666666666667
B,Borstkanker,https://www.erfelijkheid.nl/ziektes/borstkanker,borstkanker,borstkanker,https://www.erfocentrum.nl/,Erfelijkheid van kanker,borstkanker,Bij Borstkanker spelen genen een rol. Deze pagina helpt je om snel te vinden: is het erfelijk en wat is een logische volgende stap.,"Borstkanker betreft een genetisch bepaalde aandoening waarbij varianten in een of meerdere genen kunnen leiden tot klinische verschijnselen. De overerving kan autosomaal dominant, autosomaal recessief of X-gebonden zijn, afhankelijk van het onderliggende mechanisme. Diagnostiek kan bestaan uit moleculair-genetisch onderzoek en/of chromosoomanalyse. Voor counseling en interpretatie van uitslagen kan verwijzing naar de klinische genetica passend zijn.",Bespreek je vraag met je huisarts. Vraag zo nodig om een verwijzing naar de klinische genetica.,Deze informatie is algemeen en is geen diagnose of persoonlijk medisch advies. Bespreek klachten of zorgen altijd met een arts.,autosomaal|recessief|dominant|x-gebonden|moleculair|chromosoomanalyse|counseling,12.0,4.375,24,2,14.5,6.724137931034483,58,4,8.95,11.389655172413793
B,Botziekte van Paget,https://www.erfelijkheid.nl/ziektes/botziekte-van-paget,botziekte-van-paget,botziekte-van-paget,https://www.erfocentrum.nl/,Aanleg en ontwikkeling,botziekte van paget|botziektevanpaget,Bij Botziekte van Paget spelen genen een rol. Deze pagina helpt je om snel te vinden: is het erfelijk en wat is een logische volgende stap.,"Botziekte van Paget betreft een genetisch bepaalde aandoening waarbij varianten in een of meerdere genen kunnen leiden tot klinische verschijnselen. De overerving kan autosomaal dominant, autosomaal recessief of X-gebonden zijn, afhankelijk van het onderliggende mechanisme. Diagnostiek kan bestaan uit moleculair-genetisch onderzoek en/of chromosoomanalyse. Voor counseling en interpretatie van uitslagen kan verwijzing naar de klinische genetica passend zijn.",Maak een afspraak bij de huisarts om je familiegeschiedenis te bespreken. Een klinisch geneticus kan uitleg geven over erfelijkheid.,Deze informatie is algemeen en is geen diagnose of persoonlijk medisch advies. Bespreek klachten of zorgen altijd met een arts.,autosomaal|recessief|dominant|x-gebonden|moleculair|chromosoomanalyse|counseling,13.0,4.269230769230769,26,2,15.0,6.6,60,4,9.507692307692308,11.64
B,Boulimia nervosa,https://www.erfelijkheid.nl/ziektes/boulimia-nervosa,boulimia-nervosa,boulimia-nervosa,https://www.erfocentrum.nl/,Aanleg en ontwikkeling,boulimia nervosa|boulimianervosa,"Boulimia nervosa is een erfelijke aandoening. Op deze pagina vind je wat het is, of het in families voorkomt en wat je kunt doen als je vragen hebt.","Boulimia nervosa betreft een genetisch bepaalde aandoening waarbij varianten in een of meerdere genen kunnen leiden tot klinische verschijnselen. De overerving kan autosomaal dominant, autosomaal recessief of X-gebonden zijn, afhankelijk van het onderliggende mechanisme. Diagnostiek kan bestaan uit moleculair-genetisch onderzoek en/of chromosoomanalyse. Voor counseling en interpretatie van uitslagen kan verwijzing naar de klinische genetica passend zijn.",Bespreek je vraag met je huisarts. Vraag zo nodig om een verwijzing naar de klinische genetica.,Deze informatie is algemeen en is geen diagnose of persoonlijk medisch advies. Bespreek klachten of zorgen altijd met een arts.,autosomaal|recessief|dominant|x-gebonden|moleculair|chromosoomanalyse|counseling,14.0,4.214285714285714,28,2,14.75,6.677966101694915,59,4,10.085714285714285,11.521186440677965
B,BPAN,https://www.erfelijkheid.nl/ziektes/bpan,bpan,bpan,https://www.erfocentrum.nl/,Aanleg en ontwikkeling,bpan,Bij BPAN spelen genen een rol. Deze pagina helpt je om snel te vinden: is het erfelijk en wat is een logische volgende stap.,BPAN wordt in de literatuur beschreven als een genetische aandoening met heterogene etiologie. Fenotype-expressie en penetrantie kunnen variëren; risico-inschatting hangt af van familieanamnese en genetische bevindingen. Differentiaaldiagnostiek en indicatiestelling voor DNA-diagnostiek verlopen doorgaans via zorgprofessionals. Bespreek vragen met de huisarts; zo nodig volgt verwijzing naar een klinisch geneticus.,Maak een afspraak bij de huisarts om je familiegeschiedenis te bespreken. Een klinisch geneticus kan uitleg geven over erfelijkheid.,Deze informatie is algemeen en is geen diagnose of persoonlijk medisch advies. Bespreek klachten of zorgen altijd met een arts.,penetrantie|fenotype|etiologie|differentiaaldiagnostiek|indicatiestelling,12.0,4.083333333333333,24,2,12.75,7.078431372549019,51,4,8.833333333333332,10.481372549019607
B,Brugada syndroom,https://www.erfelijkheid.nl/ziektes/brugada-syndroom,brugada-syndroom,brugada-syndroom,https://www.erfocentrum.nl/,Aanleg en ontwikkeling,brugada syn|brugada syndroom|brugadasyndroom,Bij Brugada syndroom spelen genen een rol. Deze pagina helpt je om snel te vinden: is het erfelijk en wat is een logische volgende stap.,"Brugada syndroom betreft een genetisch bepaalde aandoening waarbij varianten in een of meerdere genen kunnen leiden tot klinische verschijnselen. De overerving kan autosomaal dominant, autosomaal recessief of X-gebonden zijn, afhankelijk van het onderliggende mechanisme. Diagnostiek kan bestaan uit moleculair-genetisch onderzoek en/of chromosoomanalyse. Voor counseling en interpretatie van uitslagen kan verwijzing naar de klinische genetica passend zijn.",Maak een afspraak bij de huisarts om je familiegeschiedenis te bespreken. Een klinisch geneticus kan uitleg geven over erfelijkheid.,Deze informatie is algemeen en is geen diagnose of persoonlijk medisch advies. Bespreek klachten of zorgen altijd met een arts.,autosomaal|recessief|dominant|x-gebonden|moleculair|chromosoomanalyse|counseling,12.5,4.36,25,2,14.75,6.677966101694915,59,4,9.244,11.521186440677965
B,Burn-McKeown syndroom,https://www.erfelijkheid.nl/ziektes/burn-mckeown-syndroom,burn-mckeown-syndroom,burn-mckeown-syndroom,https://www.erfocentrum.nl/,Aanleg en ontwikkeling,burn mckeown syndroom|burn-mckeown syn|burn-mckeown syndroom|burn-mckeownsyndroom,"Burn-McKeown syndroom is een erfelijke aandoening. Op deze pagina vind je wat het is, of het in families voorkomt en wat je kunt doen als je vragen hebt.","Burn-McKeown syndroom betreft een genetisch bepaalde aandoening waarbij varianten in een of meerdere genen kunnen leiden tot klinische verschijnselen. De overerving kan autosomaal dominant, autosomaal recessief of X-gebonden zijn, afhankelijk van het onderliggende mechanisme. Diagnostiek kan bestaan uit moleculair-genetisch onderzoek en/of chromosoomanalyse. Voor counseling en interpretatie van uitslagen kan verwijzing naar de klinische genetica passend zijn.",Maak een afspraak bij de huisarts om je familiegeschiedenis te bespreken. Een klinisch geneticus kan uitleg geven over erfelijkheid.,Deze informatie is algemeen en is geen diagnose of persoonlijk medisch advies. Bespreek klachten of zorgen altijd met een arts.,autosomaal|recessief|dominant|x-gebonden|moleculair|chromosoomanalyse|counseling,14.5,4.206896551724138,29,2,15.0,6.633333333333334,60,4,10.382758620689655,11.653333333333334
C,CACT deficiëntie,https://www.erfelijkheid.nl/ziektes/cact-deficientie,cact-deficientie,cact-deficientie,https://www.erfocentrum.nl/,Aanleg en ontwikkeling,cact deficientie|cact deficiëntie|cactdeficientie,"CACT deficiëntie is een erfelijke aandoening. Op deze pagina vind je wat het is, of het in families voorkomt en wat je kunt doen als je vragen hebt.",CACT deficiëntie wordt in de literatuur beschreven als een genetische aandoening met heterogene etiologie. Fenotype-expressie en penetrantie kunnen variëren; risico-inschatting hangt af van familieanamnese en genetische bevindingen. Differentiaaldiagnostiek en indicatiestelling voor DNA-diagnostiek verlopen doorgaans via zorgprofessionals. Bespreek vragen met de huisarts; zo nodig volgt verwijzing naar een klinisch geneticus.,Maak een afspraak bij de huisarts om je familiegeschiedenis te bespreken. Een klinisch geneticus kan uitleg geven over erfelijkheid.,Deze informatie is algemeen en is geen diagnose of persoonlijk medisch advies. Bespreek klachten of zorgen altijd met een arts.,penetrantie|fenotype|etiologie|differentiaaldiagnostiek|indicatiestelling,14.0,4.214285714285714,28,2,13.0,7.153846153846154,52,4,10.085714285714285,10.661538461538463
C,CADASIL,https://www.erfelijkheid.nl/ziektes/cadasil,cadasil,cadasil,https://www.erfocentrum.nl/,Aanleg en ontwikkeling,cadasil,CADASIL is een zeldzame erfelijke aandoening. Hier lees je in eenvoudige woorden de belangrijkste punten en waar je terechtkunt voor hulp.,CADASIL wordt in de literatuur beschreven als een genetische aandoening met heterogene etiologie. Fenotype-expressie en penetrantie kunnen variëren; risico-inschatting hangt af van familieanamnese en genetische bevindingen. Differentiaaldiagnostiek en indicatiestelling voor DNA-diagnostiek verlopen doorgaans via zorgprofessionals. Bespreek vragen met de huisarts; zo nodig volgt verwijzing naar een klinisch geneticus.,Maak een afspraak bij de huisarts om je familiegeschiedenis te bespreken. Een klinisch geneticus kan uitleg geven over erfelijkheid.,Deze informatie is algemeen en is geen diagnose of persoonlijk medisch advies. Bespreek klachten of zorgen altijd met een arts.,penetrantie|fenotype|etiologie|differentiaaldiagnostiek|indicatiestelling,10.5,5.523809523809524,21,2,12.75,7.137254901960785,51,4,8.50952380952381,10.504901960784313
C,CAH/AGS,https://www.erfelijkheid.nl/ziektes/CAH-AGS,CAH-AGS,CAH-AGS,https://www.erfocentrum.nl/,Aanleg en ontwikkeling,CAH AGS|cah ags|cahags,CAH/AGS is een zeldzame erfelijke aandoening. Hier lees je in eenvoudige woorden de belangrijkste punten en waar je terechtkunt voor hulp.,CAH/AGS wordt in de literatuur beschreven als een genetische aandoening met heterogene etiologie. Fenotype-expressie en penetrantie kunnen variëren; risico-inschatting hangt af van familieanamnese en genetische bevindingen. Differentiaaldiagnostiek en indicatiestelling voor DNA-diagnostiek verlopen doorgaans via zorgprofessionals. Bespreek vragen met de huisarts; zo nodig volgt verwijzing naar een klinisch geneticus.,Bespreek je vraag met je huisarts. Vraag zo nodig om een verwijzing naar de klinische genetica.,Deze informatie is algemeen en is geen diagnose of persoonlijk medisch advies. Bespreek klachten of zorgen altijd met een arts.,penetrantie|fenotype|etiologie|differentiaaldiagnostiek|indicatiestelling,11.0,5.2272727272727275,22,2,13.0,6.980769230769231,52,4,8.690909090909091,10.592307692307692
C,CAKUT,https://www.erfelijkheid.nl/ziektes/cakut,cakut,cakut,https://www.erfocentrum.nl/,Aanleg en ontwikkeling,cakut,CAKUT is een zeldzame erfelijke aandoening. Hier lees je in eenvoudige woorden de belangrijkste punten en waar je terechtkunt voor hulp.,"CAKUT betreft een genetisch bepaalde aandoening waarbij varianten in een of meerdere genen kunnen leiden tot klinische verschijnselen. De overerving kan autosomaal dominant, autosomaal recessief of X-gebonden zijn, afhankelijk van het onderliggende mechanisme. Diagnostiek kan bestaan uit moleculair-genetisch onderzoek en/of chromosoomanalyse. Voor counseling en interpretatie van uitslagen kan verwijzing naar de klinische genetica passend zijn.",Maak een afspraak bij de huisarts om je familiegeschiedenis te bespreken. Een klinisch geneticus kan uitleg geven over erfelijkheid.,Deze informatie is algemeen en is geen diagnose of persoonlijk medisch advies. Bespreek klachten of zorgen altijd met een arts.,autosomaal|recessief|dominant|x-gebonden|moleculair|chromosoomanalyse|counseling,10.5,5.428571428571429,21,2,14.5,6.620689655172414,58,4,8.471428571428572,11.348275862068965
C,Campomele dysplasie,https://www.erfelijkheid.nl/ziektes/campomele-dysplasie,campomele-dysplasie,campomele-dysplasie,https://www.erfocentrum.nl/,Aanleg en ontwikkeling,campomele dysplasie|campomeledysplasie,Bij Campomele dysplasie spelen genen een rol. Deze pagina helpt je om snel te vinden: is het erfelijk en wat is een logische volgende stap.,"Campomele dysplasie betreft een genetisch bepaalde aandoening waarbij varianten in een of meerdere genen kunnen leiden tot klinische verschijnselen. De overerving kan autosomaal dominant, autosomaal recessief of X-gebonden zijn, afhankelijk van het onderliggende mechanisme. Diagnostiek kan bestaan uit moleculair-genetisch onderzoek en/of chromosoomanalyse. Voor counseling en interpretatie van uitslagen kan verwijzing naar de klinische genetica passend zijn.",Bespreek je vraag met je huisarts. Vraag zo nodig om een verwijzing naar de klinische genetica.,Deze informatie is algemeen en is geen diagnose of persoonlijk medisch advies. Bespreek klachten of zorgen altijd met een arts.,autosomaal|recessief|dominant|x-gebonden|moleculair|chromosoomanalyse|counseling,12.5,4.48,25,2,14.75,6.728813559322034,59,4,9.292,11.541525423728814
C,Cantú syndroom,https://www.erfelijkheid.nl/ziektes/cantu-syndroom,cantu-syndroom,cantu-syndroom,https://www.erfocentrum.nl/,Aanleg en ontwikkeling,cantu syn|cantu syndroom|cantusyndroom,Bij Cantú syndroom spelen genen een rol. Deze pagina helpt je om snel te vinden: is het erfelijk en wat is een logische volgende stap.,"Cantú syndroom betreft een genetisch bepaalde aandoening waarbij varianten in een of meerdere genen kunnen leiden tot klinische verschijnselen. De overerving kan autosomaal dominant, autosomaal recessief of X-gebonden zijn, afhankelijk van het onderliggende mechanisme. Diagnostiek kan bestaan uit moleculair-genetisch onderzoek en/of chromosoomanalyse. Voor counseling en interpretatie van uitslagen kan verwijzing naar de klinische genetica passend zijn.",Maak een afspraak bij de huisarts om je familiegeschiedenis te bespreken. Een klinisch geneticus kan uitleg geven over erfelijkheid.,Deze informatie is algemeen en is geen diagnose of persoonlijk medisch advies. Bespreek klachten of zorgen altijd met een arts.,autosomaal|recessief|dominant|x-gebonden|moleculair|chromosoomanalyse|counseling,12.5,4.28,25,2,14.75,6.6440677966101696,59,4,9.212,11.507627118644068
C,CAPS (Cryopyrine geassocieerde periodieke syndromen),https://www.erfelijkheid.nl/ziektes/caps-cryopyrine-geassocieerde-periodieke-syndromen,caps-cryopyrine-geassocieerde-periodieke-syndromen,caps-cryopyrine-geassocieerde-periodieke-syndromen,https://www.erfocentrum.nl/,Aanleg en ontwikkeling,caps cryopyrine geassocieerde periodieke syndromen|capscryopyrinegeassocieerdeperiodiekesyndromen,Bij CAPS (Cryopyrine geassocieerde periodieke syndromen) spelen genen een rol. Deze pagina helpt je om snel te vinden: is het erfelijk en wat is een logische volgende stap.,CAPS (Cryopyrine geassocieerde periodieke syndromen) wordt in de literatuur beschreven als een genetische aandoening met heterogene etiologie. Fenotype-expressie en penetrantie kunnen variëren; risico-inschatting hangt af van familieanamnese en genetische bevindingen. Differentiaaldiagnostiek en indicatiestelling voor DNA-diagnostiek verlopen doorgaans via zorgprofessionals. Bespreek vragen met de huisarts; zo nodig volgt verwijzing naar een klinisch geneticus.,Bespreek je vraag met je huisarts. Vraag zo nodig om een verwijzing naar de klinische genetica.,Deze informatie is algemeen en is geen diagnose of persoonlijk medisch advies. Bespreek klachten of zorgen altijd met een arts.,penetrantie|fenotype|etiologie|differentiaaldiagnostiek|indicatiestelling,14.0,5.0,28,2,13.75,7.327272727272727,55,4,10.4,11.180909090909092
C,Carbamoylfosfaatsynthetase 1 deficiëntie (CPS1-deficiëntie),https://www.erfelijkheid.nl/ziektes/carbamoylfosfaatsynthetase-1-defici%C3%ABntie-CPS1-defici%C3%ABntie,carbamoylfosfaatsynthetase-1-defici%C3%ABntie-CPS1-defici%C3%ABntie,carbamoylfosfaatsynthetase-1-defici%C3%ABntie-CPS1-defici%C3%ABntie,https://www.erfocentrum.nl/,Aanleg en ontwikkeling,carbamoylfosfaatsynthetase 1 defici%C3%ABntie CPS1 defici%C3%ABntie|carbamoylfosfaatsynthetase 1 deficientie cps 1-deficientie|carbamoylfosfaatsynthetase 1 deficientie cps1 deficientie|carbamoylfosfaatsynthetase 1 deficientie cps1-deficientie|carbamoylfosfaatsynthetase 1 deficiëntie cps1-deficiëntie|carbamoylfosfaatsynthetase1deficientiecps1-deficientie,"Carbamoylfosfaatsynthetase 1 deficiëntie (CPS1-deficiëntie) is een erfelijke aandoening. Op deze pagina vind je wat het is, of het in families voorkomt en wat je kunt doen als je vragen hebt.","Carbamoylfosfaatsynthetase 1 deficiëntie (CPS1-deficiëntie) betreft een genetisch bepaalde aandoening waarbij varianten in een of meerdere genen kunnen leiden tot klinische verschijnselen. De overerving kan autosomaal dominant, autosomaal recessief of X-gebonden zijn, afhankelijk van het onderliggende mechanisme. Diagnostiek kan bestaan uit moleculair-genetisch onderzoek en/of chromosoomanalyse. Voor counseling en interpretatie van uitslagen kan verwijzing naar de klinische genetica passend zijn.",Maak een afspraak bij de huisarts om je familiegeschiedenis te bespreken. Een klinisch geneticus kan uitleg geven over erfelijkheid.,Deze informatie is algemeen en is geen diagnose of persoonlijk medisch advies. Bespreek klachten of zorgen altijd met een arts.,autosomaal|recessief|dominant|x-gebonden|moleculair|chromosoomanalyse|counseling,15.5,5.032258064516129,31,2,15.5,6.967741935483871,62,4,11.312903225806451,12.087096774193547
C,Cardiofaciocutaan (CFC) syndroom,https://www.erfelijkheid.nl/ziektes/cardiofaciocutaan-cfc-syndroom,cardiofaciocutaan-cfc-syndroom,cardiofaciocutaan-cfc-syndroom,https://www.erfocentrum.nl/,Erfelijkheid hartziekten,cardiofaciocutaan cfc syn|cardiofaciocutaan cfc syndroom|cardiofaciocutaancfcsyndroom,Bij Cardiofaciocutaan (CFC) syndroom spelen genen een rol. Deze pagina helpt je om snel te vinden: is het erfelijk en wat is een logische volgende stap.,"Cardiofaciocutaan (CFC) syndroom betreft een genetisch bepaalde aandoening waarbij varianten in een of meerdere genen kunnen leiden tot klinische verschijnselen. De overerving kan autosomaal dominant, autosomaal recessief of X-gebonden zijn, afhankelijk van het onderliggende mechanisme. Diagnostiek kan bestaan uit moleculair-genetisch onderzoek en/of chromosoomanalyse. Voor counseling en interpretatie van uitslagen kan verwijzing naar de klinische genetica passend zijn.",Maak een afspraak bij de huisarts om je familiegeschiedenis te bespreken. Een klinisch geneticus kan uitleg geven over erfelijkheid.,Deze informatie is algemeen en is geen diagnose of persoonlijk medisch advies. Bespreek klachten of zorgen altijd met een arts.,autosomaal|recessief|dominant|x-gebonden|moleculair|chromosoomanalyse|counseling,13.0,4.6923076923076925,26,2,15.0,6.783333333333333,60,4,9.676923076923076,11.713333333333333
C,Carney complex,https://www.erfelijkheid.nl/ziektes/carney-complex,carney-complex,carney-complex,https://www.erfocentrum.nl/,Aanleg en ontwikkeling,carney complex|carneycomplex,Carney complex is een zeldzame erfelijke aandoening. Hier lees je in eenvoudige woorden de belangrijkste punten en waar je terechtkunt voor hulp.,Carney complex wordt in de literatuur beschreven als een genetische aandoening met heterogene etiologie. Fenotype-expressie en penetrantie kunnen variëren; risico-inschatting hangt af van familieanamnese en genetische bevindingen. Differentiaaldiagnostiek en indicatiestelling voor DNA-diagnostiek verlopen doorgaans via zorgprofessionals. Bespreek vragen met de huisarts; zo nodig volgt verwijzing naar een klinisch geneticus.,Bespreek je vraag met je huisarts. Vraag zo nodig om een verwijzing naar de klinische genetica.,Deze informatie is algemeen en is geen diagnose of persoonlijk medisch advies. Bespreek klachten of zorgen altijd met een arts.,penetrantie|fenotype|etiologie|differentiaaldiagnostiek|indicatiestelling,11.0,5.545454545454546,22,2,13.0,7.115384615384615,52,4,8.818181818181818,10.646153846153846
C,Carnitine palmitoyltransferase deficiëntie type 1,https://www.erfelijkheid.nl/ziektes/carnitine-palmitoyl-transferase-1-deficientie,carnitine-palmitoyl-transferase-1-deficientie,carnitine-palmitoyl-transferase-1-deficientie,https://www.erfocentrum.nl/,Aanleg en ontwikkeling,carnitine palmitoyl transferase 1 deficientie|carnitine palmitoyltransferase deficientie type 1|carnitine palmitoyltransferase deficiëntie type 1|carnitinepalmitoyltransferasedeficientietype1,"Carnitine palmitoyltransferase deficiëntie type 1 is een erfelijke aandoening. Op deze pagina vind je wat het is, of het in families voorkomt en wat je kunt doen als je vragen hebt.",Carnitine palmitoyltransferase deficiëntie type 1 wordt in de literatuur beschreven als een genetische aandoening met heterogene etiologie. Fenotype-expressie en penetrantie kunnen variëren; risico-inschatting hangt af van familieanamnese en genetische bevindingen. Differentiaaldiagnostiek en indicatiestelling voor DNA-diagnostiek verlopen doorgaans via zorgprofessionals. Bespreek vragen met de huisarts; zo nodig volgt verwijzing naar een klinisch geneticus.,Maak een afspraak bij de huisarts om je familiegeschiedenis te bespreken. Een klinisch geneticus kan uitleg geven over erfelijkheid.,Deze informatie is algemeen en is geen diagnose of persoonlijk medisch advies. Bespreek klachten of zorgen altijd met een arts.,penetrantie|fenotype|etiologie|differentiaaldiagnostiek|indicatiestelling,15.5,4.774193548387097,31,2,13.75,7.3090909090909095,55,4,11.209677419354838,11.173636363636364
C,Carnitine palmitoyl transferase 2 deficiëntie,https://www.erfelijkheid.nl/ziektes/carnitine-palmitoyl-transferase-2-deficientie,carnitine-palmitoyl-transferase-2-deficientie,carnitine-palmitoyl-transferase-2-deficientie,https://www.erfocentrum.nl/,Aanleg en ontwikkeling,carnitine palmitoyl transferase 2 deficientie|carnitine palmitoyl transferase 2 deficiëntie|carnitinepalmitoyltransferase2deficientie,"Carnitine palmitoyl transferase 2 deficiëntie is een erfelijke aandoening. Op deze pagina vind je wat het is, of het in families voorkomt en wat je kunt doen als je vragen hebt.",Carnitine palmitoyl transferase 2 deficiëntie wordt in de literatuur beschreven als een genetische aandoening met heterogene etiologie. Fenotype-expressie en penetrantie kunnen variëren; risico-inschatting hangt af van familieanamnese en genetische bevindingen. Differentiaaldiagnostiek en indicatiestelling voor DNA-diagnostiek verlopen doorgaans via zorgprofessionals. Bespreek vragen met de huisarts; zo nodig volgt verwijzing naar een klinisch geneticus.,Bespreek je vraag met je huisarts. Vraag zo nodig om een verwijzing naar de klinische genetica.,Deze informatie is algemeen en is geen diagnose of persoonlijk medisch advies. Bespreek klachten of zorgen altijd met een arts.,penetrantie|fenotype|etiologie|differentiaaldiagnostiek|indicatiestelling,15.5,4.645161290322581,31,2,13.75,7.236363636363636,55,4,11.15806451612903,11.144545454545455
C,Carpenter syndroom,https://www.erfelijkheid.nl/ziektes/carpenter-syndroom,carpenter-syndroom,carpenter-syndroom,https://www.erfocentrum.nl/,Aanleg en ontwikkeling,carpenter syn|carpenter syndroom|carpentersyndroom,"Carpenter syndroom is een erfelijke aandoening. Op deze pagina vind je wat het is, of het in families voorkomt en wat je kunt doen als je vragen hebt.","Carpenter syndroom betreft een genetisch bepaalde aandoening waarbij varianten in een of meerdere genen kunnen leiden tot klinische verschijnselen. De overerving kan autosomaal dominant, autosomaal recessief of X-gebonden zijn, afhankelijk van het onderliggende mechanisme. Diagnostiek kan bestaan uit moleculair-genetisch onderzoek en/of chromosoomanalyse. Voor counseling en interpretatie van uitslagen kan verwijzing naar de klinische genetica passend zijn.",Bespreek je vraag met je huisarts. Vraag zo nodig om een verwijzing naar de klinische genetica.,Deze informatie is algemeen en is geen diagnose of persoonlijk medisch advies. Bespreek klachten of zorgen altijd met een arts.,autosomaal|recessief|dominant|x-gebonden|moleculair|chromosoomanalyse|counseling,14.0,4.285714285714286,28,2,14.75,6.711864406779661,59,4,10.114285714285714,11.534745762711864
C,Cat eye syndroom,https://www.erfelijkheid.nl/ziektes/cat-eye-syndroom,cat-eye-syndroom,cat-eye-syndroom,https://www.erfocentrum.nl/,Aanleg en ontwikkeling,cat eye syn|cat eye syndroom|cateyesyndroom,Cat eye syndroom is een zeldzame erfelijke aandoening. Hier lees je in eenvoudige woorden de belangrijkste punten en waar je terechtkunt voor hulp.,"Cat eye syndroom betreft een genetisch bepaalde aandoening waarbij varianten in een of meerdere genen kunnen leiden tot klinische verschijnselen. De overerving kan autosomaal dominant, autosomaal recessief of X-gebonden zijn, afhankelijk van het onderliggende mechanisme. Diagnostiek kan bestaan uit moleculair-genetisch onderzoek en/of chromosoomanalyse. Voor counseling en interpretatie van uitslagen kan verwijzing naar de klinische genetica passend zijn.",Maak een afspraak bij de huisarts om je familiegeschiedenis te bespreken. Een klinisch geneticus kan uitleg geven over erfelijkheid.,Deze informatie is algemeen en is geen diagnose of persoonlijk medisch advies. Bespreek klachten of zorgen altijd met een arts.,autosomaal|recessief|dominant|x-gebonden|moleculair|chromosoomanalyse|counseling,11.5,5.3478260869565215,23,2,15.0,6.55,60,4,9.039130434782608,11.620000000000001
C,CDG (congenitale defecten van de glycosylering),https://www.erfelijkheid.nl/ziektes/cdg-congenitale-defecten-van-de-glycosylering,cdg-congenitale-defecten-van-de-glycosylering,cdg-congenitale-defecten-van-de-glycosylering,https://www.erfocentrum.nl/,Aanleg en ontwikkeling,cdg congenitale defecten van de glycosylering|cdgcongenitaledefectenvandeglycosylering,CDG (congenitale defecten van de glycosylering) is een zeldzame erfelijke aandoening. Hier lees je in eenvoudige woorden de belangrijkste punten en waar je terechtkunt voor hulp.,"CDG (congenitale defecten van de glycosylering) betreft een genetisch bepaalde aandoening waarbij varianten in een of meerdere genen kunnen leiden tot klinische verschijnselen. De overerving kan autosomaal dominant, autosomaal recessief of X-gebonden zijn, afhankelijk van het onderliggende mechanisme. Diagnostiek kan bestaan uit moleculair-genetisch onderzoek en/of chromosoomanalyse. Voor counseling en interpretatie van uitslagen kan verwijzing naar de klinische genetica passend zijn.",Maak een afspraak bij de huisarts om je familiegeschiedenis te bespreken. Een klinisch geneticus kan uitleg geven over erfelijkheid.,Deze informatie is algemeen en is geen diagnose of persoonlijk medisch advies. Bespreek klachten of zorgen altijd met een arts.,autosomaal|recessief|dominant|x-gebonden|moleculair|chromosoomanalyse|counseling,13.0,5.730769230769231,26,2,15.75,6.650793650793651,63,4,10.092307692307692,12.11031746031746
C,Cerebrale caverneuze malformaties,https://www.erfelijkheid.nl/ziektes/cerebrale-caverneuze-malformaties,cerebrale-caverneuze-malformaties,cerebrale-caverneuze-malformaties,https://www.erfocentrum.nl/,Erfelijkheid van neurologische ziekten,cerebrale caverneuze malformaties|cerebralecaverneuzemalformaties,Cerebrale caverneuze malformaties is een zeldzame erfelijke aandoening. Hier lees je in eenvoudige woorden de belangrijkste punten en waar je terechtkunt voor hulp.,"Cerebrale caverneuze malformaties betreft een genetisch bepaalde aandoening waarbij varianten in een of meerdere genen kunnen leiden tot klinische verschijnselen. De overerving kan autosomaal dominant, autosomaal recessief of X-gebonden zijn, afhankelijk van het onderliggende mechanisme. Diagnostiek kan bestaan uit moleculair-genetisch onderzoek en/of chromosoomanalyse. Voor counseling en interpretatie van uitslagen kan verwijzing naar de klinische genetica passend zijn.",Bespreek je vraag met je huisarts. Vraag zo nodig om een verwijzing naar de klinische genetica.,Deze informatie is algemeen en is geen diagnose of persoonlijk medisch advies. Bespreek klachten of zorgen altijd met een arts.,autosomaal|recessief|dominant|x-gebonden|moleculair|chromosoomanalyse|counseling,11.5,6.086956521739131,23,2,15.0,6.833333333333333,60,4,9.334782608695651,11.733333333333334
C,Cerebro-costo-mandibulair syndroom,https://www.erfelijkheid.nl/ziektes/cerebro-costo-mandibulair-syndroom,cerebro-costo-mandibulair-syndroom,cerebro-costo-mandibulair-syndroom,https://www.erfocentrum.nl/,Aanleg en ontwikkeling,cerebro costo mandibulair syndroom|cerebro-costo-mandibulair syn|cerebro-costo-mandibulair syndroom|cerebro-costo-mandibulairsyndroom,"Cerebro-costo-mandibulair syndroom is een erfelijke aandoening. Op deze pagina vind je wat het is, of het in families voorkomt en wat je kunt doen als je vragen hebt.",Cerebro-costo-mandibulair syndroom wordt in de literatuur beschreven als een genetische aandoening met heterogene etiologie. Fenotype-expressie en penetrantie kunnen variëren; risico-inschatting hangt af van familieanamnese en genetische bevindingen. Differentiaaldiagnostiek en indicatiestelling voor DNA-diagnostiek verlopen doorgaans via zorgprofessionals. Bespreek vragen met de huisarts; zo nodig volgt verwijzing naar een klinisch geneticus.,Maak een afspraak bij de huisarts om je familiegeschiedenis te bespreken. Een klinisch geneticus kan uitleg geven over erfelijkheid.,Deze informatie is algemeen en is geen diagnose of persoonlijk medisch advies. Bespreek klachten of zorgen altijd met een arts.,penetrantie|fenotype|etiologie|differentiaaldiagnostiek|indicatiestelling,15.0,4.466666666666667,30,2,13.5,7.185185185185185,54,4,10.786666666666667,10.974074074074075
C,Chanarin-Dorfman syndroom,https://www.erfelijkheid.nl/ziektes/chanarin-dorfman-syndroom,chanarin-dorfman-syndroom,chanarin-dorfman-syndroom,https://www.erfocentrum.nl/,Aanleg en ontwikkeling,chanarin dorfman syndroom|chanarin-dorfman syn|chanarin-dorfman syndroom|chanarin-dorfmansyndroom,"Chanarin-Dorfman syndroom is een erfelijke aandoening. Op deze pagina vind je wat het is, of het in families voorkomt en wat je kunt doen als je vragen hebt.","Chanarin-Dorfman syndroom betreft een genetisch bepaalde aandoening waarbij varianten in een of meerdere genen kunnen leiden tot klinische verschijnselen. De overerving kan autosomaal dominant, autosomaal recessief of X-gebonden zijn, afhankelijk van het onderliggende mechanisme. Diagnostiek kan bestaan uit moleculair-genetisch onderzoek en/of chromosoomanalyse. Voor counseling en interpretatie van uitslagen kan verwijzing naar de klinische genetica passend zijn.",Maak een afspraak bij de huisarts om je familiegeschiedenis te bespreken. Een klinisch geneticus kan uitleg geven over erfelijkheid.,Deze informatie is algemeen en is geen diagnose of persoonlijk medisch advies. Bespreek klachten of zorgen altijd met een arts.,autosomaal|recessief|dominant|x-gebonden|moleculair|chromosoomanalyse|counseling,14.5,4.344827586206897,29,2,15.0,6.7,60,4,10.437931034482759,11.68
C,CHARGE syndroom,https://www.erfelijkheid.nl/ziektes/charge-syndroom,charge-syndroom,charge-syndroom,https://www.erfocentrum.nl/,Aanleg en ontwikkeling,charge syn|charge syndroom|chargesyndroom,Bij CHARGE syndroom spelen genen een rol. Deze pagina helpt je om snel te vinden: is het erfelijk en wat is een logische volgende stap.,"CHARGE syndroom betreft een genetisch bepaalde aandoening waarbij varianten in een of meerdere genen kunnen leiden tot klinische verschijnselen. De overerving kan autosomaal dominant, autosomaal recessief of X-gebonden zijn, afhankelijk van het onderliggende mechanisme. Diagnostiek kan bestaan uit moleculair-genetisch onderzoek en/of chromosoomanalyse. Voor counseling en interpretatie van uitslagen kan verwijzing naar de klinische genetica passend zijn.",Maak een afspraak bij de huisarts om je familiegeschiedenis te bespreken. Een klinisch geneticus kan uitleg geven over erfelijkheid.,Deze informatie is algemeen en is geen diagnose of persoonlijk medisch advies. Bespreek klachten of zorgen altijd met een arts.,autosomaal|recessief|dominant|x-gebonden|moleculair|chromosoomanalyse|counseling,12.5,4.32,25,2,14.75,6.661016949152542,59,4,9.228,11.514406779661016
C,Chiari malformatie,https://www.erfelijkheid.nl/ziektes/chiari-malformatie,chiari-malformatie,chiari-malformatie,https://www.erfocentrum.nl/,Aanleg en ontwikkeling,chiari malformatie|chiarimalformatie,Bij Chiari malformatie spelen genen een rol. Deze pagina helpt je om snel te vinden: is het erfelijk en wat is een logische volgende stap.,Chiari malformatie wordt in de literatuur beschreven als een genetische aandoening met heterogene etiologie. Fenotype-expressie en penetrantie kunnen variëren; risico-inschatting hangt af van familieanamnese en genetische bevindingen. Differentiaaldiagnostiek en indicatiestelling voor DNA-diagnostiek verlopen doorgaans via zorgprofessionals. Bespreek vragen met de huisarts; zo nodig volgt verwijzing naar een klinisch geneticus.,Bespreek je vraag met je huisarts. Vraag zo nodig om een verwijzing naar de klinische genetica.,Deze informatie is algemeen en is geen diagnose of persoonlijk medisch advies. Bespreek klachten of zorgen altijd met een arts.,penetrantie|fenotype|etiologie|differentiaaldiagnostiek|indicatiestelling,12.5,4.44,25,2,13.0,7.1923076923076925,52,4,9.276,10.676923076923078
C,Choane Atresie,https://www.erfelijkheid.nl/ziektes/choane-atresie,choane-atresie,choane-atresie,https://www.erfocentrum.nl/,Aanleg en ontwikkeling,choane atresie|choaneatresie,Choane Atresie is een zeldzame erfelijke aandoening. Hier lees je in eenvoudige woorden de belangrijkste punten en waar je terechtkunt voor hulp.,Choane Atresie wordt in de literatuur beschreven als een genetische aandoening met heterogene etiologie. Fenotype-expressie en penetrantie kunnen variëren; risico-inschatting hangt af van familieanamnese en genetische bevindingen. Differentiaaldiagnostiek en indicatiestelling voor DNA-diagnostiek verlopen doorgaans via zorgprofessionals. Bespreek vragen met de huisarts; zo nodig volgt verwijzing naar een klinisch geneticus.,Maak een afspraak bij de huisarts om je familiegeschiedenis te bespreken. Een klinisch geneticus kan uitleg geven over erfelijkheid.,Deze informatie is algemeen en is geen diagnose of persoonlijk medisch advies. Bespreek klachten of zorgen altijd met een arts.,penetrantie|fenotype|etiologie|differentiaaldiagnostiek|indicatiestelling,11.0,5.545454545454546,22,2,13.0,7.115384615384615,52,4,8.818181818181818,10.646153846153846
C,Christianson syndroom,https://www.erfelijkheid.nl/ziektes/christianson-syndroom,christianson-syndroom,christianson-syndroom,https://www.erfocentrum.nl/,Aanleg en ontwikkeling,christianson syn|christianson syndroom|christiansonsyndroom,"Christianson syndroom is een erfelijke aandoening. Op deze pagina vind je wat het is, of het in families voorkomt en wat je kunt doen als je vragen hebt.",Christianson syndroom wordt in de literatuur beschreven als een genetische aandoening met heterogene etiologie. Fenotype-expressie en penetrantie kunnen variëren; risico-inschatting hangt af van familieanamnese en genetische bevindingen. Differentiaaldiagnostiek en indicatiestelling voor DNA-diagnostiek verlopen doorgaans via zorgprofessionals. Bespreek vragen met de huisarts; zo nodig volgt verwijzing naar een klinisch geneticus.,Bespreek je vraag met je huisarts. Vraag zo nodig om een verwijzing naar de klinische genetica.,Deze informatie is algemeen en is geen diagnose of persoonlijk medisch advies. Bespreek klachten of zorgen altijd met een arts.,penetrantie|fenotype|etiologie|differentiaaldiagnostiek|indicatiestelling,14.0,4.392857142857143,28,2,13.0,7.25,52,4,10.157142857142858,10.7
C,Chronische granulomateuze ziekte,https://www.erfelijkheid.nl/ziektes/chronische-granulomateuze-ziekte,chronische-granulomateuze-ziekte,chronische-granulomateuze-ziekte,https://www.erfocentrum.nl/,Aanleg en ontwikkeling,chronische granulomateuze ziekte|chronischegranulomateuzeziekte,Bij Chronische granulomateuze ziekte spelen genen een rol. Deze pagina helpt je om snel te vinden: is het erfelijk en wat is een logische volgende stap.,"Chronische granulomateuze ziekte betreft een genetisch bepaalde aandoening waarbij varianten in een of meerdere genen kunnen leiden tot klinische verschijnselen. De overerving kan autosomaal dominant, autosomaal recessief of X-gebonden zijn, afhankelijk van het onderliggende mechanisme. Diagnostiek kan bestaan uit moleculair-genetisch onderzoek en/of chromosoomanalyse. Voor counseling en interpretatie van uitslagen kan verwijzing naar de klinische genetica passend zijn.",Bespreek je vraag met je huisarts. Vraag zo nodig om een verwijzing naar de klinische genetica.,Deze informatie is algemeen en is geen diagnose of persoonlijk medisch advies. Bespreek klachten of zorgen altijd met een arts.,autosomaal|recessief|dominant|x-gebonden|moleculair|chromosoomanalyse|counseling,13.0,4.769230769230769,26,2,15.0,6.816666666666666,60,4,9.707692307692307,11.726666666666667
C,Chronische mucocutane candidiasis,https://www.erfelijkheid.nl/ziektes/chronische-mucocutane-candidiasis,chronische-mucocutane-candidiasis,chronische-mucocutane-candidiasis,https://www.erfocentrum.nl/,Aanleg en ontwikkeling,chronische mucocutane candidiasis|chronischemucocutanecandidiasis,Chronische mucocutane candidiasis is een zeldzame erfelijke aandoening. Hier lees je in eenvoudige woorden de belangrijkste punten en waar je terechtkunt voor hulp.,Chronische mucocutane candidiasis wordt in de literatuur beschreven als een genetische aandoening met heterogene etiologie. Fenotype-expressie en penetrantie kunnen variëren; risico-inschatting hangt af van familieanamnese en genetische bevindingen. Differentiaaldiagnostiek en indicatiestelling voor DNA-diagnostiek verlopen doorgaans via zorgprofessionals. Bespreek vragen met de huisarts; zo nodig volgt verwijzing naar een klinisch geneticus.,Bespreek je vraag met je huisarts. Vraag zo nodig om een verwijzing naar de klinische genetica.,Deze informatie is algemeen en is geen diagnose of persoonlijk medisch advies. Bespreek klachten of zorgen altijd met een arts.,penetrantie|fenotype|etiologie|differentiaaldiagnostiek|indicatiestelling,11.5,6.086956521739131,23,2,13.25,7.320754716981132,53,4,9.334782608695651,10.878301886792453
C,Chung-Jansen syndroom,https://www.erfelijkheid.nl/ziektes/chung-jansen-syndroom,chung-jansen-syndroom,chung-jansen-syndroom,https://www.erfocentrum.nl/,Aanleg en ontwikkeling,chung jansen syndroom|chung-jansen syn|chung-jansen syndroom|chung-jansensyndroom,Chung-Jansen syndroom is een zeldzame erfelijke aandoening. Hier lees je in eenvoudige woorden de belangrijkste punten en waar je terechtkunt voor hulp.,"Chung-Jansen syndroom betreft een genetisch bepaalde aandoening waarbij varianten in een of meerdere genen kunnen leiden tot klinische verschijnselen. De overerving kan autosomaal dominant, autosomaal recessief of X-gebonden zijn, afhankelijk van het onderliggende mechanisme. Diagnostiek kan bestaan uit moleculair-genetisch onderzoek en/of chromosoomanalyse. Voor counseling en interpretatie van uitslagen kan verwijzing naar de klinische genetica passend zijn.",Bespreek je vraag met je huisarts. Vraag zo nodig om een verwijzing naar de klinische genetica.,Deze informatie is algemeen en is geen diagnose of persoonlijk medisch advies. Bespreek klachten of zorgen altijd met een arts.,autosomaal|recessief|dominant|x-gebonden|moleculair|chromosoomanalyse|counseling,11.5,5.565217391304348,23,2,15.0,6.633333333333334,60,4,9.126086956521739,11.653333333333334
C,Ciliopathieën (erfelijke ziektes van de trilharen),https://www.erfelijkheid.nl/ziektes/Erfelijke%20ziekten%20van%20de%20trilharen%20Ciliopathie%C3%ABn,Erfelijke%20ziekten%20van%20de%20trilharen%20Ciliopathie%C3%ABn,Erfelijke%20ziekten%20van%20de%20trilharen%20Ciliopathie%C3%ABn,https://www.erfocentrum.nl/,Aanleg en ontwikkeling,Erfelijke%20ziekten%20van%20de%20trilharen%20Ciliopathie%C3%ABn|ciliopathieen erfelijke ziektes van de trilharen|ciliopathieenerfelijkeziektesvandetrilharen,Bij Ciliopathieën (erfelijke ziektes van de trilharen) spelen genen een rol. Deze pagina helpt je om snel te vinden: is het erfelijk en wat is een logische volgende stap.,Ciliopathieën (erfelijke ziektes van de trilharen) wordt in de literatuur beschreven als een genetische aandoening met heterogene etiologie. Fenotype-expressie en penetrantie kunnen variëren; risico-inschatting hangt af van familieanamnese en genetische bevindingen. Differentiaaldiagnostiek en indicatiestelling voor DNA-diagnostiek verlopen doorgaans via zorgprofessionals. Bespreek vragen met de huisarts; zo nodig volgt verwijzing naar een klinisch geneticus.,Maak een afspraak bij de huisarts om je familiegeschiedenis te bespreken. Een klinisch geneticus kan uitleg geven over erfelijkheid.,Deze informatie is algemeen en is geen diagnose of persoonlijk medisch advies. Bespreek klachten of zorgen altijd met een arts.,penetrantie|fenotype|etiologie|differentiaaldiagnostiek|indicatiestelling,14.5,4.724137931034483,29,2,14.0,7.142857142857143,56,4,10.589655172413792,11.257142857142858
C,Citrullinemie type 1,https://www.erfelijkheid.nl/ziektes/citrullinemie-type-1,citrullinemie-type-1,citrullinemie-type-1,https://www.erfocentrum.nl/,Aanleg en ontwikkeling,citrullinemie type 1|citrullinemietype1,Citrullinemie type 1 is een zeldzame erfelijke aandoening. Hier lees je in eenvoudige woorden de belangrijkste punten en waar je terechtkunt voor hulp.,Citrullinemie type 1 wordt in de literatuur beschreven als een genetische aandoening met heterogene etiologie. Fenotype-expressie en penetrantie kunnen variëren; risico-inschatting hangt af van familieanamnese en genetische bevindingen. Differentiaaldiagnostiek en indicatiestelling voor DNA-diagnostiek verlopen doorgaans via zorgprofessionals. Bespreek vragen met de huisarts; zo nodig volgt verwijzing naar een klinisch geneticus.,Maak een afspraak bij de huisarts om je familiegeschiedenis te bespreken. Een klinisch geneticus kan uitleg geven over erfelijkheid.,Deze informatie is algemeen en is geen diagnose of persoonlijk medisch advies. Bespreek klachten of zorgen altijd met een arts.,penetrantie|fenotype|etiologie|differentiaaldiagnostiek|indicatiestelling,11.5,5.521739130434782,23,2,13.25,7.0754716981132075,53,4,9.108695652173912,10.780188679245283
C,CLCN4 mutaties,https://www.erfelijkheid.nl/ziektes/clcn4-mutaties,clcn4-mutaties,clcn4-mutaties,https://www.erfocentrum.nl/,Aanleg en ontwikkeling,clcn 4 mutaties|clcn4 mutaties|clcn4mutaties,"CLCN4 mutaties is een erfelijke aandoening. Op deze pagina vind je wat het is, of het in families voorkomt en wat je kunt doen als je vragen hebt.","CLCN4 mutaties betreft een genetisch bepaalde aandoening waarbij varianten in een of meerdere genen kunnen leiden tot klinische verschijnselen. De overerving kan autosomaal dominant, autosomaal recessief of X-gebonden zijn, afhankelijk van het onderliggende mechanisme. Diagnostiek kan bestaan uit moleculair-genetisch onderzoek en/of chromosoomanalyse. Voor counseling en interpretatie van uitslagen kan verwijzing naar de klinische genetica passend zijn.",Bespreek je vraag met je huisarts. Vraag zo nodig om een verwijzing naar de klinische genetica.,Deze informatie is algemeen en is geen diagnose of persoonlijk medisch advies. Bespreek klachten of zorgen altijd met een arts.,autosomaal|recessief|dominant|x-gebonden|moleculair|chromosoomanalyse|counseling,14.0,4.142857142857143,28,2,14.75,6.6440677966101696,59,4,10.057142857142857,11.507627118644068
C,CMTC (Cutis Marmorata Telangiectatica Congenita),https://www.erfelijkheid.nl/ziektes/cmtc-cutis-marmorata-telangiectatica-congenita,cmtc-cutis-marmorata-telangiectatica-congenita,cmtc-cutis-marmorata-telangiectatica-congenita,https://www.erfocentrum.nl/,Aanleg en ontwikkeling,cmtc cutis marmorata telangiectatica congenita|cmtccutismarmoratatelangiectaticacongenita,CMTC (Cutis Marmorata Telangiectatica Congenita) is een zeldzame erfelijke aandoening. Hier lees je in eenvoudige woorden de belangrijkste punten en waar je terechtkunt voor hulp.,CMTC (Cutis Marmorata Telangiectatica Congenita) wordt in de literatuur beschreven als een genetische aandoening met heterogene etiologie. Fenotype-expressie en penetrantie kunnen variëren; risico-inschatting hangt af van familieanamnese en genetische bevindingen. Differentiaaldiagnostiek en indicatiestelling voor DNA-diagnostiek verlopen doorgaans via zorgprofessionals. Bespreek vragen met de huisarts; zo nodig volgt verwijzing naar een klinisch geneticus.,Bespreek je vraag met je huisarts. Vraag zo nodig om een verwijzing naar de klinische genetica.,Deze informatie is algemeen en is geen diagnose of persoonlijk medisch advies. Bespreek klachten of zorgen altijd met een arts.,penetrantie|fenotype|etiologie|differentiaaldiagnostiek|indicatiestelling,12.5,6.04,25,2,13.75,7.254545454545455,55,4,9.916,11.151818181818182
C,Cockayne syndroom,https://www.erfelijkheid.nl/ziektes/cockayne-syndroom,cockayne-syndroom,cockayne-syndroom,https://www.erfocentrum.nl/,Aanleg en ontwikkeling,cockayne syn|cockayne syndroom|cockaynesyndroom,"Cockayne syndroom is een erfelijke aandoening. Op deze pagina vind je wat het is, of het in families voorkomt en wat je kunt doen als je vragen hebt.",Cockayne syndroom wordt in de literatuur beschreven als een genetische aandoening met heterogene etiologie. Fenotype-expressie en penetrantie kunnen variëren; risico-inschatting hangt af van familieanamnese en genetische bevindingen. Differentiaaldiagnostiek en indicatiestelling voor DNA-diagnostiek verlopen doorgaans via zorgprofessionals. Bespreek vragen met de huisarts; zo nodig volgt verwijzing naar een klinisch geneticus.,Bespreek je vraag met je huisarts. Vraag zo nodig om een verwijzing naar de klinische genetica.,Deze informatie is algemeen en is geen diagnose of persoonlijk medisch advies. Bespreek klachten of zorgen altijd met een arts.,penetrantie|fenotype|etiologie|differentiaaldiagnostiek|indicatiestelling,14.0,4.25,28,2,13.0,7.173076923076923,52,4,10.100000000000001,10.669230769230769
C,Coeliakie,https://www.erfelijkheid.nl/ziektes/coeliakie,coeliakie,coeliakie,https://www.erfocentrum.nl/,Aanleg en ontwikkeling,coeliakie,"Coeliakie is een erfelijke aandoening. Op deze pagina vind je wat het is, of het in families voorkomt en wat je kunt doen als je vragen hebt.",Coeliakie wordt in de literatuur beschreven als een genetische aandoening met heterogene etiologie. Fenotype-expressie en penetrantie kunnen variëren; risico-inschatting hangt af van familieanamnese en genetische bevindingen. Differentiaaldiagnostiek en indicatiestelling voor DNA-diagnostiek verlopen doorgaans via zorgprofessionals. Bespreek vragen met de huisarts; zo nodig volgt verwijzing naar een klinisch geneticus.,Bespreek je vraag met je huisarts. Vraag zo nodig om een verwijzing naar de klinische genetica.,Deze informatie is algemeen en is geen diagnose of persoonlijk medisch advies. Bespreek klachten of zorgen altijd met een arts.,penetrantie|fenotype|etiologie|differentiaaldiagnostiek|indicatiestelling,13.5,4.148148148148148,27,2,12.75,7.176470588235294,51,4,9.75925925925926,10.520588235294117
C,Coffin-Lowry syndroom,https://www.erfelijkheid.nl/ziektes/coffin-lowry-syndroom,coffin-lowry-syndroom,coffin-lowry-syndroom,https://www.erfocentrum.nl/,Aanleg en ontwikkeling,coffin lowry syndroom|coffin-lowry syn|coffin-lowry syndroom|coffin-lowrysyndroom,Bij Coffin-Lowry syndroom spelen genen een rol. Deze pagina helpt je om snel te vinden: is het erfelijk en wat is een logische volgende stap.,"Coffin-Lowry syndroom betreft een genetisch bepaalde aandoening waarbij varianten in een of meerdere genen kunnen leiden tot klinische verschijnselen. De overerving kan autosomaal dominant, autosomaal recessief of X-gebonden zijn, afhankelijk van het onderliggende mechanisme. Diagnostiek kan bestaan uit moleculair-genetisch onderzoek en/of chromosoomanalyse. Voor counseling en interpretatie van uitslagen kan verwijzing naar de klinische genetica passend zijn.",Maak een afspraak bij de huisarts om je familiegeschiedenis te bespreken. Een klinisch geneticus kan uitleg geven over erfelijkheid.,Deze informatie is algemeen en is geen diagnose of persoonlijk medisch advies. Bespreek klachten of zorgen altijd met een arts.,autosomaal|recessief|dominant|x-gebonden|moleculair|chromosoomanalyse|counseling,13.0,4.346153846153846,26,2,15.0,6.633333333333334,60,4,9.538461538461538,11.653333333333334
C,Coffin-Siris syndroom,https://www.erfelijkheid.nl/ziektes/coffin-siris-syndroom,coffin-siris-syndroom,coffin-siris-syndroom,https://www.erfocentrum.nl/,Aanleg en ontwikkeling,coffin siris syndroom|coffin-siris syn|coffin-siris syndroom|coffin-sirissyndroom,Bij Coffin-Siris syndroom spelen genen een rol. Deze pagina helpt je om snel te vinden: is het erfelijk en wat is een logische volgende stap.,Coffin-Siris syndroom wordt in de literatuur beschreven als een genetische aandoening met heterogene etiologie. Fenotype-expressie en penetrantie kunnen variëren; risico-inschatting hangt af van familieanamnese en genetische bevindingen. Differentiaaldiagnostiek en indicatiestelling voor DNA-diagnostiek verlopen doorgaans via zorgprofessionals. Bespreek vragen met de huisarts; zo nodig volgt verwijzing naar een klinisch geneticus.,Bespreek je vraag met je huisarts. Vraag zo nodig om een verwijzing naar de klinische genetica.,Deze informatie is algemeen en is geen diagnose of persoonlijk medisch advies. Bespreek klachten of zorgen altijd met een arts.,penetrantie|fenotype|etiologie|differentiaaldiagnostiek|indicatiestelling,13.0,4.346153846153846,26,2,13.25,7.09433962264151,53,4,9.538461538461538,10.787735849056602
C,Cohen Syndroom,https://www.erfelijkheid.nl/ziektes/cohen-syndroom,cohen-syndroom,cohen-syndroom,https://www.erfocentrum.nl/,Aanleg en ontwikkeling,cohen syn|cohen syndroom|cohensyndroom,Bij Cohen Syndroom spelen genen een rol. Deze pagina helpt je om snel te vinden: is het erfelijk en wat is een logische volgende stap.,"Cohen Syndroom betreft een genetisch bepaalde aandoening waarbij varianten in een of meerdere genen kunnen leiden tot klinische verschijnselen. De overerving kan autosomaal dominant, autosomaal recessief of X-gebonden zijn, afhankelijk van het onderliggende mechanisme. Diagnostiek kan bestaan uit moleculair-genetisch onderzoek en/of chromosoomanalyse. Voor counseling en interpretatie van uitslagen kan verwijzing naar de klinische genetica passend zijn.",Bespreek je vraag met je huisarts. Vraag zo nodig om een verwijzing naar de klinische genetica.,Deze informatie is algemeen en is geen diagnose of persoonlijk medisch advies. Bespreek klachten of zorgen altijd met een arts.,autosomaal|recessief|dominant|x-gebonden|moleculair|chromosoomanalyse|counseling,12.5,4.28,25,2,14.75,6.6440677966101696,59,4,9.212,11.507627118644068
C,Colitis ulcerosa,https://www.erfelijkheid.nl/ziektes/colitis-ulcerosa,colitis-ulcerosa,colitis-ulcerosa,https://www.erfocentrum.nl/,Aanleg en ontwikkeling,colitis ulcerosa|colitisulcerosa,Colitis ulcerosa is een zeldzame erfelijke aandoening. Hier lees je in eenvoudige woorden de belangrijkste punten en waar je terechtkunt voor hulp.,Colitis ulcerosa wordt in de literatuur beschreven als een genetische aandoening met heterogene etiologie. Fenotype-expressie en penetrantie kunnen variëren; risico-inschatting hangt af van familieanamnese en genetische bevindingen. Differentiaaldiagnostiek en indicatiestelling voor DNA-diagnostiek verlopen doorgaans via zorgprofessionals. Bespreek vragen met de huisarts; zo nodig volgt verwijzing naar een klinisch geneticus.,Bespreek je vraag met je huisarts. Vraag zo nodig om een verwijzing naar de klinische genetica.,Deze informatie is algemeen en is geen diagnose of persoonlijk medisch advies. Bespreek klachten of zorgen altijd met een arts.,penetrantie|fenotype|etiologie|differentiaaldiagnostiek|indicatiestelling,11.0,5.636363636363637,22,2,13.0,7.153846153846154,52,4,8.854545454545455,10.661538461538463
C,Collageen VI-gerelateerde spierdystrofie,https://www.erfelijkheid.nl/ziektes/collageen-VI-gerelateerde-spierdystrofie,collageen-VI-gerelateerde-spierdystrofie,collageen-VI-gerelateerde-spierdystrofie,https://www.erfocentrum.nl/,Erfelijkheid van neurologische ziekten,collageen VI gerelateerde spierdystrofie|collageen vi gerelateerde spierdystrofie|collageen vi-gerelateerde spierdystrofie|collageenvi-gerelateerdespierdystrofie,Bij Collageen VI-gerelateerde spierdystrofie spelen genen een rol. Deze pagina helpt je om snel te vinden: is het erfelijk en wat is een logische volgende stap.,Collageen VI-gerelateerde spierdystrofie wordt in de literatuur beschreven als een genetische aandoening met heterogene etiologie. Fenotype-expressie en penetrantie kunnen variëren; risico-inschatting hangt af van familieanamnese en genetische bevindingen. Differentiaaldiagnostiek en indicatiestelling voor DNA-diagnostiek verlopen doorgaans via zorgprofessionals. Bespreek vragen met de huisarts; zo nodig volgt verwijzing naar een klinisch geneticus.,Bespreek je vraag met je huisarts. Vraag zo nodig om een verwijzing naar de klinische genetica.,Deze informatie is algemeen en is geen diagnose of persoonlijk medisch advies. Bespreek klachten of zorgen altijd met een arts.,penetrantie|fenotype|etiologie|differentiaaldiagnostiek|indicatiestelling,13.5,4.851851851851852,27,2,13.5,7.296296296296297,54,4,10.040740740740741,11.018518518518519
C,"Common variabele immuundeficiëntie (CVID, gewone variabele immuundeficiëntie)",https://www.erfelijkheid.nl/ziektes/common-variabele-immuundefici%C3%ABntie-cvid-gewone-variabele-immuundefici%C3%ABntie,common-variabele-immuundefici%C3%ABntie-cvid-gewone-variabele-immuundefici%C3%ABntie,common-variabele-immuundefici%C3%ABntie-cvid-gewone-variabele-immuundefici%C3%ABntie,https://www.erfocentrum.nl/,Aanleg en ontwikkeling,common variabele immuundeficientie cvid gewone variabele immuundeficientie|common variabele immuundeficiëntie cvid gewone variabele immuundeficiëntie|commonvariabeleimmuundeficientiecvidgewonevariabeleimmuundeficientie,"Bij Common variabele immuundeficiëntie (CVID, gewone variabele immuundeficiëntie) spelen genen een rol. Deze pagina helpt je om snel te vinden: is het erfelijk en wat is een logische volgende stap.","Common variabele immuundeficiëntie (CVID, gewone variabele immuundeficiëntie) wordt in de literatuur beschreven als een genetische aandoening met heterogene etiologie. Fenotype-expressie en penetrantie kunnen variëren; risico-inschatting hangt af van familieanamnese en genetische bevindingen. Differentiaaldiagnostiek en indicatiestelling voor DNA-diagnostiek verlopen doorgaans via zorgprofessionals. Bespreek vragen met de huisarts; zo nodig volgt verwijzing naar een klinisch geneticus.",Bespreek je vraag met je huisarts. Vraag zo nodig om een verwijzing naar de klinische genetica.,Deze informatie is algemeen en is geen diagnose of persoonlijk medisch advies. Bespreek klachten of zorgen altijd met een arts.,penetrantie|fenotype|etiologie|differentiaaldiagnostiek|indicatiestelling,15.0,5.4,30,2,14.25,7.456140350877193,57,4,11.16,11.532456140350876
C,Complement factor 1 deficiëntie,https://www.erfelijkheid.nl/ziektes/complement-factor-1-deficientie,complement-factor-1-deficientie,complement-factor-1-deficientie,https://www.erfocentrum.nl/,Aanleg en ontwikkeling,complement factor 1 deficientie|complement factor 1 deficiëntie|complementfactor1deficientie,Complement factor 1 deficiëntie is een zeldzame erfelijke aandoening. Hier lees je in eenvoudige woorden de belangrijkste punten en waar je terechtkunt voor hulp.,Complement factor 1 deficiëntie wordt in de literatuur beschreven als een genetische aandoening met heterogene etiologie. Fenotype-expressie en penetrantie kunnen variëren; risico-inschatting hangt af van familieanamnese en genetische bevindingen. Differentiaaldiagnostiek en indicatiestelling voor DNA-diagnostiek verlopen doorgaans via zorgprofessionals. Bespreek vragen met de huisarts; zo nodig volgt verwijzing naar een klinisch geneticus.,Maak een afspraak bij de huisarts om je familiegeschiedenis te bespreken. Een klinisch geneticus kan uitleg geven over erfelijkheid.,Deze informatie is algemeen en is geen diagnose of persoonlijk medisch advies. Bespreek klachten of zorgen altijd met een arts.,penetrantie|fenotype|etiologie|differentiaaldiagnostiek|indicatiestelling,12.0,5.708333333333333,24,2,13.5,7.12962962962963,54,4,9.483333333333333,10.951851851851853
C,Complex I deficiëntie,https://www.erfelijkheid.nl/ziektes/complex-i-defici%C3%ABntie,complex-i-defici%C3%ABntie,complex-i-defici%C3%ABntie,https://www.erfocentrum.nl/,Aanleg en ontwikkeling,complex i defici%C3%ABntie|complex i deficientie|complex i deficiëntie|complexideficientie,Bij Complex I deficiëntie spelen genen een rol. Deze pagina helpt je om snel te vinden: is het erfelijk en wat is een logische volgende stap.,Complex I deficiëntie wordt in de literatuur beschreven als een genetische aandoening met heterogene etiologie. Fenotype-expressie en penetrantie kunnen variëren; risico-inschatting hangt af van familieanamnese en genetische bevindingen. Differentiaaldiagnostiek en indicatiestelling voor DNA-diagnostiek verlopen doorgaans via zorgprofessionals. Bespreek vragen met de huisarts; zo nodig volgt verwijzing naar een klinisch geneticus.,Maak een afspraak bij de huisarts om je familiegeschiedenis te bespreken. Een klinisch geneticus kan uitleg geven over erfelijkheid.,Deze informatie is algemeen en is geen diagnose of persoonlijk medisch advies. Bespreek klachten of zorgen altijd met een arts.,penetrantie|fenotype|etiologie|differentiaaldiagnostiek|indicatiestelling,13.0,4.346153846153846,26,2,13.25,7.09433962264151,53,4,9.538461538461538,10.787735849056602
C,Congenitaal hyperinsulinisme,https://www.erfelijkheid.nl/ziektes/congenitale-hyperinsulinisme,congenitale-hyperinsulinisme,congenitale-hyperinsulinisme,https://www.erfocentrum.nl/,Aanleg en ontwikkeling,congenitaal hyperinsulinisme|congenitaalhyperinsulinisme|congenitale hyperinsulinisme,Congenitaal hyperinsulinisme is een zeldzame erfelijke aandoening. Hier lees je in eenvoudige woorden de belangrijkste punten en waar je terechtkunt voor hulp.,Congenitaal hyperinsulinisme wordt in de literatuur beschreven als een genetische aandoening met heterogene etiologie. Fenotype-expressie en penetrantie kunnen variëren; risico-inschatting hangt af van familieanamnese en genetische bevindingen. Differentiaaldiagnostiek en indicatiestelling voor DNA-diagnostiek verlopen doorgaans via zorgprofessionals. Bespreek vragen met de huisarts; zo nodig volgt verwijzing naar een klinisch geneticus.,Maak een afspraak bij de huisarts om je familiegeschiedenis te bespreken. Een klinisch geneticus kan uitleg geven over erfelijkheid.,Deze informatie is algemeen en is geen diagnose of persoonlijk medisch advies. Bespreek klachten of zorgen altijd met een arts.,penetrantie|fenotype|etiologie|differentiaaldiagnostiek|indicatiestelling,11.0,6.181818181818182,22,2,13.0,7.384615384615385,52,4,9.072727272727272,10.753846153846155
C,Congenitaal hypopituïtarisme,https://www.erfelijkheid.nl/ziektes/congenitaal-hypopitu%C3%AFtarisme,congenitaal-hypopitu%C3%AFtarisme,congenitaal-hypopitu%C3%AFtarisme,https://www.erfocentrum.nl/,Aanleg en ontwikkeling,congenitaal hypopitu%C3%AFtarisme|congenitaal hypopituitarisme|congenitaalhypopituitarisme,Congenitaal hypopituïtarisme is een zeldzame erfelijke aandoening. Hier lees je in eenvoudige woorden de belangrijkste punten en waar je terechtkunt voor hulp.,"Congenitaal hypopituïtarisme betreft een genetisch bepaalde aandoening waarbij varianten in een of meerdere genen kunnen leiden tot klinische verschijnselen. De overerving kan autosomaal dominant, autosomaal recessief of X-gebonden zijn, afhankelijk van het onderliggende mechanisme. Diagnostiek kan bestaan uit moleculair-genetisch onderzoek en/of chromosoomanalyse. Voor counseling en interpretatie van uitslagen kan verwijzing naar de klinische genetica passend zijn.",Maak een afspraak bij de huisarts om je familiegeschiedenis te bespreken. Een klinisch geneticus kan uitleg geven over erfelijkheid.,Deze informatie is algemeen en is geen diagnose of persoonlijk medisch advies. Bespreek klachten of zorgen altijd met een arts.,autosomaal|recessief|dominant|x-gebonden|moleculair|chromosoomanalyse|counseling,11.0,6.181818181818182,22,2,14.75,6.88135593220339,59,4,9.072727272727272,11.602542372881356
C,Congenitaal Lobair Emfyseem,https://www.erfelijkheid.nl/ziektes/congenitaal-lobair-emfyseem,congenitaal-lobair-emfyseem,congenitaal-lobair-emfyseem,https://www.erfocentrum.nl/,Aanleg en ontwikkeling,congenitaal lobair emfyseem|congenitaallobairemfyseem,"Congenitaal Lobair Emfyseem is een erfelijke aandoening. Op deze pagina vind je wat het is, of het in families voorkomt en wat je kunt doen als je vragen hebt.","Congenitaal Lobair Emfyseem betreft een genetisch bepaalde aandoening waarbij varianten in een of meerdere genen kunnen leiden tot klinische verschijnselen. De overerving kan autosomaal dominant, autosomaal recessief of X-gebonden zijn, afhankelijk van het onderliggende mechanisme. Diagnostiek kan bestaan uit moleculair-genetisch onderzoek en/of chromosoomanalyse. Voor counseling en interpretatie van uitslagen kan verwijzing naar de klinische genetica passend zijn.",Maak een afspraak bij de huisarts om je familiegeschiedenis te bespreken. Een klinisch geneticus kan uitleg geven over erfelijkheid.,Deze informatie is algemeen en is geen diagnose of persoonlijk medisch advies. Bespreek klachten of zorgen altijd met een arts.,autosomaal|recessief|dominant|x-gebonden|moleculair|chromosoomanalyse|counseling,14.5,4.413793103448276,29,2,15.0,6.733333333333333,60,4,10.46551724137931,11.693333333333333
C,Congenitale bilaterale afwezigheid van het vas deferens (CBAVD),https://www.erfelijkheid.nl/ziektes/congenitale-bilaterale-afwezigheid-van-het-vas-deferens-CBAVD,congenitale-bilaterale-afwezigheid-van-het-vas-deferens-CBAVD,congenitale-bilaterale-afwezigheid-van-het-vas-deferens-CBAVD,https://www.erfocentrum.nl/,Aanleg en ontwikkeling,congenitale bilaterale afwezigheid van het vas deferens CBAVD|congenitale bilaterale afwezigheid van het vas deferens cbavd|congenitalebilateraleafwezigheidvanhetvasdeferenscbavd,"Congenitale bilaterale afwezigheid van het vas deferens (CBAVD) is een erfelijke aandoening. Op deze pagina vind je wat het is, of het in families voorkomt en wat je kunt doen als je vragen hebt.",Congenitale bilaterale afwezigheid van het vas deferens (CBAVD) wordt in de literatuur beschreven als een genetische aandoening met heterogene etiologie. Fenotype-expressie en penetrantie kunnen variëren; risico-inschatting hangt af van familieanamnese en genetische bevindingen. Differentiaaldiagnostiek en indicatiestelling voor DNA-diagnostiek verlopen doorgaans via zorgprofessionals. Bespreek vragen met de huisarts; zo nodig volgt verwijzing naar een klinisch geneticus.,Bespreek je vraag met je huisarts. Vraag zo nodig om een verwijzing naar de klinische genetica.,Deze informatie is algemeen en is geen diagnose of persoonlijk medisch advies. Bespreek klachten of zorgen altijd met een arts.,penetrantie|fenotype|etiologie|differentiaaldiagnostiek|indicatiestelling,17.0,4.617647058823529,34,2,14.5,7.086206896551724,58,4,12.047058823529412,11.534482758620689
C,Congenitale hypothyreoïdie (CH),https://www.erfelijkheid.nl/ziektes/congenitale-hypothyreo%C3%AFdie-ch,congenitale-hypothyreo%C3%AFdie-ch,congenitale-hypothyreo%C3%AFdie-ch,https://www.erfocentrum.nl/,Aanleg en ontwikkeling,congenitale hypothyreo%C3%AFdie ch|congenitale hypothyreoidie ch|congenitalehypothyreoidiech,Bij Congenitale hypothyreoïdie (CH) spelen genen een rol. Deze pagina helpt je om snel te vinden: is het erfelijk en wat is een logische volgende stap.,Congenitale hypothyreoïdie (CH) wordt in de literatuur beschreven als een genetische aandoening met heterogene etiologie. Fenotype-expressie en penetrantie kunnen variëren; risico-inschatting hangt af van familieanamnese en genetische bevindingen. Differentiaaldiagnostiek en indicatiestelling voor DNA-diagnostiek verlopen doorgaans via zorgprofessionals. Bespreek vragen met de huisarts; zo nodig volgt verwijzing naar een klinisch geneticus.,Maak een afspraak bij de huisarts om je familiegeschiedenis te bespreken. Een klinisch geneticus kan uitleg geven over erfelijkheid.,Deze informatie is algemeen en is geen diagnose of persoonlijk medisch advies. Bespreek klachten of zorgen altijd met een arts.,penetrantie|fenotype|etiologie|differentiaaldiagnostiek|indicatiestelling,13.0,4.653846153846154,26,2,13.25,7.245283018867925,53,4,9.661538461538461,10.848113207547168
C,Congenitale melanocytaire naevi,https://www.erfelijkheid.nl/ziektes/congenitale-melanocytaire-naevi,congenitale-melanocytaire-naevi,congenitale-melanocytaire-naevi,https://www.erfocentrum.nl/,Aanleg en ontwikkeling,congenitale melanocytaire naevi|congenitalemelanocytairenaevi,Congenitale melanocytaire naevi is een zeldzame erfelijke aandoening. Hier lees je in eenvoudige woorden de belangrijkste punten en waar je terechtkunt voor hulp.,"Congenitale melanocytaire naevi betreft een genetisch bepaalde aandoening waarbij varianten in een of meerdere genen kunnen leiden tot klinische verschijnselen. De overerving kan autosomaal dominant, autosomaal recessief of X-gebonden zijn, afhankelijk van het onderliggende mechanisme. Diagnostiek kan bestaan uit moleculair-genetisch onderzoek en/of chromosoomanalyse. Voor counseling en interpretatie van uitslagen kan verwijzing naar de klinische genetica passend zijn.",Bespreek je vraag met je huisarts. Vraag zo nodig om een verwijzing naar de klinische genetica.,Deze informatie is algemeen en is geen diagnose of persoonlijk medisch advies. Bespreek klachten of zorgen altijd met een arts.,autosomaal|recessief|dominant|x-gebonden|moleculair|chromosoomanalyse|counseling,11.5,6.0,23,2,15.0,6.8,60,4,9.3,11.72
C,Congenitale myopathie,https://www.erfelijkheid.nl/ziektes/congenitale-myopathie,congenitale-myopathie,congenitale-myopathie,https://www.erfocentrum.nl/,Aanleg en ontwikkeling,congenitale myopathie|congenitalemyopathie,"Congenitale myopathie is een erfelijke aandoening. Op deze pagina vind je wat het is, of het in families voorkomt en wat je kunt doen als je vragen hebt.",Congenitale myopathie wordt in de literatuur beschreven als een genetische aandoening met heterogene etiologie. Fenotype-expressie en penetrantie kunnen variëren; risico-inschatting hangt af van familieanamnese en genetische bevindingen. Differentiaaldiagnostiek en indicatiestelling voor DNA-diagnostiek verlopen doorgaans via zorgprofessionals. Bespreek vragen met de huisarts; zo nodig volgt verwijzing naar een klinisch geneticus.,Maak een afspraak bij de huisarts om je familiegeschiedenis te bespreken. Een klinisch geneticus kan uitleg geven over erfelijkheid.,Deze informatie is algemeen en is geen diagnose of persoonlijk medisch advies. Bespreek klachten of zorgen altijd met een arts.,penetrantie|fenotype|etiologie|differentiaaldiagnostiek|indicatiestelling,14.0,4.392857142857143,28,2,13.0,7.25,52,4,10.157142857142858,10.7
C,Congenitale myotonie,https://www.erfelijkheid.nl/ziektes/congenitale-myotonie,congenitale-myotonie,congenitale-myotonie,https://www.erfocentrum.nl/,Aanleg en ontwikkeling,congenitale myotonie|congenitalemyotonie,"Congenitale myotonie is een erfelijke aandoening. Op deze pagina vind je wat het is, of het in families voorkomt en wat je kunt doen als je vragen hebt.",Congenitale myotonie wordt in de literatuur beschreven als een genetische aandoening met heterogene etiologie. Fenotype-expressie en penetrantie kunnen variëren; risico-inschatting hangt af van familieanamnese en genetische bevindingen. Differentiaaldiagnostiek en indicatiestelling voor DNA-diagnostiek verlopen doorgaans via zorgprofessionals. Bespreek vragen met de huisarts; zo nodig volgt verwijzing naar een klinisch geneticus.,Maak een afspraak bij de huisarts om je familiegeschiedenis te bespreken. Een klinisch geneticus kan uitleg geven over erfelijkheid.,Deze informatie is algemeen en is geen diagnose of persoonlijk medisch advies. Bespreek klachten of zorgen altijd met een arts.,penetrantie|fenotype|etiologie|differentiaaldiagnostiek|indicatiestelling,14.0,4.357142857142857,28,2,13.0,7.230769230769231,52,4,10.142857142857142,10.692307692307693
C,Congenitale nefrose van het Finse type,https://www.erfelijkheid.nl/ziektes/congenitale-nefrose-van-het-finse-type,congenitale-nefrose-van-het-finse-type,congenitale-nefrose-van-het-finse-type,https://www.erfocentrum.nl/,Aanleg en ontwikkeling,congenitale nefrose van het finse type|congenitalenefrosevanhetfinsetype,"Congenitale nefrose van het Finse type is een erfelijke aandoening. Op deze pagina vind je wat het is, of het in families voorkomt en wat je kunt doen als je vragen hebt.",Congenitale nefrose van het Finse type wordt in de literatuur beschreven als een genetische aandoening met heterogene etiologie. Fenotype-expressie en penetrantie kunnen variëren; risico-inschatting hangt af van familieanamnese en genetische bevindingen. Differentiaaldiagnostiek en indicatiestelling voor DNA-diagnostiek verlopen doorgaans via zorgprofessionals. Bespreek vragen met de huisarts; zo nodig volgt verwijzing naar een klinisch geneticus.,Maak een afspraak bij de huisarts om je familiegeschiedenis te bespreken. Een klinisch geneticus kan uitleg geven over erfelijkheid.,Deze informatie is algemeen en is geen diagnose of persoonlijk medisch advies. Bespreek klachten of zorgen altijd met een arts.,penetrantie|fenotype|etiologie|differentiaaldiagnostiek|indicatiestelling,16.0,4.25,32,2,14.0,6.964285714285714,56,4,11.3,11.185714285714287
C,Congenitale neutropenie,https://www.erfelijkheid.nl/ziektes/congenitale-neutropenie,congenitale-neutropenie,congenitale-neutropenie,https://www.erfocentrum.nl/,Erfelijkheid van neurologische ziekten,congenitale neutropenie|congenitaleneutropenie,"Congenitale neutropenie is een erfelijke aandoening. Op deze pagina vind je wat het is, of het in families voorkomt en wat je kunt doen als je vragen hebt.","Congenitale neutropenie betreft een genetisch bepaalde aandoening waarbij varianten in een of meerdere genen kunnen leiden tot klinische verschijnselen. De overerving kan autosomaal dominant, autosomaal recessief of X-gebonden zijn, afhankelijk van het onderliggende mechanisme. Diagnostiek kan bestaan uit moleculair-genetisch onderzoek en/of chromosoomanalyse. Voor counseling en interpretatie van uitslagen kan verwijzing naar de klinische genetica passend zijn.",Maak een afspraak bij de huisarts om je familiegeschiedenis te bespreken. Een klinisch geneticus kan uitleg geven over erfelijkheid.,Deze informatie is algemeen en is geen diagnose of persoonlijk medisch advies. Bespreek klachten of zorgen altijd met een arts.,autosomaal|recessief|dominant|x-gebonden|moleculair|chromosoomanalyse|counseling,14.0,4.464285714285714,28,2,14.75,6.796610169491525,59,4,10.185714285714287,11.56864406779661
C,Congenitale scoliose,https://www.erfelijkheid.nl/ziektes/congenitale-scoliose,congenitale-scoliose,congenitale-scoliose,https://www.erfocentrum.nl/,Aanleg en ontwikkeling,congenitale scoliose|congenitalescoliose,Bij Congenitale scoliose spelen genen een rol. Deze pagina helpt je om snel te vinden: is het erfelijk en wat is een logische volgende stap.,Congenitale scoliose wordt in de literatuur beschreven als een genetische aandoening met heterogene etiologie. Fenotype-expressie en penetrantie kunnen variëren; risico-inschatting hangt af van familieanamnese en genetische bevindingen. Differentiaaldiagnostiek en indicatiestelling voor DNA-diagnostiek verlopen doorgaans via zorgprofessionals. Bespreek vragen met de huisarts; zo nodig volgt verwijzing naar een klinisch geneticus.,Bespreek je vraag met je huisarts. Vraag zo nodig om een verwijzing naar de klinische genetica.,Deze informatie is algemeen en is geen diagnose of persoonlijk medisch advies. Bespreek klachten of zorgen altijd met een arts.,penetrantie|fenotype|etiologie|differentiaaldiagnostiek|indicatiestelling,12.5,4.52,25,2,13.0,7.230769230769231,52,4,9.308,10.692307692307693
C,Congenitale sferocytose,https://www.erfelijkheid.nl/ziektes/congenitale-sferocytose,congenitale-sferocytose,congenitale-sferocytose,https://www.erfocentrum.nl/,Aanleg en ontwikkeling,congenitale sferocytose|congenitalesferocytose,"Congenitale sferocytose is een erfelijke aandoening. Op deze pagina vind je wat het is, of het in families voorkomt en wat je kunt doen als je vragen hebt.",Congenitale sferocytose wordt in de literatuur beschreven als een genetische aandoening met heterogene etiologie. Fenotype-expressie en penetrantie kunnen variëren; risico-inschatting hangt af van familieanamnese en genetische bevindingen. Differentiaaldiagnostiek en indicatiestelling voor DNA-diagnostiek verlopen doorgaans via zorgprofessionals. Bespreek vragen met de huisarts; zo nodig volgt verwijzing naar een klinisch geneticus.,Maak een afspraak bij de huisarts om je familiegeschiedenis te bespreken. Een klinisch geneticus kan uitleg geven over erfelijkheid.,Deze informatie is algemeen en is geen diagnose of persoonlijk medisch advies. Bespreek klachten of zorgen altijd met een arts.,penetrantie|fenotype|etiologie|differentiaaldiagnostiek|indicatiestelling,14.0,4.464285714285714,28,2,13.0,7.288461538461538,52,4,10.185714285714287,10.715384615384615
C,Congenitale spierdystrofie,https://www.erfelijkheid.nl/ziektes/congenitale-spierdystrofie,congenitale-spierdystrofie,congenitale-spierdystrofie,https://www.erfocentrum.nl/,Erfelijkheid van neurologische ziekten,congenitale spierdystrofie|congenitalespierdystrofie,Bij Congenitale spierdystrofie spelen genen een rol. Deze pagina helpt je om snel te vinden: is het erfelijk en wat is een logische volgende stap.,"Congenitale spierdystrofie betreft een genetisch bepaalde aandoening waarbij varianten in een of meerdere genen kunnen leiden tot klinische verschijnselen. De overerving kan autosomaal dominant, autosomaal recessief of X-gebonden zijn, afhankelijk van het onderliggende mechanisme. Diagnostiek kan bestaan uit moleculair-genetisch onderzoek en/of chromosoomanalyse. Voor counseling en interpretatie van uitslagen kan verwijzing naar de klinische genetica passend zijn.",Bespreek je vraag met je huisarts. Vraag zo nodig om een verwijzing naar de klinische genetica.,Deze informatie is algemeen en is geen diagnose of persoonlijk medisch advies. Bespreek klachten of zorgen altijd met een arts.,autosomaal|recessief|dominant|x-gebonden|moleculair|chromosoomanalyse|counseling,12.5,4.76,25,2,14.75,6.8474576271186445,59,4,9.404,11.588983050847457
C,"Congenitale spierdystrofie-dystroglycanopathie, met hersen- en oogafwijkingen",https://www.erfelijkheid.nl/ziektes/congenitale-spierdystrofie-dystroglycanopathie-met-hersen-en-oogafwijkingen,congenitale-spierdystrofie-dystroglycanopathie-met-hersen-en-oogafwijkingen,congenitale-spierdystrofie-dystroglycanopathie-met-hersen-en-oogafwijkingen,https://www.erfocentrum.nl/,Erfelijkheid van neurologische ziekten,congenitale spierdystrofie dystroglycanopathie met hersen  en oogafwijkingen|congenitale spierdystrofie dystroglycanopathie met hersen en oogafwijkingen|congenitale spierdystrofie-dystroglycanopathie met hersen- en oogafwijkingen|congenitalespierdystrofie-dystroglycanopathiemethersen-enoogafwijkingen,"Congenitale spierdystrofie-dystroglycanopathie, met hersen- en oogafwijkingen is een zeldzame erfelijke aandoening. Hier lees je in eenvoudige woorden de belangrijkste punten en waar je terechtkunt voor hulp.","Congenitale spierdystrofie-dystroglycanopathie, met hersen- en oogafwijkingen wordt in de literatuur beschreven als een genetische aandoening met heterogene etiologie. Fenotype-expressie en penetrantie kunnen variëren; risico-inschatting hangt af van familieanamnese en genetische bevindingen. Differentiaaldiagnostiek en indicatiestelling voor DNA-diagnostiek verlopen doorgaans via zorgprofessionals. Bespreek vragen met de huisarts; zo nodig volgt verwijzing naar een klinisch geneticus.",Maak een afspraak bij de huisarts om je familiegeschiedenis te bespreken. Een klinisch geneticus kan uitleg geven over erfelijkheid.,Deze informatie is algemeen en is geen diagnose of persoonlijk medisch advies. Bespreek klachten of zorgen altijd met een arts.,penetrantie|fenotype|etiologie|differentiaaldiagnostiek|indicatiestelling,13.5,6.592592592592593,27,2,14.25,7.473684210526316,57,4,10.737037037037037,11.539473684210526
C,Conradi-Hunermann Syndroom,https://www.erfelijkheid.nl/ziektes/conradi-hunermann-syndroom,conradi-hunermann-syndroom,conradi-hunermann-syndroom,https://www.erfocentrum.nl/,Aanleg en ontwikkeling,conradi hunermann syndroom|conradi-hunermann syn|conradi-hunermann syndroom|conradi-hunermannsyndroom,Bij Conradi-Hunermann Syndroom spelen genen een rol. Deze pagina helpt je om snel te vinden: is het erfelijk en wat is een logische volgende stap.,"Conradi-Hunermann Syndroom betreft een genetisch bepaalde aandoening waarbij varianten in een of meerdere genen kunnen leiden tot klinische verschijnselen. De overerving kan autosomaal dominant, autosomaal recessief of X-gebonden zijn, afhankelijk van het onderliggende mechanisme. Diagnostiek kan bestaan uit moleculair-genetisch onderzoek en/of chromosoomanalyse. Voor counseling en interpretatie van uitslagen kan verwijzing naar de klinische genetica passend zijn.",Maak een afspraak bij de huisarts om je familiegeschiedenis te bespreken. Een klinisch geneticus kan uitleg geven over erfelijkheid.,Deze informatie is algemeen en is geen diagnose of persoonlijk medisch advies. Bespreek klachten of zorgen altijd met een arts.,autosomaal|recessief|dominant|x-gebonden|moleculair|chromosoomanalyse|counseling,13.0,4.538461538461538,26,2,15.0,6.716666666666667,60,4,9.615384615384615,11.686666666666667
C,Cornelia de Lange syndroom,https://www.erfelijkheid.nl/ziektes/cornelia-de-lange-syndroom,cornelia-de-lange-syndroom,cornelia-de-lange-syndroom,https://www.erfocentrum.nl/,Aanleg en ontwikkeling,cornelia de lange syn|cornelia de lange syndroom|corneliadelangesyndroom,"Cornelia de Lange syndroom is een erfelijke aandoening. Op deze pagina vind je wat het is, of het in families voorkomt en wat je kunt doen als je vragen hebt.",Cornelia de Lange syndroom wordt in de literatuur beschreven als een genetische aandoening met heterogene etiologie. Fenotype-expressie en penetrantie kunnen variëren; risico-inschatting hangt af van familieanamnese en genetische bevindingen. Differentiaaldiagnostiek en indicatiestelling voor DNA-diagnostiek verlopen doorgaans via zorgprofessionals. Bespreek vragen met de huisarts; zo nodig volgt verwijzing naar een klinisch geneticus.,Maak een afspraak bij de huisarts om je familiegeschiedenis te bespreken. Een klinisch geneticus kan uitleg geven over erfelijkheid.,Deze informatie is algemeen en is geen diagnose of persoonlijk medisch advies. Bespreek klachten of zorgen altijd met een arts.,penetrantie|fenotype|etiologie|differentiaaldiagnostiek|indicatiestelling,15.0,4.2,30,2,13.5,7.037037037037037,54,4,10.68,10.914814814814815
C,Costello syndroom,https://www.erfelijkheid.nl/ziektes/costello-syndroom,costello-syndroom,costello-syndroom,https://www.erfocentrum.nl/,Aanleg en ontwikkeling,costello syn|costello syndroom|costellosyndroom,Costello syndroom is een zeldzame erfelijke aandoening. Hier lees je in eenvoudige woorden de belangrijkste punten en waar je terechtkunt voor hulp.,Costello syndroom wordt in de literatuur beschreven als een genetische aandoening met heterogene etiologie. Fenotype-expressie en penetrantie kunnen variëren; risico-inschatting hangt af van familieanamnese en genetische bevindingen. Differentiaaldiagnostiek en indicatiestelling voor DNA-diagnostiek verlopen doorgaans via zorgprofessionals. Bespreek vragen met de huisarts; zo nodig volgt verwijzing naar een klinisch geneticus.,Bespreek je vraag met je huisarts. Vraag zo nodig om een verwijzing naar de klinische genetica.,Deze informatie is algemeen en is geen diagnose of persoonlijk medisch advies. Bespreek klachten of zorgen altijd met een arts.,penetrantie|fenotype|etiologie|differentiaaldiagnostiek|indicatiestelling,11.0,5.681818181818182,22,2,13.0,7.173076923076923,52,4,8.872727272727273,10.669230769230769
C,CPVT (Cathecholaminerge polymorfe ventriculaire tachycardie),https://www.erfelijkheid.nl/ziektes/cpvt-cathecholaminerge-polymorfe-ventriculaire-tachycardie,cpvt-cathecholaminerge-polymorfe-ventriculaire-tachycardie,cpvt-cathecholaminerge-polymorfe-ventriculaire-tachycardie,https://www.erfocentrum.nl/,Aanleg en ontwikkeling,cpvt cathecholaminerge polymorfe ventriculaire tachycardie|cpvtcathecholaminergepolymorfeventriculairetachycardie,CPVT (Cathecholaminerge polymorfe ventriculaire tachycardie) is een zeldzame erfelijke aandoening. Hier lees je in eenvoudige woorden de belangrijkste punten en waar je terechtkunt voor hulp.,CPVT (Cathecholaminerge polymorfe ventriculaire tachycardie) wordt in de literatuur beschreven als een genetische aandoening met heterogene etiologie. Fenotype-expressie en penetrantie kunnen variëren; risico-inschatting hangt af van familieanamnese en genetische bevindingen. Differentiaaldiagnostiek en indicatiestelling voor DNA-diagnostiek verlopen doorgaans via zorgprofessionals. Bespreek vragen met de huisarts; zo nodig volgt verwijzing naar een klinisch geneticus.,Bespreek je vraag met je huisarts. Vraag zo nodig om een verwijzing naar de klinische genetica.,Deze informatie is algemeen en is geen diagnose of persoonlijk medisch advies. Bespreek klachten of zorgen altijd met een arts.,penetrantie|fenotype|etiologie|differentiaaldiagnostiek|indicatiestelling,12.5,6.52,25,2,13.75,7.472727272727273,55,4,10.108,11.239090909090908
C,Craniofrontonasale dysplasie,https://www.erfelijkheid.nl/ziektes/craniofrontonasale-dysplasie,craniofrontonasale-dysplasie,craniofrontonasale-dysplasie,https://www.erfocentrum.nl/,Aanleg en ontwikkeling,craniofrontonasale dysplasie|craniofrontonasaledysplasie,Bij Craniofrontonasale dysplasie spelen genen een rol. Deze pagina helpt je om snel te vinden: is het erfelijk en wat is een logische volgende stap.,Craniofrontonasale dysplasie wordt in de literatuur beschreven als een genetische aandoening met heterogene etiologie. Fenotype-expressie en penetrantie kunnen variëren; risico-inschatting hangt af van familieanamnese en genetische bevindingen. Differentiaaldiagnostiek en indicatiestelling voor DNA-diagnostiek verlopen doorgaans via zorgprofessionals. Bespreek vragen met de huisarts; zo nodig volgt verwijzing naar een klinisch geneticus.,Maak een afspraak bij de huisarts om je familiegeschiedenis te bespreken. Een klinisch geneticus kan uitleg geven over erfelijkheid.,Deze informatie is algemeen en is geen diagnose of persoonlijk medisch advies. Bespreek klachten of zorgen altijd met een arts.,penetrantie|fenotype|etiologie|differentiaaldiagnostiek|indicatiestelling,12.5,4.84,25,2,13.0,7.384615384615385,52,4,9.436,10.753846153846155
C,Craniosynostose,https://www.erfelijkheid.nl/ziektes/craniosynostose,craniosynostose,craniosynostose,https://www.erfocentrum.nl/,Aanleg en ontwikkeling,craniosynostose,Craniosynostose is een zeldzame erfelijke aandoening. Hier lees je in eenvoudige woorden de belangrijkste punten en waar je terechtkunt voor hulp.,Craniosynostose wordt in de literatuur beschreven als een genetische aandoening met heterogene etiologie. Fenotype-expressie en penetrantie kunnen variëren; risico-inschatting hangt af van familieanamnese en genetische bevindingen. Differentiaaldiagnostiek en indicatiestelling voor DNA-diagnostiek verlopen doorgaans via zorgprofessionals. Bespreek vragen met de huisarts; zo nodig volgt verwijzing naar een klinisch geneticus.,Maak een afspraak bij de huisarts om je familiegeschiedenis te bespreken. Een klinisch geneticus kan uitleg geven over erfelijkheid.,Deze informatie is algemeen en is geen diagnose of persoonlijk medisch advies. Bespreek klachten of zorgen altijd met een arts.,penetrantie|fenotype|etiologie|differentiaaldiagnostiek|indicatiestelling,10.5,5.904761904761905,21,2,12.75,7.294117647058823,51,4,8.661904761904761,10.567647058823528
C,Creatine transporter defect,https://www.erfelijkheid.nl/ziektes/creatine-transporter-defect,creatine-transporter-defect,creatine-transporter-defect,https://www.erfocentrum.nl/,Aanleg en ontwikkeling,creatine transporter defect|creatinetransporterdefect,Bij Creatine transporter defect spelen genen een rol. Deze pagina helpt je om snel te vinden: is het erfelijk en wat is een logische volgende stap.,"Creatine transporter defect betreft een genetisch bepaalde aandoening waarbij varianten in een of meerdere genen kunnen leiden tot klinische verschijnselen. De overerving kan autosomaal dominant, autosomaal recessief of X-gebonden zijn, afhankelijk van het onderliggende mechanisme. Diagnostiek kan bestaan uit moleculair-genetisch onderzoek en/of chromosoomanalyse. Voor counseling en interpretatie van uitslagen kan verwijzing naar de klinische genetica passend zijn.",Bespreek je vraag met je huisarts. Vraag zo nodig om een verwijzing naar de klinische genetica.,Deze informatie is algemeen en is geen diagnose of persoonlijk medisch advies. Bespreek klachten of zorgen altijd met een arts.,autosomaal|recessief|dominant|x-gebonden|moleculair|chromosoomanalyse|counseling,13.0,4.576923076923077,26,2,15.0,6.733333333333333,60,4,9.63076923076923,11.693333333333333
C,Cri-du-chat syndroom,https://www.erfelijkheid.nl/ziektes/cri-du-chat-syndroom,cri-du-chat-syndroom,cri-du-chat-syndroom,https://www.erfocentrum.nl/,Aanleg en ontwikkeling,cri du chat syndroom|cri-du-chat syn|cri-du-chat syndroom|cri-du-chatsyndroom,Cri-du-chat syndroom is een zeldzame erfelijke aandoening. Hier lees je in eenvoudige woorden de belangrijkste punten en waar je terechtkunt voor hulp.,"Cri-du-chat syndroom betreft een genetisch bepaalde aandoening waarbij varianten in een of meerdere genen kunnen leiden tot klinische verschijnselen. De overerving kan autosomaal dominant, autosomaal recessief of X-gebonden zijn, afhankelijk van het onderliggende mechanisme. Diagnostiek kan bestaan uit moleculair-genetisch onderzoek en/of chromosoomanalyse. Voor counseling en interpretatie van uitslagen kan verwijzing naar de klinische genetica passend zijn.",Bespreek je vraag met je huisarts. Vraag zo nodig om een verwijzing naar de klinische genetica.,Deze informatie is algemeen en is geen diagnose of persoonlijk medisch advies. Bespreek klachten of zorgen altijd met een arts.,autosomaal|recessief|dominant|x-gebonden|moleculair|chromosoomanalyse|counseling,12.0,5.25,24,2,15.25,6.491803278688525,61,4,9.299999999999999,11.74672131147541
C,Crouzon syndroom,https://www.erfelijkheid.nl/ziektes/crouzon-syndroom,crouzon-syndroom,crouzon-syndroom,https://www.erfocentrum.nl/,Aanleg en ontwikkeling,crouzon syn|crouzon syndroom|crouzonsyndroom,Bij Crouzon syndroom spelen genen een rol. Deze pagina helpt je om snel te vinden: is het erfelijk en wat is een logische volgende stap.,"Crouzon syndroom betreft een genetisch bepaalde aandoening waarbij varianten in een of meerdere genen kunnen leiden tot klinische verschijnselen. De overerving kan autosomaal dominant, autosomaal recessief of X-gebonden zijn, afhankelijk van het onderliggende mechanisme. Diagnostiek kan bestaan uit moleculair-genetisch onderzoek en/of chromosoomanalyse. Voor counseling en interpretatie van uitslagen kan verwijzing naar de klinische genetica passend zijn.",Maak een afspraak bij de huisarts om je familiegeschiedenis te bespreken. Een klinisch geneticus kan uitleg geven over erfelijkheid.,Deze informatie is algemeen en is geen diagnose of persoonlijk medisch advies. Bespreek klachten of zorgen altijd met een arts.,autosomaal|recessief|dominant|x-gebonden|moleculair|chromosoomanalyse|counseling,12.5,4.36,25,2,14.75,6.677966101694915,59,4,9.244,11.521186440677965
C,Cryptorchisme (niet-ingedaalde teelbal),https://www.erfelijkheid.nl/content/cryptorchisme-niet-ingedaalde-teelbal,cryptorchisme-niet-ingedaalde-teelbal,cryptorchisme-niet-ingedaalde-teelbal,https://www.erfocentrum.nl/,Aanleg en ontwikkeling,cryptorchisme niet ingedaalde teelbal|cryptorchisme niet-ingedaalde teelbal|cryptorchismeniet-ingedaaldeteelbal,"Cryptorchisme (niet-ingedaalde teelbal) is een erfelijke aandoening. Op deze pagina vind je wat het is, of het in families voorkomt en wat je kunt doen als je vragen hebt.","Cryptorchisme (niet-ingedaalde teelbal) betreft een genetisch bepaalde aandoening waarbij varianten in een of meerdere genen kunnen leiden tot klinische verschijnselen. De overerving kan autosomaal dominant, autosomaal recessief of X-gebonden zijn, afhankelijk van het onderliggende mechanisme. Diagnostiek kan bestaan uit moleculair-genetisch onderzoek en/of chromosoomanalyse. Voor counseling en interpretatie van uitslagen kan verwijzing naar de klinische genetica passend zijn.",Maak een afspraak bij de huisarts om je familiegeschiedenis te bespreken. Een klinisch geneticus kan uitleg geven over erfelijkheid.,Deze informatie is algemeen en is geen diagnose of persoonlijk medisch advies. Bespreek klachten of zorgen altijd met een arts.,autosomaal|recessief|dominant|x-gebonden|moleculair|chromosoomanalyse|counseling,15.0,4.566666666666666,30,2,15.25,6.770491803278689,61,4,10.826666666666666,11.858196721311476
C,Currarino syndroom,https://www.erfelijkheid.nl/ziektes/currarino-syndroom,currarino-syndroom,currarino-syndroom,https://www.erfocentrum.nl/,Aanleg en ontwikkeling,currarino syn|currarino syndroom|currarinosyndroom,Bij Currarino syndroom spelen genen een rol. Deze pagina helpt je om snel te vinden: is het erfelijk en wat is een logische volgende stap.,Currarino syndroom wordt in de literatuur beschreven als een genetische aandoening met heterogene etiologie. Fenotype-expressie en penetrantie kunnen variëren; risico-inschatting hangt af van familieanamnese en genetische bevindingen. Differentiaaldiagnostiek en indicatiestelling voor DNA-diagnostiek verlopen doorgaans via zorgprofessionals. Bespreek vragen met de huisarts; zo nodig volgt verwijzing naar een klinisch geneticus.,Bespreek je vraag met je huisarts. Vraag zo nodig om een verwijzing naar de klinische genetica.,Deze informatie is algemeen en is geen diagnose of persoonlijk medisch advies. Bespreek klachten of zorgen altijd met een arts.,penetrantie|fenotype|etiologie|differentiaaldiagnostiek|indicatiestelling,12.5,4.44,25,2,13.0,7.1923076923076925,52,4,9.276,10.676923076923078
C,Cyclisch braken syndroom,https://www.erfelijkheid.nl/ziektes/cyclisch-braken-syndroom,cyclisch-braken-syndroom,cyclisch-braken-syndroom,https://www.erfocentrum.nl/,Aanleg en ontwikkeling,cyclisch braken syn|cyclisch braken syndroom|cyclischbrakensyndroom,Bij Cyclisch braken syndroom spelen genen een rol. Deze pagina helpt je om snel te vinden: is het erfelijk en wat is een logische volgende stap.,Cyclisch braken syndroom wordt in de literatuur beschreven als een genetische aandoening met heterogene etiologie. Fenotype-expressie en penetrantie kunnen variëren; risico-inschatting hangt af van familieanamnese en genetische bevindingen. Differentiaaldiagnostiek en indicatiestelling voor DNA-diagnostiek verlopen doorgaans via zorgprofessionals. Bespreek vragen met de huisarts; zo nodig volgt verwijzing naar een klinisch geneticus.,Maak een afspraak bij de huisarts om je familiegeschiedenis te bespreken. Een klinisch geneticus kan uitleg geven over erfelijkheid.,Deze informatie is algemeen en is geen diagnose of persoonlijk medisch advies. Bespreek klachten of zorgen altijd met een arts.,penetrantie|fenotype|etiologie|differentiaaldiagnostiek|indicatiestelling,13.0,4.461538461538462,26,2,13.25,7.150943396226415,53,4,9.584615384615384,10.810377358490566
C,Cystenieren,https://www.erfelijkheid.nl/ziektes/cystenieren,cystenieren,cystenieren,https://www.erfocentrum.nl/,Aanleg en ontwikkeling,cystenieren,"Cystenieren is een erfelijke aandoening. Op deze pagina vind je wat het is, of het in families voorkomt en wat je kunt doen als je vragen hebt.","Cystenieren betreft een genetisch bepaalde aandoening waarbij varianten in een of meerdere genen kunnen leiden tot klinische verschijnselen. De overerving kan autosomaal dominant, autosomaal recessief of X-gebonden zijn, afhankelijk van het onderliggende mechanisme. Diagnostiek kan bestaan uit moleculair-genetisch onderzoek en/of chromosoomanalyse. Voor counseling en interpretatie van uitslagen kan verwijzing naar de klinische genetica passend zijn.",Bespreek je vraag met je huisarts. Vraag zo nodig om een verwijzing naar de klinische genetica.,Deze informatie is algemeen en is geen diagnose of persoonlijk medisch advies. Bespreek klachten of zorgen altijd met een arts.,autosomaal|recessief|dominant|x-gebonden|moleculair|chromosoomanalyse|counseling,13.5,4.222222222222222,27,2,14.5,6.724137931034483,58,4,9.788888888888888,11.389655172413793
C,Cystic Fibrosis,https://www.erfelijkheid.nl/ziektes/cystic-fibrosis,cystic-fibrosis,cystic-fibrosis,https://www.erfocentrum.nl/,Aanleg en ontwikkeling,cystic fibrosis|cysticfibrosis,Bij Cystic Fibrosis spelen genen een rol. Deze pagina helpt je om snel te vinden: is het erfelijk en wat is een logische volgende stap.,Cystic Fibrosis wordt in de literatuur beschreven als een genetische aandoening met heterogene etiologie. Fenotype-expressie en penetrantie kunnen variëren; risico-inschatting hangt af van familieanamnese en genetische bevindingen. Differentiaaldiagnostiek en indicatiestelling voor DNA-diagnostiek verlopen doorgaans via zorgprofessionals. Bespreek vragen met de huisarts; zo nodig volgt verwijzing naar een klinisch geneticus.,Maak een afspraak bij de huisarts om je familiegeschiedenis te bespreken. Een klinisch geneticus kan uitleg geven over erfelijkheid.,Deze informatie is algemeen en is geen diagnose of persoonlijk medisch advies. Bespreek klachten of zorgen altijd met een arts.,penetrantie|fenotype|etiologie|differentiaaldiagnostiek|indicatiestelling,12.5,4.32,25,2,13.0,7.134615384615385,52,4,9.228,10.653846153846153
C,Cystinose,https://www.erfelijkheid.nl/ziektes/cystinose,cystinose,cystinose,https://www.erfocentrum.nl/,Aanleg en ontwikkeling,cystinose,Bij Cystinose spelen genen een rol. Deze pagina helpt je om snel te vinden: is het erfelijk en wat is een logische volgende stap.,Cystinose wordt in de literatuur beschreven als een genetische aandoening met heterogene etiologie. Fenotype-expressie en penetrantie kunnen variëren; risico-inschatting hangt af van familieanamnese en genetische bevindingen. Differentiaaldiagnostiek en indicatiestelling voor DNA-diagnostiek verlopen doorgaans via zorgprofessionals. Bespreek vragen met de huisarts; zo nodig volgt verwijzing naar een klinisch geneticus.,Maak een afspraak bij de huisarts om je familiegeschiedenis te bespreken. Een klinisch geneticus kan uitleg geven over erfelijkheid.,Deze informatie is algemeen en is geen diagnose of persoonlijk medisch advies. Bespreek klachten of zorgen altijd met een arts.,penetrantie|fenotype|etiologie|differentiaaldiagnostiek|indicatiestelling,12.0,4.291666666666667,24,2,12.75,7.176470588235294,51,4,8.916666666666666,10.520588235294117
D,D-bifunctionalprotein deficiëntie,https://www.erfelijkheid.nl/ziektes/d-bifunctionalprotein-defici%C3%ABntie,d-bifunctionalprotein-defici%C3%ABntie,d-bifunctionalprotein-defici%C3%ABntie,https://www.erfocentrum.nl/,Aanleg en ontwikkeling,d bifunctionalprotein defici%C3%ABntie|d bifunctionalprotein deficientie|d-bifunctionalprotein deficientie|d-bifunctionalprotein deficiëntie|d-bifunctionalproteindeficientie,D-bifunctionalprotein deficiëntie is een zeldzame erfelijke aandoening. Hier lees je in eenvoudige woorden de belangrijkste punten en waar je terechtkunt voor hulp.,D-bifunctionalprotein deficiëntie wordt in de literatuur beschreven als een genetische aandoening met heterogene etiologie. Fenotype-expressie en penetrantie kunnen variëren; risico-inschatting hangt af van familieanamnese en genetische bevindingen. Differentiaaldiagnostiek en indicatiestelling voor DNA-diagnostiek verlopen doorgaans via zorgprofessionals. Bespreek vragen met de huisarts; zo nodig volgt verwijzing naar een klinisch geneticus.,Bespreek je vraag met je huisarts. Vraag zo nodig om een verwijzing naar de klinische genetica.,Deze informatie is algemeen en is geen diagnose of persoonlijk medisch advies. Bespreek klachten of zorgen altijd met een arts.,penetrantie|fenotype|etiologie|differentiaaldiagnostiek|indicatiestelling,11.5,6.086956521739131,23,2,13.25,7.320754716981132,53,4,9.334782608695651,10.878301886792453
D,DDX3X syndroom,https://www.erfelijkheid.nl/ziektes/ddx3x-syndroom,ddx3x-syndroom,ddx3x-syndroom,https://www.erfocentrum.nl/,Aanleg en ontwikkeling,ddx 3x syndroom|ddx3 x syndroom|ddx3x syn|ddx3x syndroom|ddx3xsyndroom,Bij DDX3X syndroom spelen genen een rol. Deze pagina helpt je om snel te vinden: is het erfelijk en wat is een logische volgende stap.,"DDX3X syndroom betreft een genetisch bepaalde aandoening waarbij varianten in een of meerdere genen kunnen leiden tot klinische verschijnselen. De overerving kan autosomaal dominant, autosomaal recessief of X-gebonden zijn, afhankelijk van het onderliggende mechanisme. Diagnostiek kan bestaan uit moleculair-genetisch onderzoek en/of chromosoomanalyse. Voor counseling en interpretatie van uitslagen kan verwijzing naar de klinische genetica passend zijn.",Bespreek je vraag met je huisarts. Vraag zo nodig om een verwijzing naar de klinische genetica.,Deze informatie is algemeen en is geen diagnose of persoonlijk medisch advies. Bespreek klachten of zorgen altijd met een arts.,autosomaal|recessief|dominant|x-gebonden|moleculair|chromosoomanalyse|counseling,12.5,4.28,25,2,14.75,6.6440677966101696,59,4,9.212,11.507627118644068
D,Dentinogenesis Imperfecta,https://www.erfelijkheid.nl/ziektes/dentinogenesis-imperfecta,dentinogenesis-imperfecta,dentinogenesis-imperfecta,https://www.erfocentrum.nl/,Aanleg en ontwikkeling,dentinogenesis imperfecta|dentinogenesisimperfecta,Dentinogenesis Imperfecta is een zeldzame erfelijke aandoening. Hier lees je in eenvoudige woorden de belangrijkste punten en waar je terechtkunt voor hulp.,"Dentinogenesis Imperfecta betreft een genetisch bepaalde aandoening waarbij varianten in een of meerdere genen kunnen leiden tot klinische verschijnselen. De overerving kan autosomaal dominant, autosomaal recessief of X-gebonden zijn, afhankelijk van het onderliggende mechanisme. Diagnostiek kan bestaan uit moleculair-genetisch onderzoek en/of chromosoomanalyse. Voor counseling en interpretatie van uitslagen kan verwijzing naar de klinische genetica passend zijn.",Maak een afspraak bij de huisarts om je familiegeschiedenis te bespreken. Een klinisch geneticus kan uitleg geven over erfelijkheid.,Deze informatie is algemeen en is geen diagnose of persoonlijk medisch advies. Bespreek klachten of zorgen altijd met een arts.,autosomaal|recessief|dominant|x-gebonden|moleculair|chromosoomanalyse|counseling,11.0,6.045454545454546,22,2,14.75,6.830508474576271,59,4,9.018181818181818,11.582203389830507
D,Depressie,https://www.erfelijkheid.nl/ziektes/depressie,depressie,depressie,https://www.erfocentrum.nl/,Aanleg en ontwikkeling,depressie,"Depressie is een erfelijke aandoening. Op deze pagina vind je wat het is, of het in families voorkomt en wat je kunt doen als je vragen hebt.",Depressie wordt in de literatuur beschreven als een genetische aandoening met heterogene etiologie. Fenotype-expressie en penetrantie kunnen variëren; risico-inschatting hangt af van familieanamnese en genetische bevindingen. Differentiaaldiagnostiek en indicatiestelling voor DNA-diagnostiek verlopen doorgaans via zorgprofessionals. Bespreek vragen met de huisarts; zo nodig volgt verwijzing naar een klinisch geneticus.,Bespreek je vraag met je huisarts. Vraag zo nodig om een verwijzing naar de klinische genetica.,Deze informatie is algemeen en is geen diagnose of persoonlijk medisch advies. Bespreek klachten of zorgen altijd met een arts.,penetrantie|fenotype|etiologie|differentiaaldiagnostiek|indicatiestelling,13.5,4.148148148148148,27,2,12.75,7.176470588235294,51,4,9.75925925925926,10.520588235294117
D,Diabetes,https://www.erfelijkheid.nl/ziektes/diabetes,diabetes,diabetes,https://www.erfocentrum.nl/,Aanleg en ontwikkeling,diabetes,Diabetes is een zeldzame erfelijke aandoening. Hier lees je in eenvoudige woorden de belangrijkste punten en waar je terechtkunt voor hulp.,"Diabetes betreft een genetisch bepaalde aandoening waarbij varianten in een of meerdere genen kunnen leiden tot klinische verschijnselen. De overerving kan autosomaal dominant, autosomaal recessief of X-gebonden zijn, afhankelijk van het onderliggende mechanisme. Diagnostiek kan bestaan uit moleculair-genetisch onderzoek en/of chromosoomanalyse. Voor counseling en interpretatie van uitslagen kan verwijzing naar de klinische genetica passend zijn.",Maak een afspraak bij de huisarts om je familiegeschiedenis te bespreken. Een klinisch geneticus kan uitleg geven over erfelijkheid.,Deze informatie is algemeen en is geen diagnose of persoonlijk medisch advies. Bespreek klachten of zorgen altijd met een arts.,autosomaal|recessief|dominant|x-gebonden|moleculair|chromosoomanalyse|counseling,10.5,5.571428571428571,21,2,14.5,6.672413793103448,58,4,8.528571428571428,11.368965517241378
D,Diabetes insipidus,https://www.erfelijkheid.nl/ziektes/diabetes-insipidus,diabetes-insipidus,diabetes-insipidus,https://www.erfocentrum.nl/,Aanleg en ontwikkeling,diabetes insipidus|diabetesinsipidus,Diabetes insipidus is een zeldzame erfelijke aandoening. Hier lees je in eenvoudige woorden de belangrijkste punten en waar je terechtkunt voor hulp.,Diabetes insipidus wordt in de literatuur beschreven als een genetische aandoening met heterogene etiologie. Fenotype-expressie en penetrantie kunnen variëren; risico-inschatting hangt af van familieanamnese en genetische bevindingen. Differentiaaldiagnostiek en indicatiestelling voor DNA-diagnostiek verlopen doorgaans via zorgprofessionals. Bespreek vragen met de huisarts; zo nodig volgt verwijzing naar een klinisch geneticus.,Bespreek je vraag met je huisarts. Vraag zo nodig om een verwijzing naar de klinische genetica.,Deze informatie is algemeen en is geen diagnose of persoonlijk medisch advies. Bespreek klachten of zorgen altijd met een arts.,penetrantie|fenotype|etiologie|differentiaaldiagnostiek|indicatiestelling,11.0,5.7272727272727275,22,2,13.0,7.1923076923076925,52,4,8.89090909090909,10.676923076923078
D,Diabetes type 1,https://www.erfelijkheid.nl/ziektes/diabetes-type-1,diabetes-type-1,diabetes-type-1,https://www.erfocentrum.nl/,Aanleg en ontwikkeling,diabetes type 1|diabetestype1,"Diabetes type 1 is een erfelijke aandoening. Op deze pagina vind je wat het is, of het in families voorkomt en wat je kunt doen als je vragen hebt.","Diabetes type 1 betreft een genetisch bepaalde aandoening waarbij varianten in een of meerdere genen kunnen leiden tot klinische verschijnselen. De overerving kan autosomaal dominant, autosomaal recessief of X-gebonden zijn, afhankelijk van het onderliggende mechanisme. Diagnostiek kan bestaan uit moleculair-genetisch onderzoek en/of chromosoomanalyse. Voor counseling en interpretatie van uitslagen kan verwijzing naar de klinische genetica passend zijn.",Bespreek je vraag met je huisarts. Vraag zo nodig om een verwijzing naar de klinische genetica.,Deze informatie is algemeen en is geen diagnose of persoonlijk medisch advies. Bespreek klachten of zorgen altijd met een arts.,autosomaal|recessief|dominant|x-gebonden|moleculair|chromosoomanalyse|counseling,14.5,4.0,29,2,15.0,6.533333333333333,60,4,10.299999999999999,11.613333333333333
D,Diabetes type 2,https://www.erfelijkheid.nl/ziektes/diabetes-type-2,diabetes-type-2,diabetes-type-2,https://www.erfocentrum.nl/,Aanleg en ontwikkeling,diabetes type 2|diabetestype2,Diabetes type 2 is een zeldzame erfelijke aandoening. Hier lees je in eenvoudige woorden de belangrijkste punten en waar je terechtkunt voor hulp.,Diabetes type 2 wordt in de literatuur beschreven als een genetische aandoening met heterogene etiologie. Fenotype-expressie en penetrantie kunnen variëren; risico-inschatting hangt af van familieanamnese en genetische bevindingen. Differentiaaldiagnostiek en indicatiestelling voor DNA-diagnostiek verlopen doorgaans via zorgprofessionals. Bespreek vragen met de huisarts; zo nodig volgt verwijzing naar een klinisch geneticus.,Bespreek je vraag met je huisarts. Vraag zo nodig om een verwijzing naar de klinische genetica.,Deze informatie is algemeen en is geen diagnose of persoonlijk medisch advies. Bespreek klachten of zorgen altijd met een arts.,penetrantie|fenotype|etiologie|differentiaaldiagnostiek|indicatiestelling,11.5,5.304347826086956,23,2,13.25,6.981132075471698,53,4,9.021739130434781,10.742452830188679
D,Diamond-Blackfan anemie,https://www.erfelijkheid.nl/ziektes/diamond-blackfan-anemie,diamond-blackfan-anemie,diamond-blackfan-anemie,https://www.erfocentrum.nl/,Aanleg en ontwikkeling,diamond blackfan anemie|diamond-blackfan anemie|diamond-blackfananemie,"Diamond-Blackfan anemie is een erfelijke aandoening. Op deze pagina vind je wat het is, of het in families voorkomt en wat je kunt doen als je vragen hebt.",Diamond-Blackfan anemie wordt in de literatuur beschreven als een genetische aandoening met heterogene etiologie. Fenotype-expressie en penetrantie kunnen variëren; risico-inschatting hangt af van familieanamnese en genetische bevindingen. Differentiaaldiagnostiek en indicatiestelling voor DNA-diagnostiek verlopen doorgaans via zorgprofessionals. Bespreek vragen met de huisarts; zo nodig volgt verwijzing naar een klinisch geneticus.,Bespreek je vraag met je huisarts. Vraag zo nodig om een verwijzing naar de klinische genetica.,Deze informatie is algemeen en is geen diagnose of persoonlijk medisch advies. Bespreek klachten of zorgen altijd met een arts.,penetrantie|fenotype|etiologie|differentiaaldiagnostiek|indicatiestelling,14.5,4.275862068965517,29,2,13.25,7.132075471698113,53,4,10.410344827586206,10.802830188679245
D,DICER1 syndroom,https://www.erfelijkheid.nl/ziektes/dicer1-syndroom,dicer1-syndroom,dicer1-syndroom,https://www.erfocentrum.nl/,Aanleg en ontwikkeling,dicer 1 syndroom|dicer1 syn|dicer1 syndroom|dicer1syndroom,Bij DICER1 syndroom spelen genen een rol. Deze pagina helpt je om snel te vinden: is het erfelijk en wat is een logische volgende stap.,DICER1 syndroom wordt in de literatuur beschreven als een genetische aandoening met heterogene etiologie. Fenotype-expressie en penetrantie kunnen variëren; risico-inschatting hangt af van familieanamnese en genetische bevindingen. Differentiaaldiagnostiek en indicatiestelling voor DNA-diagnostiek verlopen doorgaans via zorgprofessionals. Bespreek vragen met de huisarts; zo nodig volgt verwijzing naar een klinisch geneticus.,Maak een afspraak bij de huisarts om je familiegeschiedenis te bespreken. Een klinisch geneticus kan uitleg geven over erfelijkheid.,Deze informatie is algemeen en is geen diagnose of persoonlijk medisch advies. Bespreek klachten of zorgen altijd met een arts.,penetrantie|fenotype|etiologie|differentiaaldiagnostiek|indicatiestelling,12.5,4.32,25,2,13.0,7.134615384615385,52,4,9.228,10.653846153846153
D,Diets-Jongmans syndroom,https://www.erfelijkheid.nl/ziektes/diets-jongmans-syndroom,diets-jongmans-syndroom,diets-jongmans-syndroom,https://www.erfocentrum.nl/,Aanleg en ontwikkeling,diets jongmans syndroom|diets-jongmans syn|diets-jongmans syndroom|diets-jongmanssyndroom,Bij Diets-Jongmans syndroom spelen genen een rol. Deze pagina helpt je om snel te vinden: is het erfelijk en wat is een logische volgende stap.,Diets-Jongmans syndroom wordt in de literatuur beschreven als een genetische aandoening met heterogene etiologie. Fenotype-expressie en penetrantie kunnen variëren; risico-inschatting hangt af van familieanamnese en genetische bevindingen. Differentiaaldiagnostiek en indicatiestelling voor DNA-diagnostiek verlopen doorgaans via zorgprofessionals. Bespreek vragen met de huisarts; zo nodig volgt verwijzing naar een klinisch geneticus.,Maak een afspraak bij de huisarts om je familiegeschiedenis te bespreken. Een klinisch geneticus kan uitleg geven over erfelijkheid.,Deze informatie is algemeen en is geen diagnose of persoonlijk medisch advies. Bespreek klachten of zorgen altijd met een arts.,penetrantie|fenotype|etiologie|differentiaaldiagnostiek|indicatiestelling,13.0,4.423076923076923,26,2,13.25,7.132075471698113,53,4,9.569230769230769,10.802830188679245
D,Dihydrolipoamide dehydrogenase deficiëntie,https://www.erfelijkheid.nl/ziektes/dihydrolipoamide-dehydrogenase-defici%C3%ABntie,dihydrolipoamide-dehydrogenase-defici%C3%ABntie,dihydrolipoamide-dehydrogenase-defici%C3%ABntie,https://www.erfocentrum.nl/,Aanleg en ontwikkeling,dihydrolipoamide dehydrogenase defici%C3%ABntie|dihydrolipoamide dehydrogenase deficientie|dihydrolipoamide dehydrogenase deficiëntie|dihydrolipoamidedehydrogenasedeficientie,Dihydrolipoamide dehydrogenase deficiëntie is een zeldzame erfelijke aandoening. Hier lees je in eenvoudige woorden de belangrijkste punten en waar je terechtkunt voor hulp.,Dihydrolipoamide dehydrogenase deficiëntie wordt in de literatuur beschreven als een genetische aandoening met heterogene etiologie. Fenotype-expressie en penetrantie kunnen variëren; risico-inschatting hangt af van familieanamnese en genetische bevindingen. Differentiaaldiagnostiek en indicatiestelling voor DNA-diagnostiek verlopen doorgaans via zorgprofessionals. Bespreek vragen met de huisarts; zo nodig volgt verwijzing naar een klinisch geneticus.,Bespreek je vraag met je huisarts. Vraag zo nodig om een verwijzing naar de klinische genetica.,Deze informatie is algemeen en is geen diagnose of persoonlijk medisch advies. Bespreek klachten of zorgen altijd met een arts.,penetrantie|fenotype|etiologie|differentiaaldiagnostiek|indicatiestelling,11.5,6.478260869565218,23,2,13.25,7.490566037735849,53,4,9.491304347826087,10.946226415094339
D,Donnai-Barrow syndroom,https://www.erfelijkheid.nl/ziektes/donnai-barrow-syndroom-dbs,donnai-barrow-syndroom-dbs,donnai-barrow-syndroom-dbs,https://www.erfocentrum.nl/,Aanleg en ontwikkeling,donnai barrow syndroom|donnai barrow syndroom dbs|donnai-barrow syn|donnai-barrow syndroom|donnai-barrowsyndroom,Bij Donnai-Barrow syndroom spelen genen een rol. Deze pagina helpt je om snel te vinden: is het erfelijk en wat is een logische volgende stap.,Donnai-Barrow syndroom wordt in de literatuur beschreven als een genetische aandoening met heterogene etiologie. Fenotype-expressie en penetrantie kunnen variëren; risico-inschatting hangt af van familieanamnese en genetische bevindingen. Differentiaaldiagnostiek en indicatiestelling voor DNA-diagnostiek verlopen doorgaans via zorgprofessionals. Bespreek vragen met de huisarts; zo nodig volgt verwijzing naar een klinisch geneticus.,Maak een afspraak bij de huisarts om je familiegeschiedenis te bespreken. Een klinisch geneticus kan uitleg geven over erfelijkheid.,Deze informatie is algemeen en is geen diagnose of persoonlijk medisch advies. Bespreek klachten of zorgen altijd met een arts.,penetrantie|fenotype|etiologie|differentiaaldiagnostiek|indicatiestelling,13.0,4.384615384615385,26,2,13.25,7.113207547169812,53,4,9.553846153846154,10.795283018867924
D,Duchenne,https://www.erfelijkheid.nl/ziektes/duchenne,duchenne,duchenne,https://www.erfocentrum.nl/,Aanleg en ontwikkeling,duchenne,"Duchenne is een erfelijke aandoening. Op deze pagina vind je wat het is, of het in families voorkomt en wat je kunt doen als je vragen hebt.",Duchenne wordt in de literatuur beschreven als een genetische aandoening met heterogene etiologie. Fenotype-expressie en penetrantie kunnen variëren; risico-inschatting hangt af van familieanamnese en genetische bevindingen. Differentiaaldiagnostiek en indicatiestelling voor DNA-diagnostiek verlopen doorgaans via zorgprofessionals. Bespreek vragen met de huisarts; zo nodig volgt verwijzing naar een klinisch geneticus.,Maak een afspraak bij de huisarts om je familiegeschiedenis te bespreken. Een klinisch geneticus kan uitleg geven over erfelijkheid.,Deze informatie is algemeen en is geen diagnose of persoonlijk medisch advies. Bespreek klachten of zorgen altijd met een arts.,penetrantie|fenotype|etiologie|differentiaaldiagnostiek|indicatiestelling,13.5,4.111111111111111,27,2,12.75,7.1568627450980395,51,4,9.744444444444444,10.512745098039215
D,Dunnevezelneuropathie (DVN),https://www.erfelijkheid.nl/ziektes/dunnevezelneuropathie-dvn,dunnevezelneuropathie-dvn,dunnevezelneuropathie-dvn,https://www.erfocentrum.nl/,Erfelijkheid van neurologische ziekten,dunnevezelneuropathie dvn|dunnevezelneuropathiedvn,Bij Dunnevezelneuropathie (DVN) spelen genen een rol. Deze pagina helpt je om snel te vinden: is het erfelijk en wat is een logische volgende stap.,Dunnevezelneuropathie (DVN) wordt in de literatuur beschreven als een genetische aandoening met heterogene etiologie. Fenotype-expressie en penetrantie kunnen variëren; risico-inschatting hangt af van familieanamnese en genetische bevindingen. Differentiaaldiagnostiek en indicatiestelling voor DNA-diagnostiek verlopen doorgaans via zorgprofessionals. Bespreek vragen met de huisarts; zo nodig volgt verwijzing naar een klinisch geneticus.,Maak een afspraak bij de huisarts om je familiegeschiedenis te bespreken. Een klinisch geneticus kan uitleg geven over erfelijkheid.,Deze informatie is algemeen en is geen diagnose of persoonlijk medisch advies. Bespreek klachten of zorgen altijd met een arts.,penetrantie|fenotype|etiologie|differentiaaldiagnostiek|indicatiestelling,12.5,4.72,25,2,13.0,7.326923076923077,52,4,9.388,10.73076923076923
D,Duplicatie 22q11.2,https://www.erfelijkheid.nl/ziektes/duplicatie-22q112,duplicatie-22q112,duplicatie-22q112,https://www.erfocentrum.nl/,Nieuwe technieken,duplicatie 22 q11 2|duplicatie 22q 11 2|duplicatie 22q11 2|duplicatie 22q112|duplicatie22q112,"Duplicatie 22q11.2 is een erfelijke aandoening. Op deze pagina vind je wat het is, of het in families voorkomt en wat je kunt doen als je vragen hebt.",Duplicatie 22q11.2 wordt in de literatuur beschreven als een genetische aandoening met heterogene etiologie. Fenotype-expressie en penetrantie kunnen variëren; risico-inschatting hangt af van familieanamnese en genetische bevindingen. Differentiaaldiagnostiek en indicatiestelling voor DNA-diagnostiek verlopen doorgaans via zorgprofessionals. Bespreek vragen met de huisarts; zo nodig volgt verwijzing naar een klinisch geneticus.,Maak een afspraak bij de huisarts om je familiegeschiedenis te bespreken. Een klinisch geneticus kan uitleg geven over erfelijkheid.,Deze informatie is algemeen en is geen diagnose of persoonlijk medisch advies. Bespreek klachten of zorgen altijd met een arts.,penetrantie|fenotype|etiologie|differentiaaldiagnostiek|indicatiestelling,9.666666666666666,4.103448275862069,29,3,10.6,7.037735849056604,53,5,7.441379310344828,9.17509433962264
D,DYRK1A syndroom,https://www.erfelijkheid.nl/ziektes/dyrk1a-syndroom,dyrk1a-syndroom,dyrk1a-syndroom,https://www.erfocentrum.nl/,Aanleg en ontwikkeling,dyrk 1a syndroom|dyrk1 a syndroom|dyrk1a syn|dyrk1a syndroom|dyrk1asyndroom,Bij DYRK1A syndroom spelen genen een rol. Deze pagina helpt je om snel te vinden: is het erfelijk en wat is een logische volgende stap.,DYRK1A syndroom wordt in de literatuur beschreven als een genetische aandoening met heterogene etiologie. Fenotype-expressie en penetrantie kunnen variëren; risico-inschatting hangt af van familieanamnese en genetische bevindingen. Differentiaaldiagnostiek en indicatiestelling voor DNA-diagnostiek verlopen doorgaans via zorgprofessionals. Bespreek vragen met de huisarts; zo nodig volgt verwijzing naar een klinisch geneticus.,Maak een afspraak bij de huisarts om je familiegeschiedenis te bespreken. Een klinisch geneticus kan uitleg geven over erfelijkheid.,Deze informatie is algemeen en is geen diagnose of persoonlijk medisch advies. Bespreek klachten of zorgen altijd met een arts.,penetrantie|fenotype|etiologie|differentiaaldiagnostiek|indicatiestelling,12.5,4.32,25,2,13.0,7.134615384615385,52,4,9.228,10.653846153846153
D,Dyskeratosis congenita,https://www.erfelijkheid.nl/ziektes/dyskeratosis-congenita,dyskeratosis-congenita,dyskeratosis-congenita,https://www.erfocentrum.nl/,Aanleg en ontwikkeling,dyskeratosis congenita|dyskeratosiscongenita,Dyskeratosis congenita is een zeldzame erfelijke aandoening. Hier lees je in eenvoudige woorden de belangrijkste punten en waar je terechtkunt voor hulp.,Dyskeratosis congenita wordt in de literatuur beschreven als een genetische aandoening met heterogene etiologie. Fenotype-expressie en penetrantie kunnen variëren; risico-inschatting hangt af van familieanamnese en genetische bevindingen. Differentiaaldiagnostiek en indicatiestelling voor DNA-diagnostiek verlopen doorgaans via zorgprofessionals. Bespreek vragen met de huisarts; zo nodig volgt verwijzing naar een klinisch geneticus.,Maak een afspraak bij de huisarts om je familiegeschiedenis te bespreken. Een klinisch geneticus kan uitleg geven over erfelijkheid.,Deze informatie is algemeen en is geen diagnose of persoonlijk medisch advies. Bespreek klachten of zorgen altijd met een arts.,penetrantie|fenotype|etiologie|differentiaaldiagnostiek|indicatiestelling,11.0,5.909090909090909,22,2,13.0,7.269230769230769,52,4,8.963636363636363,10.707692307692309
D,Dysostosis cleidocranialis,https://www.erfelijkheid.nl/ziektes/dysostosis-cleidocranialis,dysostosis-cleidocranialis,dysostosis-cleidocranialis,https://www.erfocentrum.nl/,Aanleg en ontwikkeling,dysostosis cleidocranialis|dysostosiscleidocranialis,Bij Dysostosis cleidocranialis spelen genen een rol. Deze pagina helpt je om snel te vinden: is het erfelijk en wat is een logische volgende stap.,"Dysostosis cleidocranialis betreft een genetisch bepaalde aandoening waarbij varianten in een of meerdere genen kunnen leiden tot klinische verschijnselen. De overerving kan autosomaal dominant, autosomaal recessief of X-gebonden zijn, afhankelijk van het onderliggende mechanisme. Diagnostiek kan bestaan uit moleculair-genetisch onderzoek en/of chromosoomanalyse. Voor counseling en interpretatie van uitslagen kan verwijzing naar de klinische genetica passend zijn.",Bespreek je vraag met je huisarts. Vraag zo nodig om een verwijzing naar de klinische genetica.,Deze informatie is algemeen en is geen diagnose of persoonlijk medisch advies. Bespreek klachten of zorgen altijd met een arts.,autosomaal|recessief|dominant|x-gebonden|moleculair|chromosoomanalyse|counseling,12.5,4.76,25,2,14.75,6.8474576271186445,59,4,9.404,11.588983050847457
D,Dysplastische heupontwikkeling,https://www.erfelijkheid.nl/ziektes/dysplastische-heupontwikkeling,dysplastische-heupontwikkeling,dysplastische-heupontwikkeling,https://www.erfocentrum.nl/,Aanleg en ontwikkeling,dysplastische heupontwikkeling|dysplastischeheupontwikkeling,Bij Dysplastische heupontwikkeling spelen genen een rol. Deze pagina helpt je om snel te vinden: is het erfelijk en wat is een logische volgende stap.,"Dysplastische heupontwikkeling betreft een genetisch bepaalde aandoening waarbij varianten in een of meerdere genen kunnen leiden tot klinische verschijnselen. De overerving kan autosomaal dominant, autosomaal recessief of X-gebonden zijn, afhankelijk van het onderliggende mechanisme. Diagnostiek kan bestaan uit moleculair-genetisch onderzoek en/of chromosoomanalyse. Voor counseling en interpretatie van uitslagen kan verwijzing naar de klinische genetica passend zijn.",Maak een afspraak bij de huisarts om je familiegeschiedenis te bespreken. Een klinisch geneticus kan uitleg geven over erfelijkheid.,Deze informatie is algemeen en is geen diagnose of persoonlijk medisch advies. Bespreek klachten of zorgen altijd met een arts.,autosomaal|recessief|dominant|x-gebonden|moleculair|chromosoomanalyse|counseling,12.5,4.92,25,2,14.75,6.915254237288136,59,4,9.468,11.616101694915255
D,Dystonie,https://www.erfelijkheid.nl/ziektes/dystonie,dystonie,dystonie,https://www.erfocentrum.nl/,Aanleg en ontwikkeling,dystonie,Bij Dystonie spelen genen een rol. Deze pagina helpt je om snel te vinden: is het erfelijk en wat is een logische volgende stap.,"Dystonie betreft een genetisch bepaalde aandoening waarbij varianten in een of meerdere genen kunnen leiden tot klinische verschijnselen. De overerving kan autosomaal dominant, autosomaal recessief of X-gebonden zijn, afhankelijk van het onderliggende mechanisme. Diagnostiek kan bestaan uit moleculair-genetisch onderzoek en/of chromosoomanalyse. Voor counseling en interpretatie van uitslagen kan verwijzing naar de klinische genetica passend zijn.",Bespreek je vraag met je huisarts. Vraag zo nodig om een verwijzing naar de klinische genetica.,Deze informatie is algemeen en is geen diagnose of persoonlijk medisch advies. Bespreek klachten of zorgen altijd met een arts.,autosomaal|recessief|dominant|x-gebonden|moleculair|chromosoomanalyse|counseling,12.0,4.25,24,2,14.5,6.672413793103448,58,4,8.899999999999999,11.368965517241378
E,Ectodermale Dysplasie,https://www.erfelijkheid.nl/ziektes/ectodermale-dysplasie,ectodermale-dysplasie,ectodermale-dysplasie,https://www.erfocentrum.nl/,Aanleg en ontwikkeling,ectodermale dysplasie|ectodermaledysplasie,"Ectodermale Dysplasie is een erfelijke aandoening. Op deze pagina vind je wat het is, of het in families voorkomt en wat je kunt doen als je vragen hebt.",Ectodermale Dysplasie wordt in de literatuur beschreven als een genetische aandoening met heterogene etiologie. Fenotype-expressie en penetrantie kunnen variëren; risico-inschatting hangt af van familieanamnese en genetische bevindingen. Differentiaaldiagnostiek en indicatiestelling voor DNA-diagnostiek verlopen doorgaans via zorgprofessionals. Bespreek vragen met de huisarts; zo nodig volgt verwijzing naar een klinisch geneticus.,Maak een afspraak bij de huisarts om je familiegeschiedenis te bespreken. Een klinisch geneticus kan uitleg geven over erfelijkheid.,Deze informatie is algemeen en is geen diagnose of persoonlijk medisch advies. Bespreek klachten of zorgen altijd met een arts.,penetrantie|fenotype|etiologie|differentiaaldiagnostiek|indicatiestelling,14.0,4.392857142857143,28,2,13.0,7.25,52,4,10.157142857142858,10.7
E,Eczeem,https://www.erfelijkheid.nl/ziektes/eczeem,eczeem,eczeem,https://www.erfocentrum.nl/,Aanleg en ontwikkeling,eczeem,"Eczeem is een erfelijke aandoening. Op deze pagina vind je wat het is, of het in families voorkomt en wat je kunt doen als je vragen hebt.","Eczeem betreft een genetisch bepaalde aandoening waarbij varianten in een of meerdere genen kunnen leiden tot klinische verschijnselen. De overerving kan autosomaal dominant, autosomaal recessief of X-gebonden zijn, afhankelijk van het onderliggende mechanisme. Diagnostiek kan bestaan uit moleculair-genetisch onderzoek en/of chromosoomanalyse. Voor counseling en interpretatie van uitslagen kan verwijzing naar de klinische genetica passend zijn.",Bespreek je vraag met je huisarts. Vraag zo nodig om een verwijzing naar de klinische genetica.,Deze informatie is algemeen en is geen diagnose of persoonlijk medisch advies. Bespreek klachten of zorgen altijd met een arts.,autosomaal|recessief|dominant|x-gebonden|moleculair|chromosoomanalyse|counseling,13.5,4.037037037037037,27,2,14.5,6.637931034482759,58,4,9.714814814814815,11.355172413793102
E,EEC syndroom,https://www.erfelijkheid.nl/ziektes/eec-syndroom,eec-syndroom,eec-syndroom,https://www.erfocentrum.nl/,Aanleg en ontwikkeling,eec syn|eec syndroom|eecsyndroom,EEC syndroom is een zeldzame erfelijke aandoening. Hier lees je in eenvoudige woorden de belangrijkste punten en waar je terechtkunt voor hulp.,"EEC syndroom betreft een genetisch bepaalde aandoening waarbij varianten in een of meerdere genen kunnen leiden tot klinische verschijnselen. De overerving kan autosomaal dominant, autosomaal recessief of X-gebonden zijn, afhankelijk van het onderliggende mechanisme. Diagnostiek kan bestaan uit moleculair-genetisch onderzoek en/of chromosoomanalyse. Voor counseling en interpretatie van uitslagen kan verwijzing naar de klinische genetica passend zijn.",Maak een afspraak bij de huisarts om je familiegeschiedenis te bespreken. Een klinisch geneticus kan uitleg geven over erfelijkheid.,Deze informatie is algemeen en is geen diagnose of persoonlijk medisch advies. Bespreek klachten of zorgen altijd met een arts.,autosomaal|recessief|dominant|x-gebonden|moleculair|chromosoomanalyse|counseling,11.0,5.454545454545454,22,2,14.75,6.610169491525424,59,4,8.781818181818181,11.49406779661017
E,Ehlers-Danlos syndromen,https://www.erfelijkheid.nl/ziektes/ehlers-danlos-syndromen,ehlers-danlos-syndromen,ehlers-danlos-syndromen,https://www.erfocentrum.nl/,Aanleg en ontwikkeling,ehlers danlos syndromen|ehlers-danlos syndromen|ehlers-danlossyndromen,"Ehlers-Danlos syndromen is een erfelijke aandoening. Op deze pagina vind je wat het is, of het in families voorkomt en wat je kunt doen als je vragen hebt.","Ehlers-Danlos syndromen betreft een genetisch bepaalde aandoening waarbij varianten in een of meerdere genen kunnen leiden tot klinische verschijnselen. De overerving kan autosomaal dominant, autosomaal recessief of X-gebonden zijn, afhankelijk van het onderliggende mechanisme. Diagnostiek kan bestaan uit moleculair-genetisch onderzoek en/of chromosoomanalyse. Voor counseling en interpretatie van uitslagen kan verwijzing naar de klinische genetica passend zijn.",Maak een afspraak bij de huisarts om je familiegeschiedenis te bespreken. Een klinisch geneticus kan uitleg geven over erfelijkheid.,Deze informatie is algemeen en is geen diagnose of persoonlijk medisch advies. Bespreek klachten of zorgen altijd met een arts.,autosomaal|recessief|dominant|x-gebonden|moleculair|chromosoomanalyse|counseling,14.5,4.275862068965517,29,2,15.0,6.666666666666667,60,4,10.410344827586206,11.666666666666668
E,Eierstokkanker,https://www.erfelijkheid.nl/ziektes/eierstokkanker,eierstokkanker,eierstokkanker,https://www.erfocentrum.nl/,Erfelijkheid van kanker,eierstokkanker,Bij Eierstokkanker spelen genen een rol. Deze pagina helpt je om snel te vinden: is het erfelijk en wat is een logische volgende stap.,"Eierstokkanker betreft een genetisch bepaalde aandoening waarbij varianten in een of meerdere genen kunnen leiden tot klinische verschijnselen. De overerving kan autosomaal dominant, autosomaal recessief of X-gebonden zijn, afhankelijk van het onderliggende mechanisme. Diagnostiek kan bestaan uit moleculair-genetisch onderzoek en/of chromosoomanalyse. Voor counseling en interpretatie van uitslagen kan verwijzing naar de klinische genetica passend zijn.",Maak een afspraak bij de huisarts om je familiegeschiedenis te bespreken. Een klinisch geneticus kan uitleg geven over erfelijkheid.,Deze informatie is algemeen en is geen diagnose of persoonlijk medisch advies. Bespreek klachten of zorgen altijd met een arts.,autosomaal|recessief|dominant|x-gebonden|moleculair|chromosoomanalyse|counseling,12.0,4.5,24,2,14.5,6.775862068965517,58,4,9.0,11.410344827586206
E,Ellis-van Creveld syndroom,https://www.erfelijkheid.nl/ziektes/ellis-van-creveld-syndroom,ellis-van-creveld-syndroom,ellis-van-creveld-syndroom,https://www.erfocentrum.nl/,Aanleg en ontwikkeling,ellis van creveld syndroom|ellis-van creveld syn|ellis-van creveld syndroom|ellis-vancreveldsyndroom,Bij Ellis-van Creveld syndroom spelen genen een rol. Deze pagina helpt je om snel te vinden: is het erfelijk en wat is een logische volgende stap.,Ellis-van Creveld syndroom wordt in de literatuur beschreven als een genetische aandoening met heterogene etiologie. Fenotype-expressie en penetrantie kunnen variëren; risico-inschatting hangt af van familieanamnese en genetische bevindingen. Differentiaaldiagnostiek en indicatiestelling voor DNA-diagnostiek verlopen doorgaans via zorgprofessionals. Bespreek vragen met de huisarts; zo nodig volgt verwijzing naar een klinisch geneticus.,Bespreek je vraag met je huisarts. Vraag zo nodig om een verwijzing naar de klinische genetica.,Deze informatie is algemeen en is geen diagnose of persoonlijk medisch advies. Bespreek klachten of zorgen altijd met een arts.,penetrantie|fenotype|etiologie|differentiaaldiagnostiek|indicatiestelling,13.5,4.333333333333333,27,2,13.5,7.037037037037037,54,4,9.833333333333332,10.914814814814815
E,Emanuel syndroom,https://www.erfelijkheid.nl/ziektes/emanuel-syndroom,emanuel-syndroom,emanuel-syndroom,https://www.erfocentrum.nl/,Aanleg en ontwikkeling,emanuel syn|emanuel syndroom|emanuelsyndroom,"Emanuel syndroom is een erfelijke aandoening. Op deze pagina vind je wat het is, of het in families voorkomt en wat je kunt doen als je vragen hebt.",Emanuel syndroom wordt in de literatuur beschreven als een genetische aandoening met heterogene etiologie. Fenotype-expressie en penetrantie kunnen variëren; risico-inschatting hangt af van familieanamnese en genetische bevindingen. Differentiaaldiagnostiek en indicatiestelling voor DNA-diagnostiek verlopen doorgaans via zorgprofessionals. Bespreek vragen met de huisarts; zo nodig volgt verwijzing naar een klinisch geneticus.,Maak een afspraak bij de huisarts om je familiegeschiedenis te bespreken. Een klinisch geneticus kan uitleg geven over erfelijkheid.,Deze informatie is algemeen en is geen diagnose of persoonlijk medisch advies. Bespreek klachten of zorgen altijd met een arts.,penetrantie|fenotype|etiologie|differentiaaldiagnostiek|indicatiestelling,14.0,4.214285714285714,28,2,13.0,7.153846153846154,52,4,10.085714285714285,10.661538461538463
E,Emery-Dreifuss spierdystrofie,https://www.erfelijkheid.nl/ziektes/emery-dreifuss-spierdystrofie,emery-dreifuss-spierdystrofie,emery-dreifuss-spierdystrofie,https://www.erfocentrum.nl/,Erfelijkheid van neurologische ziekten,emery dreifuss spierdystrofie|emery-dreifuss spierdystrofie|emery-dreifussspierdystrofie,Bij Emery-Dreifuss spierdystrofie spelen genen een rol. Deze pagina helpt je om snel te vinden: is het erfelijk en wat is een logische volgende stap.,Emery-Dreifuss spierdystrofie wordt in de literatuur beschreven als een genetische aandoening met heterogene etiologie. Fenotype-expressie en penetrantie kunnen variëren; risico-inschatting hangt af van familieanamnese en genetische bevindingen. Differentiaaldiagnostiek en indicatiestelling voor DNA-diagnostiek verlopen doorgaans via zorgprofessionals. Bespreek vragen met de huisarts; zo nodig volgt verwijzing naar een klinisch geneticus.,Bespreek je vraag met je huisarts. Vraag zo nodig om een verwijzing naar de klinische genetica.,Deze informatie is algemeen en is geen diagnose of persoonlijk medisch advies. Bespreek klachten of zorgen altijd met een arts.,penetrantie|fenotype|etiologie|differentiaaldiagnostiek|indicatiestelling,13.0,4.653846153846154,26,2,13.25,7.245283018867925,53,4,9.661538461538461,10.848113207547168
E,Endometriose,https://www.erfelijkheid.nl/ziektes/endometriose,endometriose,endometriose,https://www.erfocentrum.nl/,Aanleg en ontwikkeling,endometriose,Endometriose is een zeldzame erfelijke aandoening. Hier lees je in eenvoudige woorden de belangrijkste punten en waar je terechtkunt voor hulp.,"Endometriose betreft een genetisch bepaalde aandoening waarbij varianten in een of meerdere genen kunnen leiden tot klinische verschijnselen. De overerving kan autosomaal dominant, autosomaal recessief of X-gebonden zijn, afhankelijk van het onderliggende mechanisme. Diagnostiek kan bestaan uit moleculair-genetisch onderzoek en/of chromosoomanalyse. Voor counseling en interpretatie van uitslagen kan verwijzing naar de klinische genetica passend zijn.",Bespreek je vraag met je huisarts. Vraag zo nodig om een verwijzing naar de klinische genetica.,Deze informatie is algemeen en is geen diagnose of persoonlijk medisch advies. Bespreek klachten of zorgen altijd met een arts.,autosomaal|recessief|dominant|x-gebonden|moleculair|chromosoomanalyse|counseling,10.5,5.761904761904762,21,2,14.5,6.741379310344827,58,4,8.604761904761904,11.39655172413793
E,Epidermolysis bullosa,https://www.erfelijkheid.nl/ziektes/epidermolysis-bullosa,epidermolysis-bullosa,epidermolysis-bullosa,https://www.erfocentrum.nl/,Aanleg en ontwikkeling,epidermolysis bullosa|epidermolysisbullosa,Epidermolysis bullosa is een zeldzame erfelijke aandoening. Hier lees je in eenvoudige woorden de belangrijkste punten en waar je terechtkunt voor hulp.,"Epidermolysis bullosa betreft een genetisch bepaalde aandoening waarbij varianten in een of meerdere genen kunnen leiden tot klinische verschijnselen. De overerving kan autosomaal dominant, autosomaal recessief of X-gebonden zijn, afhankelijk van het onderliggende mechanisme. Diagnostiek kan bestaan uit moleculair-genetisch onderzoek en/of chromosoomanalyse. Voor counseling en interpretatie van uitslagen kan verwijzing naar de klinische genetica passend zijn.",Maak een afspraak bij de huisarts om je familiegeschiedenis te bespreken. Een klinisch geneticus kan uitleg geven over erfelijkheid.,Deze informatie is algemeen en is geen diagnose of persoonlijk medisch advies. Bespreek klachten of zorgen altijd met een arts.,autosomaal|recessief|dominant|x-gebonden|moleculair|chromosoomanalyse|counseling,11.0,5.863636363636363,22,2,14.75,6.762711864406779,59,4,8.945454545454545,11.555084745762711
E,Epilepsie,https://www.erfelijkheid.nl/ziektes/epilepsie,epilepsie,epilepsie,https://www.erfocentrum.nl/,Aanleg en ontwikkeling,epilepsie,"Epilepsie is een erfelijke aandoening. Op deze pagina vind je wat het is, of het in families voorkomt en wat je kunt doen als je vragen hebt.",Epilepsie wordt in de literatuur beschreven als een genetische aandoening met heterogene etiologie. Fenotype-expressie en penetrantie kunnen variëren; risico-inschatting hangt af van familieanamnese en genetische bevindingen. Differentiaaldiagnostiek en indicatiestelling voor DNA-diagnostiek verlopen doorgaans via zorgprofessionals. Bespreek vragen met de huisarts; zo nodig volgt verwijzing naar een klinisch geneticus.,Maak een afspraak bij de huisarts om je familiegeschiedenis te bespreken. Een klinisch geneticus kan uitleg geven over erfelijkheid.,Deze informatie is algemeen en is geen diagnose of persoonlijk medisch advies. Bespreek klachten of zorgen altijd met een arts.,penetrantie|fenotype|etiologie|differentiaaldiagnostiek|indicatiestelling,13.5,4.148148148148148,27,2,12.75,7.176470588235294,51,4,9.75925925925926,10.520588235294117
E,Epispadie,https://www.erfelijkheid.nl/ziektes/epispadie,epispadie,epispadie,https://www.erfocentrum.nl/,Aanleg en ontwikkeling,epispadie,"Epispadie is een erfelijke aandoening. Op deze pagina vind je wat het is, of het in families voorkomt en wat je kunt doen als je vragen hebt.","Epispadie betreft een genetisch bepaalde aandoening waarbij varianten in een of meerdere genen kunnen leiden tot klinische verschijnselen. De overerving kan autosomaal dominant, autosomaal recessief of X-gebonden zijn, afhankelijk van het onderliggende mechanisme. Diagnostiek kan bestaan uit moleculair-genetisch onderzoek en/of chromosoomanalyse. Voor counseling en interpretatie van uitslagen kan verwijzing naar de klinische genetica passend zijn.",Maak een afspraak bij de huisarts om je familiegeschiedenis te bespreken. Een klinisch geneticus kan uitleg geven over erfelijkheid.,Deze informatie is algemeen en is geen diagnose of persoonlijk medisch advies. Bespreek klachten of zorgen altijd met een arts.,autosomaal|recessief|dominant|x-gebonden|moleculair|chromosoomanalyse|counseling,13.5,4.148148148148148,27,2,14.5,6.689655172413793,58,4,9.75925925925926,11.375862068965517
E,EPP (Erythropoëtische protoporfyrie),https://www.erfelijkheid.nl/ziektes/epp-erythropoetische-protoporfyrie,epp-erythropoetische-protoporfyrie,epp-erythropoetische-protoporfyrie,https://www.erfocentrum.nl/,Aanleg en ontwikkeling,epp erythropoetische protoporfyrie|epperythropoetischeprotoporfyrie,EPP (Erythropoëtische protoporfyrie) is een zeldzame erfelijke aandoening. Hier lees je in eenvoudige woorden de belangrijkste punten en waar je terechtkunt voor hulp.,EPP (Erythropoëtische protoporfyrie) wordt in de literatuur beschreven als een genetische aandoening met heterogene etiologie. Fenotype-expressie en penetrantie kunnen variëren; risico-inschatting hangt af van familieanamnese en genetische bevindingen. Differentiaaldiagnostiek en indicatiestelling voor DNA-diagnostiek verlopen doorgaans via zorgprofessionals. Bespreek vragen met de huisarts; zo nodig volgt verwijzing naar een klinisch geneticus.,Bespreek je vraag met je huisarts. Vraag zo nodig om een verwijzing naar de klinische genetica.,Deze informatie is algemeen en is geen diagnose of persoonlijk medisch advies. Bespreek klachten of zorgen altijd met een arts.,penetrantie|fenotype|etiologie|differentiaaldiagnostiek|indicatiestelling,11.5,6.130434782608695,23,2,13.25,7.339622641509434,53,4,9.352173913043478,10.885849056603773
E,Erfelijk gehoorverlies,https://www.erfelijkheid.nl/ziektes/doofheid-slechthorendheid,doofheid-slechthorendheid,doofheid-slechthorendheid,https://www.erfocentrum.nl/,Aanleg en ontwikkeling,doofheid slechthorendheid|erfelijk gehoorverlies|erfelijkgehoorverlies,Erfelijk gehoorverlies is een zeldzame erfelijke aandoening. Hier lees je in eenvoudige woorden de belangrijkste punten en waar je terechtkunt voor hulp.,"Erfelijk gehoorverlies betreft een genetisch bepaalde aandoening waarbij varianten in een of meerdere genen kunnen leiden tot klinische verschijnselen. De overerving kan autosomaal dominant, autosomaal recessief of X-gebonden zijn, afhankelijk van het onderliggende mechanisme. Diagnostiek kan bestaan uit moleculair-genetisch onderzoek en/of chromosoomanalyse. Voor counseling en interpretatie van uitslagen kan verwijzing naar de klinische genetica passend zijn.",Bespreek je vraag met je huisarts. Vraag zo nodig om een verwijzing naar de klinische genetica.,Deze informatie is algemeen en is geen diagnose of persoonlijk medisch advies. Bespreek klachten of zorgen altijd met een arts.,autosomaal|recessief|dominant|x-gebonden|moleculair|chromosoomanalyse|counseling,11.0,5.909090909090909,22,2,14.75,6.779661016949152,59,4,8.963636363636363,11.56186440677966
E,Erfelijke aanleg voor dikkedarm- en endeldarmkanker,https://www.erfelijkheid.nl/ziektes/erfelijke-aanleg-voor-dikke-en-endeldarmkanker,erfelijke-aanleg-voor-dikke-en-endeldarmkanker,erfelijke-aanleg-voor-dikke-en-endeldarmkanker,https://www.erfocentrum.nl/,Erfelijkheid van kanker,erfelijke aanleg voor dikke en endeldarmkanker|erfelijke aanleg voor dikkedarm  en endeldarmkanker|erfelijke aanleg voor dikkedarm- en endeldarmkanker|erfelijkeaanlegvoordikkedarm-enendeldarmkanker,"Erfelijke aanleg voor dikkedarm- en endeldarmkanker is een erfelijke aandoening. Op deze pagina vind je wat het is, of het in families voorkomt en wat je kunt doen als je vragen hebt.",Erfelijke aanleg voor dikkedarm- en endeldarmkanker wordt in de literatuur beschreven als een genetische aandoening met heterogene etiologie. Fenotype-expressie en penetrantie kunnen variëren; risico-inschatting hangt af van familieanamnese en genetische bevindingen. Differentiaaldiagnostiek en indicatiestelling voor DNA-diagnostiek verlopen doorgaans via zorgprofessionals. Bespreek vragen met de huisarts; zo nodig volgt verwijzing naar een klinisch geneticus.,Maak een afspraak bij de huisarts om je familiegeschiedenis te bespreken. Een klinisch geneticus kan uitleg geven over erfelijkheid.,Deze informatie is algemeen en is geen diagnose of persoonlijk medisch advies. Bespreek klachten of zorgen altijd met een arts.,penetrantie|fenotype|etiologie|differentiaaldiagnostiek|indicatiestelling,16.0,4.625,32,2,14.0,7.178571428571429,56,4,11.45,11.271428571428572
E,Erfelijke aanleg voor kanker,https://www.erfelijkheid.nl/ziektes/erfelijke-aanleg-voor-kanker,erfelijke-aanleg-voor-kanker,erfelijke-aanleg-voor-kanker,https://www.erfocentrum.nl/,Erfelijkheid van kanker,erfelijke aanleg voor kanker|erfelijkeaanlegvoorkanker,"Erfelijke aanleg voor kanker is een erfelijke aandoening. Op deze pagina vind je wat het is, of het in families voorkomt en wat je kunt doen als je vragen hebt.","Erfelijke aanleg voor kanker betreft een genetisch bepaalde aandoening waarbij varianten in een of meerdere genen kunnen leiden tot klinische verschijnselen. De overerving kan autosomaal dominant, autosomaal recessief of X-gebonden zijn, afhankelijk van het onderliggende mechanisme. Diagnostiek kan bestaan uit moleculair-genetisch onderzoek en/of chromosoomanalyse. Voor counseling en interpretatie van uitslagen kan verwijzing naar de klinische genetica passend zijn.",Maak een afspraak bij de huisarts om je familiegeschiedenis te bespreken. Een klinisch geneticus kan uitleg geven over erfelijkheid.,Deze informatie is algemeen en is geen diagnose of persoonlijk medisch advies. Bespreek klachten of zorgen altijd met een arts.,autosomaal|recessief|dominant|x-gebonden|moleculair|chromosoomanalyse|counseling,15.0,4.266666666666667,30,2,15.25,6.622950819672131,61,4,10.706666666666667,11.799180327868854
E,Erfelijke aanleg voor melanoom,https://www.erfelijkheid.nl/ziektes/erfelijke-aanleg-voor-melanoom,erfelijke-aanleg-voor-melanoom,erfelijke-aanleg-voor-melanoom,https://www.erfocentrum.nl/,Aanleg en ontwikkeling,erfelijke aanleg voor melanoom|erfelijkeaanlegvoormelanoom,"Erfelijke aanleg voor melanoom is een erfelijke aandoening. Op deze pagina vind je wat het is, of het in families voorkomt en wat je kunt doen als je vragen hebt.","Erfelijke aanleg voor melanoom betreft een genetisch bepaalde aandoening waarbij varianten in een of meerdere genen kunnen leiden tot klinische verschijnselen. De overerving kan autosomaal dominant, autosomaal recessief of X-gebonden zijn, afhankelijk van het onderliggende mechanisme. Diagnostiek kan bestaan uit moleculair-genetisch onderzoek en/of chromosoomanalyse. Voor counseling en interpretatie van uitslagen kan verwijzing naar de klinische genetica passend zijn.",Maak een afspraak bij de huisarts om je familiegeschiedenis te bespreken. Een klinisch geneticus kan uitleg geven over erfelijkheid.,Deze informatie is algemeen en is geen diagnose of persoonlijk medisch advies. Bespreek klachten of zorgen altijd met een arts.,autosomaal|recessief|dominant|x-gebonden|moleculair|chromosoomanalyse|counseling,15.0,4.333333333333333,30,2,15.25,6.655737704918033,61,4,10.733333333333334,11.812295081967214
E,Erfelijke bloedarmoede,https://www.erfelijkheid.nl/ziektes/erfelijke-bloedarmoede,erfelijke-bloedarmoede,erfelijke-bloedarmoede,https://www.erfocentrum.nl/,Aanleg en ontwikkeling,erfelijke bloedarmoede|erfelijkebloedarmoede,Bij Erfelijke bloedarmoede spelen genen een rol. Deze pagina helpt je om snel te vinden: is het erfelijk en wat is een logische volgende stap.,Erfelijke bloedarmoede wordt in de literatuur beschreven als een genetische aandoening met heterogene etiologie. Fenotype-expressie en penetrantie kunnen variëren; risico-inschatting hangt af van familieanamnese en genetische bevindingen. Differentiaaldiagnostiek en indicatiestelling voor DNA-diagnostiek verlopen doorgaans via zorgprofessionals. Bespreek vragen met de huisarts; zo nodig volgt verwijzing naar een klinisch geneticus.,Bespreek je vraag met je huisarts. Vraag zo nodig om een verwijzing naar de klinische genetica.,Deze informatie is algemeen en is geen diagnose of persoonlijk medisch advies. Bespreek klachten of zorgen altijd met een arts.,penetrantie|fenotype|etiologie|differentiaaldiagnostiek|indicatiestelling,12.5,4.6,25,2,13.0,7.269230769230769,52,4,9.34,10.707692307692309
E,Erfelijke drukneuropathie,https://www.erfelijkheid.nl/ziektes/erfelijke-drukneuropathie,erfelijke-drukneuropathie,erfelijke-drukneuropathie,https://www.erfocentrum.nl/,Erfelijkheid van neurologische ziekten,erfelijke drukneuropathie|erfelijkedrukneuropathie,"Erfelijke drukneuropathie is een erfelijke aandoening. Op deze pagina vind je wat het is, of het in families voorkomt en wat je kunt doen als je vragen hebt.","Erfelijke drukneuropathie betreft een genetisch bepaalde aandoening waarbij varianten in een of meerdere genen kunnen leiden tot klinische verschijnselen. De overerving kan autosomaal dominant, autosomaal recessief of X-gebonden zijn, afhankelijk van het onderliggende mechanisme. Diagnostiek kan bestaan uit moleculair-genetisch onderzoek en/of chromosoomanalyse. Voor counseling en interpretatie van uitslagen kan verwijzing naar de klinische genetica passend zijn.",Bespreek je vraag met je huisarts. Vraag zo nodig om een verwijzing naar de klinische genetica.,Deze informatie is algemeen en is geen diagnose of persoonlijk medisch advies. Bespreek klachten of zorgen altijd met een arts.,autosomaal|recessief|dominant|x-gebonden|moleculair|chromosoomanalyse|counseling,14.0,4.535714285714286,28,2,14.75,6.830508474576271,59,4,10.214285714285715,11.582203389830507
E,Erfelijke en/of aangeboren hart- en vaatziektes,https://www.erfelijkheid.nl/ziektes/erfelijke-enof-aangeboren-hart-en-vaatziekten,erfelijke-enof-aangeboren-hart-en-vaatziekten,erfelijke-enof-aangeboren-hart-en-vaatziekten,https://www.erfocentrum.nl/,Erfelijkheid hartziekten,erfelijke en of aangeboren hart  en vaatziektes|erfelijke en of aangeboren hart- en vaatziektes|erfelijke enof aangeboren hart en vaatziekten|erfelijkeenofaangeborenhart-envaatziektes,"Erfelijke en/of aangeboren hart- en vaatziektes is een erfelijke aandoening. Op deze pagina vind je wat het is, of het in families voorkomt en wat je kunt doen als je vragen hebt.","Erfelijke en/of aangeboren hart- en vaatziektes betreft een genetisch bepaalde aandoening waarbij varianten in een of meerdere genen kunnen leiden tot klinische verschijnselen. De overerving kan autosomaal dominant, autosomaal recessief of X-gebonden zijn, afhankelijk van het onderliggende mechanisme. Diagnostiek kan bestaan uit moleculair-genetisch onderzoek en/of chromosoomanalyse. Voor counseling en interpretatie van uitslagen kan verwijzing naar de klinische genetica passend zijn.",Maak een afspraak bij de huisarts om je familiegeschiedenis te bespreken. Een klinisch geneticus kan uitleg geven over erfelijkheid.,Deze informatie is algemeen en is geen diagnose of persoonlijk medisch advies. Bespreek klachten of zorgen altijd met een arts.,autosomaal|recessief|dominant|x-gebonden|moleculair|chromosoomanalyse|counseling,16.5,4.333333333333333,33,2,16.0,6.546875,64,4,11.633333333333333,12.21875
E,Erfelijke hartritmestoornissen,https://www.erfelijkheid.nl/ziektes/erfelijke-hartritmestoornissen,erfelijke-hartritmestoornissen,erfelijke-hartritmestoornissen,https://www.erfocentrum.nl/,Erfelijkheid hartziekten,erfelijke hartritmestoornissen|erfelijkehartritmestoornissen,Bij Erfelijke hartritmestoornissen spelen genen een rol. Deze pagina helpt je om snel te vinden: is het erfelijk en wat is een logische volgende stap.,Erfelijke hartritmestoornissen wordt in de literatuur beschreven als een genetische aandoening met heterogene etiologie. Fenotype-expressie en penetrantie kunnen variëren; risico-inschatting hangt af van familieanamnese en genetische bevindingen. Differentiaaldiagnostiek en indicatiestelling voor DNA-diagnostiek verlopen doorgaans via zorgprofessionals. Bespreek vragen met de huisarts; zo nodig volgt verwijzing naar een klinisch geneticus.,Maak een afspraak bij de huisarts om je familiegeschiedenis te bespreken. Een klinisch geneticus kan uitleg geven over erfelijkheid.,Deze informatie is algemeen en is geen diagnose of persoonlijk medisch advies. Bespreek klachten of zorgen altijd met een arts.,penetrantie|fenotype|etiologie|differentiaaldiagnostiek|indicatiestelling,12.5,4.92,25,2,13.0,7.423076923076923,52,4,9.468,10.76923076923077
E,Erfelijke hyperekplexie,https://www.erfelijkheid.nl/ziektes/erfelijke-hyperekplexie,erfelijke-hyperekplexie,erfelijke-hyperekplexie,https://www.erfocentrum.nl/,Aanleg en ontwikkeling,erfelijke hyperekplexie|erfelijkehyperekplexie,Erfelijke hyperekplexie is een zeldzame erfelijke aandoening. Hier lees je in eenvoudige woorden de belangrijkste punten en waar je terechtkunt voor hulp.,"Erfelijke hyperekplexie betreft een genetisch bepaalde aandoening waarbij varianten in een of meerdere genen kunnen leiden tot klinische verschijnselen. De overerving kan autosomaal dominant, autosomaal recessief of X-gebonden zijn, afhankelijk van het onderliggende mechanisme. Diagnostiek kan bestaan uit moleculair-genetisch onderzoek en/of chromosoomanalyse. Voor counseling en interpretatie van uitslagen kan verwijzing naar de klinische genetica passend zijn.",Bespreek je vraag met je huisarts. Vraag zo nodig om een verwijzing naar de klinische genetica.,Deze informatie is algemeen en is geen diagnose of persoonlijk medisch advies. Bespreek klachten of zorgen altijd met een arts.,autosomaal|recessief|dominant|x-gebonden|moleculair|chromosoomanalyse|counseling,11.0,5.954545454545454,22,2,14.75,6.796610169491525,59,4,8.98181818181818,11.56864406779661
E,Erfelijke pancreatitis,https://www.erfelijkheid.nl/ziektes/erfelijke-pancreatitis,erfelijke-pancreatitis,erfelijke-pancreatitis,https://www.erfocentrum.nl/,Aanleg en ontwikkeling,erfelijke pancreatitis|erfelijkepancreatitis,"Erfelijke pancreatitis is een erfelijke aandoening. Op deze pagina vind je wat het is, of het in families voorkomt en wat je kunt doen als je vragen hebt.",Erfelijke pancreatitis wordt in de literatuur beschreven als een genetische aandoening met heterogene etiologie. Fenotype-expressie en penetrantie kunnen variëren; risico-inschatting hangt af van familieanamnese en genetische bevindingen. Differentiaaldiagnostiek en indicatiestelling voor DNA-diagnostiek verlopen doorgaans via zorgprofessionals. Bespreek vragen met de huisarts; zo nodig volgt verwijzing naar een klinisch geneticus.,Maak een afspraak bij de huisarts om je familiegeschiedenis te bespreken. Een klinisch geneticus kan uitleg geven over erfelijkheid.,Deze informatie is algemeen en is geen diagnose of persoonlijk medisch advies. Bespreek klachten of zorgen altijd met een arts.,penetrantie|fenotype|etiologie|differentiaaldiagnostiek|indicatiestelling,14.0,4.428571428571429,28,2,13.0,7.269230769230769,52,4,10.171428571428573,10.707692307692309
E,Erfelijke paragangliomen en feochromocytoom,https://www.erfelijkheid.nl/ziektes/erfelijke-paragangliomen-en-feochromocytoom,erfelijke-paragangliomen-en-feochromocytoom,erfelijke-paragangliomen-en-feochromocytoom,https://www.erfocentrum.nl/,Aanleg en ontwikkeling,erfelijke paragangliomen en feochromocytoom|erfelijkeparagangliomenenfeochromocytoom,Bij Erfelijke paragangliomen en feochromocytoom spelen genen een rol. Deze pagina helpt je om snel te vinden: is het erfelijk en wat is een logische volgende stap.,"Erfelijke paragangliomen en feochromocytoom betreft een genetisch bepaalde aandoening waarbij varianten in een of meerdere genen kunnen leiden tot klinische verschijnselen. De overerving kan autosomaal dominant, autosomaal recessief of X-gebonden zijn, afhankelijk van het onderliggende mechanisme. Diagnostiek kan bestaan uit moleculair-genetisch onderzoek en/of chromosoomanalyse. Voor counseling en interpretatie van uitslagen kan verwijzing naar de klinische genetica passend zijn.",Maak een afspraak bij de huisarts om je familiegeschiedenis te bespreken. Een klinisch geneticus kan uitleg geven over erfelijkheid.,Deze informatie is algemeen en is geen diagnose of persoonlijk medisch advies. Bespreek klachten of zorgen altijd met een arts.,autosomaal|recessief|dominant|x-gebonden|moleculair|chromosoomanalyse|counseling,13.5,4.962962962962963,27,2,15.25,6.868852459016393,61,4,10.085185185185185,11.897540983606557
E,Ernstig gecombineerde immuunstoornis (SCID),https://www.erfelijkheid.nl/ziektes/ernstig-gecombineerde-immuunstoornis-scid,ernstig-gecombineerde-immuunstoornis-scid,ernstig-gecombineerde-immuunstoornis-scid,https://www.erfocentrum.nl/,Aanleg en ontwikkeling,ernstig gecombineerde immuunstoornis scid|ernstiggecombineerdeimmuunstoornisscid,"Ernstig gecombineerde immuunstoornis (SCID) is een erfelijke aandoening. Op deze pagina vind je wat het is, of het in families voorkomt en wat je kunt doen als je vragen hebt.","Ernstig gecombineerde immuunstoornis (SCID) betreft een genetisch bepaalde aandoening waarbij varianten in een of meerdere genen kunnen leiden tot klinische verschijnselen. De overerving kan autosomaal dominant, autosomaal recessief of X-gebonden zijn, afhankelijk van het onderliggende mechanisme. Diagnostiek kan bestaan uit moleculair-genetisch onderzoek en/of chromosoomanalyse. Voor counseling en interpretatie van uitslagen kan verwijzing naar de klinische genetica passend zijn.",Bespreek je vraag met je huisarts. Vraag zo nodig om een verwijzing naar de klinische genetica.,Deze informatie is algemeen en is geen diagnose of persoonlijk medisch advies. Bespreek klachten of zorgen altijd met een arts.,autosomaal|recessief|dominant|x-gebonden|moleculair|chromosoomanalyse|counseling,15.0,4.7,30,2,15.25,6.836065573770492,61,4,10.88,11.884426229508197
F,Facioscapulohumerale dystrofie (FSHD),https://www.erfelijkheid.nl/ziektes/fshd,fshd,fshd,https://www.erfocentrum.nl/,Aanleg en ontwikkeling,facioscapulohumerale dystrofie fshd|facioscapulohumeraledystrofiefshd|fshd,"Facioscapulohumerale dystrofie (FSHD) is een erfelijke aandoening. Op deze pagina vind je wat het is, of het in families voorkomt en wat je kunt doen als je vragen hebt.",Facioscapulohumerale dystrofie (FSHD) wordt in de literatuur beschreven als een genetische aandoening met heterogene etiologie. Fenotype-expressie en penetrantie kunnen variëren; risico-inschatting hangt af van familieanamnese en genetische bevindingen. Differentiaaldiagnostiek en indicatiestelling voor DNA-diagnostiek verlopen doorgaans via zorgprofessionals. Bespreek vragen met de huisarts; zo nodig volgt verwijzing naar een klinisch geneticus.,Bespreek je vraag met je huisarts. Vraag zo nodig om een verwijzing naar de klinische genetica.,Deze informatie is algemeen en is geen diagnose of persoonlijk medisch advies. Bespreek klachten of zorgen altijd met een arts.,penetrantie|fenotype|etiologie|differentiaaldiagnostiek|indicatiestelling,14.5,4.689655172413793,29,2,13.25,7.3584905660377355,53,4,10.575862068965517,10.893396226415094
F,Factor V Leiden,https://www.erfelijkheid.nl/ziektes/factor-v-leiden,factor-v-leiden,factor-v-leiden,https://www.erfocentrum.nl/,Aanleg en ontwikkeling,factor v leiden|factorvleiden,Bij Factor V Leiden spelen genen een rol. Deze pagina helpt je om snel te vinden: is het erfelijk en wat is een logische volgende stap.,Factor V Leiden wordt in de literatuur beschreven als een genetische aandoening met heterogene etiologie. Fenotype-expressie en penetrantie kunnen variëren; risico-inschatting hangt af van familieanamnese en genetische bevindingen. Differentiaaldiagnostiek en indicatiestelling voor DNA-diagnostiek verlopen doorgaans via zorgprofessionals. Bespreek vragen met de huisarts; zo nodig volgt verwijzing naar een klinisch geneticus.,Maak een afspraak bij de huisarts om je familiegeschiedenis te bespreken. Een klinisch geneticus kan uitleg geven over erfelijkheid.,Deze informatie is algemeen en is geen diagnose of persoonlijk medisch advies. Bespreek klachten of zorgen altijd met een arts.,penetrantie|fenotype|etiologie|differentiaaldiagnostiek|indicatiestelling,13.0,4.115384615384615,26,2,13.25,6.981132075471698,53,4,9.446153846153846,10.742452830188679
F,Factor XI deficiëntie,https://www.erfelijkheid.nl/ziektes/factor-xi-defici%C3%ABntie,factor-xi-defici%C3%ABntie,factor-xi-defici%C3%ABntie,https://www.erfocentrum.nl/,Aanleg en ontwikkeling,factor xi defici%C3%ABntie|factor xi deficientie|factor xi deficiëntie|factorxideficientie,Factor XI deficiëntie is een zeldzame erfelijke aandoening. Hier lees je in eenvoudige woorden de belangrijkste punten en waar je terechtkunt voor hulp.,Factor XI deficiëntie wordt in de literatuur beschreven als een genetische aandoening met heterogene etiologie. Fenotype-expressie en penetrantie kunnen variëren; risico-inschatting hangt af van familieanamnese en genetische bevindingen. Differentiaaldiagnostiek en indicatiestelling voor DNA-diagnostiek verlopen doorgaans via zorgprofessionals. Bespreek vragen met de huisarts; zo nodig volgt verwijzing naar een klinisch geneticus.,Maak een afspraak bij de huisarts om je familiegeschiedenis te bespreken. Een klinisch geneticus kan uitleg geven over erfelijkheid.,Deze informatie is algemeen en is geen diagnose of persoonlijk medisch advies. Bespreek klachten of zorgen altijd met een arts.,penetrantie|fenotype|etiologie|differentiaaldiagnostiek|indicatiestelling,11.5,5.565217391304348,23,2,13.25,7.09433962264151,53,4,9.126086956521739,10.787735849056602
F,Factordeficiënties,https://www.erfelijkheid.nl/ziektes/factordeficienties,factordeficienties,factordeficienties,https://www.erfocentrum.nl/,Aanleg en ontwikkeling,factordeficienties|factordeficiënties,Bij Factordeficiënties spelen genen een rol. Deze pagina helpt je om snel te vinden: is het erfelijk en wat is een logische volgende stap.,Factordeficiënties wordt in de literatuur beschreven als een genetische aandoening met heterogene etiologie. Fenotype-expressie en penetrantie kunnen variëren; risico-inschatting hangt af van familieanamnese en genetische bevindingen. Differentiaaldiagnostiek en indicatiestelling voor DNA-diagnostiek verlopen doorgaans via zorgprofessionals. Bespreek vragen met de huisarts; zo nodig volgt verwijzing naar een klinisch geneticus.,Bespreek je vraag met je huisarts. Vraag zo nodig om een verwijzing naar de klinische genetica.,Deze informatie is algemeen en is geen diagnose of persoonlijk medisch advies. Bespreek klachten of zorgen altijd met een arts.,penetrantie|fenotype|etiologie|differentiaaldiagnostiek|indicatiestelling,12.0,4.666666666666667,24,2,12.75,7.352941176470588,51,4,9.066666666666666,10.591176470588234
F,Familiair hemofagocyterende lymfo histiocytose syndroom (FHLH syndroom),https://www.erfelijkheid.nl/ziektes/familiair-hemofagocyterende-lymfo-histiocytose-syndroom-FHLH-syndroom,familiair-hemofagocyterende-lymfo-histiocytose-syndroom-FHLH-syndroom,familiair-hemofagocyterende-lymfo-histiocytose-syndroom-FHLH-syndroom,https://www.erfocentrum.nl/,Aanleg en ontwikkeling,familiair hemofagocyterende lymfo histiocytose syn fhlh syn|familiair hemofagocyterende lymfo histiocytose syndroom FHLH syndroom|familiair hemofagocyterende lymfo histiocytose syndroom fhlh syndroom|familiairhemofagocyterendelymfohistiocytosesyndroomfhlhsyndroom,"Familiair hemofagocyterende lymfo histiocytose syndroom (FHLH syndroom) is een erfelijke aandoening. Op deze pagina vind je wat het is, of het in families voorkomt en wat je kunt doen als je vragen hebt.",Familiair hemofagocyterende lymfo histiocytose syndroom (FHLH syndroom) wordt in de literatuur beschreven als een genetische aandoening met heterogene etiologie. Fenotype-expressie en penetrantie kunnen variëren; risico-inschatting hangt af van familieanamnese en genetische bevindingen. Differentiaaldiagnostiek en indicatiestelling voor DNA-diagnostiek verlopen doorgaans via zorgprofessionals. Bespreek vragen met de huisarts; zo nodig volgt verwijzing naar een klinisch geneticus.,Bespreek je vraag met je huisarts. Vraag zo nodig om een verwijzing naar de klinische genetica.,Deze informatie is algemeen en is geen diagnose of persoonlijk medisch advies. Bespreek klachten of zorgen altijd met een arts.,penetrantie|fenotype|etiologie|differentiaaldiagnostiek|indicatiestelling,16.5,5.03030303030303,33,2,14.25,7.368421052631579,57,4,11.912121212121212,11.49736842105263
F,Familiaire amyloid polyneuropathie,https://www.erfelijkheid.nl/ziektes/familiaire-amyloid-polyneuropathie,familiaire-amyloid-polyneuropathie,familiaire-amyloid-polyneuropathie,https://www.erfocentrum.nl/,Erfelijkheid van neurologische ziekten,familiaire amyloid polyneuropathie|familiaireamyloidpolyneuropathie,Familiaire amyloid polyneuropathie is een zeldzame erfelijke aandoening. Hier lees je in eenvoudige woorden de belangrijkste punten en waar je terechtkunt voor hulp.,"Familiaire amyloid polyneuropathie betreft een genetisch bepaalde aandoening waarbij varianten in een of meerdere genen kunnen leiden tot klinische verschijnselen. De overerving kan autosomaal dominant, autosomaal recessief of X-gebonden zijn, afhankelijk van het onderliggende mechanisme. Diagnostiek kan bestaan uit moleculair-genetisch onderzoek en/of chromosoomanalyse. Voor counseling en interpretatie van uitslagen kan verwijzing naar de klinische genetica passend zijn.",Bespreek je vraag met je huisarts. Vraag zo nodig om een verwijzing naar de klinische genetica.,Deze informatie is algemeen en is geen diagnose of persoonlijk medisch advies. Bespreek klachten of zorgen altijd met een arts.,autosomaal|recessief|dominant|x-gebonden|moleculair|chromosoomanalyse|counseling,11.5,6.130434782608695,23,2,15.0,6.85,60,4,9.352173913043478,11.74
F,Familiaire dysautonomie,https://www.erfelijkheid.nl/ziektes/familiaire-dysautonomie,familiaire-dysautonomie,familiaire-dysautonomie,https://www.erfocentrum.nl/,Aanleg en ontwikkeling,familiaire dysautonomie|familiairedysautonomie,Bij Familiaire dysautonomie spelen genen een rol. Deze pagina helpt je om snel te vinden: is het erfelijk en wat is een logische volgende stap.,"Familiaire dysautonomie betreft een genetisch bepaalde aandoening waarbij varianten in een of meerdere genen kunnen leiden tot klinische verschijnselen. De overerving kan autosomaal dominant, autosomaal recessief of X-gebonden zijn, afhankelijk van het onderliggende mechanisme. Diagnostiek kan bestaan uit moleculair-genetisch onderzoek en/of chromosoomanalyse. Voor counseling en interpretatie van uitslagen kan verwijzing naar de klinische genetica passend zijn.",Bespreek je vraag met je huisarts. Vraag zo nodig om een verwijzing naar de klinische genetica.,Deze informatie is algemeen en is geen diagnose of persoonlijk medisch advies. Bespreek klachten of zorgen altijd met een arts.,autosomaal|recessief|dominant|x-gebonden|moleculair|chromosoomanalyse|counseling,12.5,4.64,25,2,14.75,6.796610169491525,59,4,9.356,11.56864406779661
F,Familiaire dysbetalipoproteïnemie,https://www.erfelijkheid.nl/ziektes/familiaire-dysbetalipoprote%C3%AFnemie-fd,familiaire-dysbetalipoprote%C3%AFnemie-fd,familiaire-dysbetalipoprote%C3%AFnemie-fd,https://www.erfocentrum.nl/,Aanleg en ontwikkeling,familiaire dysbetalipoprote%C3%AFnemie fd|familiaire dysbetalipoproteinemie|familiairedysbetalipoproteinemie,Bij Familiaire dysbetalipoproteïnemie spelen genen een rol. Deze pagina helpt je om snel te vinden: is het erfelijk en wat is een logische volgende stap.,Familiaire dysbetalipoproteïnemie wordt in de literatuur beschreven als een genetische aandoening met heterogene etiologie. Fenotype-expressie en penetrantie kunnen variëren; risico-inschatting hangt af van familieanamnese en genetische bevindingen. Differentiaaldiagnostiek en indicatiestelling voor DNA-diagnostiek verlopen doorgaans via zorgprofessionals. Bespreek vragen met de huisarts; zo nodig volgt verwijzing naar een klinisch geneticus.,Bespreek je vraag met je huisarts. Vraag zo nodig om een verwijzing naar de klinische genetica.,Deze informatie is algemeen en is geen diagnose of persoonlijk medisch advies. Bespreek klachten of zorgen altijd met een arts.,penetrantie|fenotype|etiologie|differentiaaldiagnostiek|indicatiestelling,12.5,5.04,25,2,13.0,7.480769230769231,52,4,9.516,10.792307692307691
F,Familiaire essentiële trombocytemie,https://www.erfelijkheid.nl/ziektes/familiaire-essentiele-trombocytemie,familiaire-essentiele-trombocytemie,familiaire-essentiele-trombocytemie,https://www.erfocentrum.nl/,Aanleg en ontwikkeling,familiaire essentiele trombocytemie|familiaireessentieletrombocytemie,Familiaire essentiële trombocytemie is een zeldzame erfelijke aandoening. Hier lees je in eenvoudige woorden de belangrijkste punten en waar je terechtkunt voor hulp.,Familiaire essentiële trombocytemie wordt in de literatuur beschreven als een genetische aandoening met heterogene etiologie. Fenotype-expressie en penetrantie kunnen variëren; risico-inschatting hangt af van familieanamnese en genetische bevindingen. Differentiaaldiagnostiek en indicatiestelling voor DNA-diagnostiek verlopen doorgaans via zorgprofessionals. Bespreek vragen met de huisarts; zo nodig volgt verwijzing naar een klinisch geneticus.,Maak een afspraak bij de huisarts om je familiegeschiedenis te bespreken. Een klinisch geneticus kan uitleg geven over erfelijkheid.,Deze informatie is algemeen en is geen diagnose of persoonlijk medisch advies. Bespreek klachten of zorgen altijd met een arts.,penetrantie|fenotype|etiologie|differentiaaldiagnostiek|indicatiestelling,11.5,6.173913043478261,23,2,13.25,7.3584905660377355,53,4,9.369565217391305,10.893396226415094
F,Familiaire gecombineerde hyperlipidemie,https://www.erfelijkheid.nl/ziektes/familiaire-gecombineerde-hyperlipidemie,familiaire-gecombineerde-hyperlipidemie,familiaire-gecombineerde-hyperlipidemie,https://www.erfocentrum.nl/,Aanleg en ontwikkeling,familiaire gecombineerde hyperlipidemie|familiairegecombineerdehyperlipidemie,"Familiaire gecombineerde hyperlipidemie is een erfelijke aandoening. Op deze pagina vind je wat het is, of het in families voorkomt en wat je kunt doen als je vragen hebt.","Familiaire gecombineerde hyperlipidemie betreft een genetisch bepaalde aandoening waarbij varianten in een of meerdere genen kunnen leiden tot klinische verschijnselen. De overerving kan autosomaal dominant, autosomaal recessief of X-gebonden zijn, afhankelijk van het onderliggende mechanisme. Diagnostiek kan bestaan uit moleculair-genetisch onderzoek en/of chromosoomanalyse. Voor counseling en interpretatie van uitslagen kan verwijzing naar de klinische genetica passend zijn.",Bespreek je vraag met je huisarts. Vraag zo nodig om een verwijzing naar de klinische genetica.,Deze informatie is algemeen en is geen diagnose of persoonlijk medisch advies. Bespreek klachten of zorgen altijd met een arts.,autosomaal|recessief|dominant|x-gebonden|moleculair|chromosoomanalyse|counseling,14.5,4.827586206896552,29,2,15.0,6.933333333333334,60,4,10.63103448275862,11.773333333333333
F,Familiaire hemiplegische migraine,https://www.erfelijkheid.nl/ziektes/familiaire-hemiplegische-migraine,familiaire-hemiplegische-migraine,familiaire-hemiplegische-migraine,https://www.erfocentrum.nl/,Aanleg en ontwikkeling,familiaire hemiplegische migraine|familiairehemiplegischemigraine,Bij Familiaire hemiplegische migraine spelen genen een rol. Deze pagina helpt je om snel te vinden: is het erfelijk en wat is een logische volgende stap.,"Familiaire hemiplegische migraine betreft een genetisch bepaalde aandoening waarbij varianten in een of meerdere genen kunnen leiden tot klinische verschijnselen. De overerving kan autosomaal dominant, autosomaal recessief of X-gebonden zijn, afhankelijk van het onderliggende mechanisme. Diagnostiek kan bestaan uit moleculair-genetisch onderzoek en/of chromosoomanalyse. Voor counseling en interpretatie van uitslagen kan verwijzing naar de klinische genetica passend zijn.",Bespreek je vraag met je huisarts. Vraag zo nodig om een verwijzing naar de klinische genetica.,Deze informatie is algemeen en is geen diagnose of persoonlijk medisch advies. Bespreek klachten of zorgen altijd met een arts.,autosomaal|recessief|dominant|x-gebonden|moleculair|chromosoomanalyse|counseling,13.0,4.8076923076923075,26,2,15.0,6.833333333333333,60,4,9.723076923076922,11.733333333333334
F,Familiaire Hypercholesterolemie,https://www.erfelijkheid.nl/ziektes/familiaire-hypercholesterolemie,familiaire-hypercholesterolemie,familiaire-hypercholesterolemie,https://www.erfocentrum.nl/,Aanleg en ontwikkeling,familiaire hypercholesterolemie|familiairehypercholesterolemie,Bij Familiaire Hypercholesterolemie spelen genen een rol. Deze pagina helpt je om snel te vinden: is het erfelijk en wat is een logische volgende stap.,Familiaire Hypercholesterolemie wordt in de literatuur beschreven als een genetische aandoening met heterogene etiologie. Fenotype-expressie en penetrantie kunnen variëren; risico-inschatting hangt af van familieanamnese en genetische bevindingen. Differentiaaldiagnostiek en indicatiestelling voor DNA-diagnostiek verlopen doorgaans via zorgprofessionals. Bespreek vragen met de huisarts; zo nodig volgt verwijzing naar een klinisch geneticus.,Maak een afspraak bij de huisarts om je familiegeschiedenis te bespreken. Een klinisch geneticus kan uitleg geven over erfelijkheid.,Deze informatie is algemeen en is geen diagnose of persoonlijk medisch advies. Bespreek klachten of zorgen altijd met een arts.,penetrantie|fenotype|etiologie|differentiaaldiagnostiek|indicatiestelling,12.5,4.96,25,2,13.0,7.4423076923076925,52,4,9.484,10.776923076923076
F,Familiaire mediterrane koorts (FMF),https://www.erfelijkheid.nl/ziektes/familiaire-mediterrane-koorts-fmf,familiaire-mediterrane-koorts-fmf,familiaire-mediterrane-koorts-fmf,https://www.erfocentrum.nl/,Aanleg en ontwikkeling,familiaire mediterrane koorts fmf|familiairemediterranekoortsfmf,Bij Familiaire mediterrane koorts (FMF) spelen genen een rol. Deze pagina helpt je om snel te vinden: is het erfelijk en wat is een logische volgende stap.,Familiaire mediterrane koorts (FMF) wordt in de literatuur beschreven als een genetische aandoening met heterogene etiologie. Fenotype-expressie en penetrantie kunnen variëren; risico-inschatting hangt af van familieanamnese en genetische bevindingen. Differentiaaldiagnostiek en indicatiestelling voor DNA-diagnostiek verlopen doorgaans via zorgprofessionals. Bespreek vragen met de huisarts; zo nodig volgt verwijzing naar een klinisch geneticus.,Bespreek je vraag met je huisarts. Vraag zo nodig om een verwijzing naar de klinische genetica.,Deze informatie is algemeen en is geen diagnose of persoonlijk medisch advies. Bespreek klachten of zorgen altijd met een arts.,penetrantie|fenotype|etiologie|differentiaaldiagnostiek|indicatiestelling,13.5,4.592592592592593,27,2,13.5,7.166666666666667,54,4,9.937037037037037,10.966666666666667
F,Familiaire medullaire schildklierkanker,https://www.erfelijkheid.nl/ziektes/multipele-endocriene-neoplasie-2-men2,multipele-endocriene-neoplasie-2-men2,multipele-endocriene-neoplasie-2-men2,https://www.erfocentrum.nl/,Erfelijkheid van kanker,familiaire medullaire schildklierkanker|familiairemedullaireschildklierkanker|multipele endocriene neoplasie 2 men2,"Familiaire medullaire schildklierkanker is een erfelijke aandoening. Op deze pagina vind je wat het is, of het in families voorkomt en wat je kunt doen als je vragen hebt.","Familiaire medullaire schildklierkanker betreft een genetisch bepaalde aandoening waarbij varianten in een of meerdere genen kunnen leiden tot klinische verschijnselen. De overerving kan autosomaal dominant, autosomaal recessief of X-gebonden zijn, afhankelijk van het onderliggende mechanisme. Diagnostiek kan bestaan uit moleculair-genetisch onderzoek en/of chromosoomanalyse. Voor counseling en interpretatie van uitslagen kan verwijzing naar de klinische genetica passend zijn.",Maak een afspraak bij de huisarts om je familiegeschiedenis te bespreken. Een klinisch geneticus kan uitleg geven over erfelijkheid.,Deze informatie is algemeen en is geen diagnose of persoonlijk medisch advies. Bespreek klachten of zorgen altijd met een arts.,autosomaal|recessief|dominant|x-gebonden|moleculair|chromosoomanalyse|counseling,14.5,4.827586206896552,29,2,15.0,6.933333333333334,60,4,10.63103448275862,11.773333333333333
F,Fanconi anemie,https://www.erfelijkheid.nl/ziektes/fanconi-anemie,fanconi-anemie,fanconi-anemie,https://www.erfocentrum.nl/,Aanleg en ontwikkeling,fanconi anemie|fanconianemie,Bij Fanconi anemie spelen genen een rol. Deze pagina helpt je om snel te vinden: is het erfelijk en wat is een logische volgende stap.,"Fanconi anemie betreft een genetisch bepaalde aandoening waarbij varianten in een of meerdere genen kunnen leiden tot klinische verschijnselen. De overerving kan autosomaal dominant, autosomaal recessief of X-gebonden zijn, afhankelijk van het onderliggende mechanisme. Diagnostiek kan bestaan uit moleculair-genetisch onderzoek en/of chromosoomanalyse. Voor counseling en interpretatie van uitslagen kan verwijzing naar de klinische genetica passend zijn.",Bespreek je vraag met je huisarts. Vraag zo nodig om een verwijzing naar de klinische genetica.,Deze informatie is algemeen en is geen diagnose of persoonlijk medisch advies. Bespreek klachten of zorgen altijd met een arts.,autosomaal|recessief|dominant|x-gebonden|moleculair|chromosoomanalyse|counseling,12.5,4.28,25,2,14.75,6.6440677966101696,59,4,9.212,11.507627118644068
F,FAP (familiaire adenomateuze polyposis),https://www.erfelijkheid.nl/ziektes/fap-familiaire-adenomateuze-polyposis,fap-familiaire-adenomateuze-polyposis,fap-familiaire-adenomateuze-polyposis,https://www.erfocentrum.nl/,Aanleg en ontwikkeling,fap familiaire adenomateuze polyposis|fapfamiliaireadenomateuzepolyposis,FAP (familiaire adenomateuze polyposis) is een zeldzame erfelijke aandoening. Hier lees je in eenvoudige woorden de belangrijkste punten en waar je terechtkunt voor hulp.,"FAP (familiaire adenomateuze polyposis) betreft een genetisch bepaalde aandoening waarbij varianten in een of meerdere genen kunnen leiden tot klinische verschijnselen. De overerving kan autosomaal dominant, autosomaal recessief of X-gebonden zijn, afhankelijk van het onderliggende mechanisme. Diagnostiek kan bestaan uit moleculair-genetisch onderzoek en/of chromosoomanalyse. Voor counseling en interpretatie van uitslagen kan verwijzing naar de klinische genetica passend zijn.",Bespreek je vraag met je huisarts. Vraag zo nodig om een verwijzing naar de klinische genetica.,Deze informatie is algemeen en is geen diagnose of persoonlijk medisch advies. Bespreek klachten of zorgen altijd met een arts.,autosomaal|recessief|dominant|x-gebonden|moleculair|chromosoomanalyse|counseling,12.0,5.958333333333333,24,2,15.25,6.770491803278689,61,4,9.583333333333332,11.858196721311476
F,FAS (foetaal alcohol syndroom),https://www.erfelijkheid.nl/ziektes/fas-foetaal-alcohol-syndroom,fas-foetaal-alcohol-syndroom,fas-foetaal-alcohol-syndroom,https://www.erfocentrum.nl/,Aanleg en ontwikkeling,fas foetaal alcohol syn|fas foetaal alcohol syndroom|fasfoetaalalcoholsyndroom,FAS (foetaal alcohol syndroom) is een zeldzame erfelijke aandoening. Hier lees je in eenvoudige woorden de belangrijkste punten en waar je terechtkunt voor hulp.,"FAS (foetaal alcohol syndroom) betreft een genetisch bepaalde aandoening waarbij varianten in een of meerdere genen kunnen leiden tot klinische verschijnselen. De overerving kan autosomaal dominant, autosomaal recessief of X-gebonden zijn, afhankelijk van het onderliggende mechanisme. Diagnostiek kan bestaan uit moleculair-genetisch onderzoek en/of chromosoomanalyse. Voor counseling en interpretatie van uitslagen kan verwijzing naar de klinische genetica passend zijn.",Bespreek je vraag met je huisarts. Vraag zo nodig om een verwijzing naar de klinische genetica.,Deze informatie is algemeen en is geen diagnose of persoonlijk medisch advies. Bespreek klachten of zorgen altijd met een arts.,autosomaal|recessief|dominant|x-gebonden|moleculair|chromosoomanalyse|counseling,12.0,5.583333333333333,24,2,15.25,6.622950819672131,61,4,9.433333333333334,11.799180327868854
F,Feingold syndroom,https://www.erfelijkheid.nl/ziektes/feingold-syndroom,feingold-syndroom,feingold-syndroom,https://www.erfocentrum.nl/,Aanleg en ontwikkeling,feingold syn|feingold syndroom|feingoldsyndroom,Bij Feingold syndroom spelen genen een rol. Deze pagina helpt je om snel te vinden: is het erfelijk en wat is een logische volgende stap.,Feingold syndroom wordt in de literatuur beschreven als een genetische aandoening met heterogene etiologie. Fenotype-expressie en penetrantie kunnen variëren; risico-inschatting hangt af van familieanamnese en genetische bevindingen. Differentiaaldiagnostiek en indicatiestelling voor DNA-diagnostiek verlopen doorgaans via zorgprofessionals. Bespreek vragen met de huisarts; zo nodig volgt verwijzing naar een klinisch geneticus.,Bespreek je vraag met je huisarts. Vraag zo nodig om een verwijzing naar de klinische genetica.,Deze informatie is algemeen en is geen diagnose of persoonlijk medisch advies. Bespreek klachten of zorgen altijd met een arts.,penetrantie|fenotype|etiologie|differentiaaldiagnostiek|indicatiestelling,12.5,4.4,25,2,13.0,7.173076923076923,52,4,9.26,10.669230769230769
F,Fibrodysplasia ossificans progressiva (FOP),https://www.erfelijkheid.nl/ziektes/fibrodysplasia-ossificans-progressiva-fop,fibrodysplasia-ossificans-progressiva-fop,fibrodysplasia-ossificans-progressiva-fop,https://www.erfocentrum.nl/,Aanleg en ontwikkeling,fibrodysplasia ossificans progressiva fop|fibrodysplasiaossificansprogressivafop,Bij Fibrodysplasia ossificans progressiva (FOP) spelen genen een rol. Deze pagina helpt je om snel te vinden: is het erfelijk en wat is een logische volgende stap.,"Fibrodysplasia ossificans progressiva (FOP) betreft een genetisch bepaalde aandoening waarbij varianten in een of meerdere genen kunnen leiden tot klinische verschijnselen. De overerving kan autosomaal dominant, autosomaal recessief of X-gebonden zijn, afhankelijk van het onderliggende mechanisme. Diagnostiek kan bestaan uit moleculair-genetisch onderzoek en/of chromosoomanalyse. Voor counseling en interpretatie van uitslagen kan verwijzing naar de klinische genetica passend zijn.",Maak een afspraak bij de huisarts om je familiegeschiedenis te bespreken. Een klinisch geneticus kan uitleg geven over erfelijkheid.,Deze informatie is algemeen en is geen diagnose of persoonlijk medisch advies. Bespreek klachten of zorgen altijd met een arts.,autosomaal|recessief|dominant|x-gebonden|moleculair|chromosoomanalyse|counseling,13.5,4.888888888888889,27,2,15.25,6.836065573770492,61,4,10.055555555555555,11.884426229508197
F,Fibromusculaire dysplasie (FMD),https://www.erfelijkheid.nl/ziektes/fibromusculaire-dysplasie-fmd,fibromusculaire-dysplasie-fmd,fibromusculaire-dysplasie-fmd,https://www.erfocentrum.nl/,Aanleg en ontwikkeling,fibromusculaire dysplasie fmd|fibromusculairedysplasiefmd,Fibromusculaire dysplasie (FMD) is een zeldzame erfelijke aandoening. Hier lees je in eenvoudige woorden de belangrijkste punten en waar je terechtkunt voor hulp.,"Fibromusculaire dysplasie (FMD) betreft een genetisch bepaalde aandoening waarbij varianten in een of meerdere genen kunnen leiden tot klinische verschijnselen. De overerving kan autosomaal dominant, autosomaal recessief of X-gebonden zijn, afhankelijk van het onderliggende mechanisme. Diagnostiek kan bestaan uit moleculair-genetisch onderzoek en/of chromosoomanalyse. Voor counseling en interpretatie van uitslagen kan verwijzing naar de klinische genetica passend zijn.",Bespreek je vraag met je huisarts. Vraag zo nodig om een verwijzing naar de klinische genetica.,Deze informatie is algemeen en is geen diagnose of persoonlijk medisch advies. Bespreek klachten of zorgen altijd met een arts.,autosomaal|recessief|dominant|x-gebonden|moleculair|chromosoomanalyse|counseling,11.5,5.913043478260869,23,2,15.0,6.766666666666667,60,4,9.265217391304347,11.706666666666667
F,Floating harbor syndroom,https://www.erfelijkheid.nl/ziektes/floating-harbor-syndroom,floating-harbor-syndroom,floating-harbor-syndroom,https://www.erfocentrum.nl/,Aanleg en ontwikkeling,floating harbor syn|floating harbor syndroom|floatingharborsyndroom,Floating harbor syndroom is een zeldzame erfelijke aandoening. Hier lees je in eenvoudige woorden de belangrijkste punten en waar je terechtkunt voor hulp.,"Floating harbor syndroom betreft een genetisch bepaalde aandoening waarbij varianten in een of meerdere genen kunnen leiden tot klinische verschijnselen. De overerving kan autosomaal dominant, autosomaal recessief of X-gebonden zijn, afhankelijk van het onderliggende mechanisme. Diagnostiek kan bestaan uit moleculair-genetisch onderzoek en/of chromosoomanalyse. Voor counseling en interpretatie van uitslagen kan verwijzing naar de klinische genetica passend zijn.",Maak een afspraak bij de huisarts om je familiegeschiedenis te bespreken. Een klinisch geneticus kan uitleg geven over erfelijkheid.,Deze informatie is algemeen en is geen diagnose of persoonlijk medisch advies. Bespreek klachten of zorgen altijd met een arts.,autosomaal|recessief|dominant|x-gebonden|moleculair|chromosoomanalyse|counseling,11.5,5.695652173913044,23,2,15.0,6.683333333333334,60,4,9.178260869565218,11.673333333333334
F,Focale dermale hypoplasie,https://www.erfelijkheid.nl/ziektes/focale-dermale-hypoplasie,focale-dermale-hypoplasie,focale-dermale-hypoplasie,https://www.erfocentrum.nl/,Aanleg en ontwikkeling,focale dermale hypoplasie|focaledermalehypoplasie,Bij Focale dermale hypoplasie spelen genen een rol. Deze pagina helpt je om snel te vinden: is het erfelijk en wat is een logische volgende stap.,Focale dermale hypoplasie wordt in de literatuur beschreven als een genetische aandoening met heterogene etiologie. Fenotype-expressie en penetrantie kunnen variëren; risico-inschatting hangt af van familieanamnese en genetische bevindingen. Differentiaaldiagnostiek en indicatiestelling voor DNA-diagnostiek verlopen doorgaans via zorgprofessionals. Bespreek vragen met de huisarts; zo nodig volgt verwijzing naar een klinisch geneticus.,Maak een afspraak bij de huisarts om je familiegeschiedenis te bespreken. Een klinisch geneticus kan uitleg geven over erfelijkheid.,Deze informatie is algemeen en is geen diagnose of persoonlijk medisch advies. Bespreek klachten of zorgen altijd met een arts.,penetrantie|fenotype|etiologie|differentiaaldiagnostiek|indicatiestelling,13.0,4.5,26,2,13.25,7.169811320754717,53,4,9.6,10.817924528301887
F,FOXP1 syndroom,https://www.erfelijkheid.nl/ziektes/foxp1-syndroom,foxp1-syndroom,foxp1-syndroom,https://www.erfocentrum.nl/,Aanleg en ontwikkeling,foxp 1 syndroom|foxp1 syn|foxp1 syndroom|foxp1syndroom,FOXP1 syndroom is een zeldzame erfelijke aandoening. Hier lees je in eenvoudige woorden de belangrijkste punten en waar je terechtkunt voor hulp.,"FOXP1 syndroom betreft een genetisch bepaalde aandoening waarbij varianten in een of meerdere genen kunnen leiden tot klinische verschijnselen. De overerving kan autosomaal dominant, autosomaal recessief of X-gebonden zijn, afhankelijk van het onderliggende mechanisme. Diagnostiek kan bestaan uit moleculair-genetisch onderzoek en/of chromosoomanalyse. Voor counseling en interpretatie van uitslagen kan verwijzing naar de klinische genetica passend zijn.",Bespreek je vraag met je huisarts. Vraag zo nodig om een verwijzing naar de klinische genetica.,Deze informatie is algemeen en is geen diagnose of persoonlijk medisch advies. Bespreek klachten of zorgen altijd met een arts.,autosomaal|recessief|dominant|x-gebonden|moleculair|chromosoomanalyse|counseling,11.0,5.545454545454546,22,2,14.75,6.6440677966101696,59,4,8.818181818181818,11.507627118644068
F,Fragiele X syndroom,https://www.erfelijkheid.nl/ziektes/fragiele-x-syndroom,fragiele-x-syndroom,fragiele-x-syndroom,https://www.erfocentrum.nl/,Aanleg en ontwikkeling,fragiele x syn|fragiele x syndroom|fragielexsyndroom,"Fragiele X syndroom is een erfelijke aandoening. Op deze pagina vind je wat het is, of het in families voorkomt en wat je kunt doen als je vragen hebt.",Fragiele X syndroom wordt in de literatuur beschreven als een genetische aandoening met heterogene etiologie. Fenotype-expressie en penetrantie kunnen variëren; risico-inschatting hangt af van familieanamnese en genetische bevindingen. Differentiaaldiagnostiek en indicatiestelling voor DNA-diagnostiek verlopen doorgaans via zorgprofessionals. Bespreek vragen met de huisarts; zo nodig volgt verwijzing naar een klinisch geneticus.,Maak een afspraak bij de huisarts om je familiegeschiedenis te bespreken. Een klinisch geneticus kan uitleg geven over erfelijkheid.,Deze informatie is algemeen en is geen diagnose of persoonlijk medisch advies. Bespreek klachten of zorgen altijd met een arts.,penetrantie|fenotype|etiologie|differentiaaldiagnostiek|indicatiestelling,14.5,4.137931034482759,29,2,13.25,7.056603773584905,53,4,10.355172413793102,10.772641509433962
F,Fragiele XE syndroom,https://www.erfelijkheid.nl/ziektes/fragiele-xe-syndroom,fragiele-xe-syndroom,fragiele-xe-syndroom,https://www.erfocentrum.nl/,Aanleg en ontwikkeling,fragiele xe syn|fragiele xe syndroom|fragielexesyndroom,"Fragiele XE syndroom is een erfelijke aandoening. Op deze pagina vind je wat het is, of het in families voorkomt en wat je kunt doen als je vragen hebt.",Fragiele XE syndroom wordt in de literatuur beschreven als een genetische aandoening met heterogene etiologie. Fenotype-expressie en penetrantie kunnen variëren; risico-inschatting hangt af van familieanamnese en genetische bevindingen. Differentiaaldiagnostiek en indicatiestelling voor DNA-diagnostiek verlopen doorgaans via zorgprofessionals. Bespreek vragen met de huisarts; zo nodig volgt verwijzing naar een klinisch geneticus.,Maak een afspraak bij de huisarts om je familiegeschiedenis te bespreken. Een klinisch geneticus kan uitleg geven over erfelijkheid.,Deze informatie is algemeen en is geen diagnose of persoonlijk medisch advies. Bespreek klachten of zorgen altijd met een arts.,penetrantie|fenotype|etiologie|differentiaaldiagnostiek|indicatiestelling,14.5,4.172413793103448,29,2,13.25,7.0754716981132075,53,4,10.368965517241378,10.780188679245283
F,Fraser syndroom,https://www.erfelijkheid.nl/ziektes/fraser-syndroom,fraser-syndroom,fraser-syndroom,https://www.erfocentrum.nl/,Aanleg en ontwikkeling,fraser syn|fraser syndroom|frasersyndroom,"Fraser syndroom is een erfelijke aandoening. Op deze pagina vind je wat het is, of het in families voorkomt en wat je kunt doen als je vragen hebt.",Fraser syndroom wordt in de literatuur beschreven als een genetische aandoening met heterogene etiologie. Fenotype-expressie en penetrantie kunnen variëren; risico-inschatting hangt af van familieanamnese en genetische bevindingen. Differentiaaldiagnostiek en indicatiestelling voor DNA-diagnostiek verlopen doorgaans via zorgprofessionals. Bespreek vragen met de huisarts; zo nodig volgt verwijzing naar een klinisch geneticus.,Maak een afspraak bij de huisarts om je familiegeschiedenis te bespreken. Een klinisch geneticus kan uitleg geven over erfelijkheid.,Deze informatie is algemeen en is geen diagnose of persoonlijk medisch advies. Bespreek klachten of zorgen altijd met een arts.,penetrantie|fenotype|etiologie|differentiaaldiagnostiek|indicatiestelling,14.0,4.178571428571429,28,2,13.0,7.134615384615385,52,4,10.071428571428573,10.653846153846153
F,Freeman-Sheldon syndroom,https://www.erfelijkheid.nl/ziektes/freeman-sheldon-syndroom,freeman-sheldon-syndroom,freeman-sheldon-syndroom,https://www.erfocentrum.nl/,Aanleg en ontwikkeling,freeman sheldon syndroom|freeman-sheldon syn|freeman-sheldon syndroom|freeman-sheldonsyndroom,"Freeman-Sheldon syndroom is een erfelijke aandoening. Op deze pagina vind je wat het is, of het in families voorkomt en wat je kunt doen als je vragen hebt.",Freeman-Sheldon syndroom wordt in de literatuur beschreven als een genetische aandoening met heterogene etiologie. Fenotype-expressie en penetrantie kunnen variëren; risico-inschatting hangt af van familieanamnese en genetische bevindingen. Differentiaaldiagnostiek en indicatiestelling voor DNA-diagnostiek verlopen doorgaans via zorgprofessionals. Bespreek vragen met de huisarts; zo nodig volgt verwijzing naar een klinisch geneticus.,Bespreek je vraag met je huisarts. Vraag zo nodig om een verwijzing naar de klinische genetica.,Deze informatie is algemeen en is geen diagnose of persoonlijk medisch advies. Bespreek klachten of zorgen altijd met een arts.,penetrantie|fenotype|etiologie|differentiaaldiagnostiek|indicatiestelling,14.5,4.310344827586207,29,2,13.25,7.150943396226415,53,4,10.424137931034483,10.810377358490566
F,Friedreich-ataxia (FA),https://www.erfelijkheid.nl/ziektes/friedreich-ataxia-fa,friedreich-ataxia-fa,friedreich-ataxia-fa,https://www.erfocentrum.nl/,Erfelijkheid van neurologische ziekten,friedreich ataxia fa|friedreich-ataxia fa|friedreich-ataxiafa,Friedreich-ataxia (FA) is een zeldzame erfelijke aandoening. Hier lees je in eenvoudige woorden de belangrijkste punten en waar je terechtkunt voor hulp.,Friedreich-ataxia (FA) wordt in de literatuur beschreven als een genetische aandoening met heterogene etiologie. Fenotype-expressie en penetrantie kunnen variëren; risico-inschatting hangt af van familieanamnese en genetische bevindingen. Differentiaaldiagnostiek en indicatiestelling voor DNA-diagnostiek verlopen doorgaans via zorgprofessionals. Bespreek vragen met de huisarts; zo nodig volgt verwijzing naar een klinisch geneticus.,Bespreek je vraag met je huisarts. Vraag zo nodig om een verwijzing naar de klinische genetica.,Deze informatie is algemeen en is geen diagnose of persoonlijk medisch advies. Bespreek klachten of zorgen altijd met een arts.,penetrantie|fenotype|etiologie|differentiaaldiagnostiek|indicatiestelling,11.5,5.521739130434782,23,2,13.25,7.0754716981132075,53,4,9.108695652173912,10.780188679245283
F,Frontonasale dysplasie,https://www.erfelijkheid.nl/ziektes/frontonasale-dysplasie,frontonasale-dysplasie,frontonasale-dysplasie,https://www.erfocentrum.nl/,Aanleg en ontwikkeling,frontonasale dysplasie|frontonasaledysplasie,"Frontonasale dysplasie is een erfelijke aandoening. Op deze pagina vind je wat het is, of het in families voorkomt en wat je kunt doen als je vragen hebt.",Frontonasale dysplasie wordt in de literatuur beschreven als een genetische aandoening met heterogene etiologie. Fenotype-expressie en penetrantie kunnen variëren; risico-inschatting hangt af van familieanamnese en genetische bevindingen. Differentiaaldiagnostiek en indicatiestelling voor DNA-diagnostiek verlopen doorgaans via zorgprofessionals. Bespreek vragen met de huisarts; zo nodig volgt verwijzing naar een klinisch geneticus.,Maak een afspraak bij de huisarts om je familiegeschiedenis te bespreken. Een klinisch geneticus kan uitleg geven over erfelijkheid.,Deze informatie is algemeen en is geen diagnose of persoonlijk medisch advies. Bespreek klachten of zorgen altijd met een arts.,penetrantie|fenotype|etiologie|differentiaaldiagnostiek|indicatiestelling,14.0,4.428571428571429,28,2,13.0,7.269230769230769,52,4,10.171428571428573,10.707692307692309
F,Frontotemporale dementie,https://www.erfelijkheid.nl/ziektes/frontotemporale-dementie,frontotemporale-dementie,frontotemporale-dementie,https://www.erfocentrum.nl/,Erfelijkheid van neurologische ziekten,frontotemporale dementie|frontotemporaledementie,Bij Frontotemporale dementie spelen genen een rol. Deze pagina helpt je om snel te vinden: is het erfelijk en wat is een logische volgende stap.,"Frontotemporale dementie betreft een genetisch bepaalde aandoening waarbij varianten in een of meerdere genen kunnen leiden tot klinische verschijnselen. De overerving kan autosomaal dominant, autosomaal recessief of X-gebonden zijn, afhankelijk van het onderliggende mechanisme. Diagnostiek kan bestaan uit moleculair-genetisch onderzoek en/of chromosoomanalyse. Voor counseling en interpretatie van uitslagen kan verwijzing naar de klinische genetica passend zijn.",Maak een afspraak bij de huisarts om je familiegeschiedenis te bespreken. Een klinisch geneticus kan uitleg geven over erfelijkheid.,Deze informatie is algemeen en is geen diagnose of persoonlijk medisch advies. Bespreek klachten of zorgen altijd met een arts.,autosomaal|recessief|dominant|x-gebonden|moleculair|chromosoomanalyse|counseling,12.5,4.68,25,2,14.75,6.813559322033898,59,4,9.372,11.57542372881356
F,Fryns syndroom,https://www.erfelijkheid.nl/ziektes/fryns-syndroom,fryns-syndroom,fryns-syndroom,https://www.erfocentrum.nl/,Aanleg en ontwikkeling,fryns syn|fryns syndroom|frynssyndroom,Bij Fryns syndroom spelen genen een rol. Deze pagina helpt je om snel te vinden: is het erfelijk en wat is een logische volgende stap.,"Fryns syndroom betreft een genetisch bepaalde aandoening waarbij varianten in een of meerdere genen kunnen leiden tot klinische verschijnselen. De overerving kan autosomaal dominant, autosomaal recessief of X-gebonden zijn, afhankelijk van het onderliggende mechanisme. Diagnostiek kan bestaan uit moleculair-genetisch onderzoek en/of chromosoomanalyse. Voor counseling en interpretatie van uitslagen kan verwijzing naar de klinische genetica passend zijn.",Bespreek je vraag met je huisarts. Vraag zo nodig om een verwijzing naar de klinische genetica.,Deze informatie is algemeen en is geen diagnose of persoonlijk medisch advies. Bespreek klachten of zorgen altijd met een arts.,autosomaal|recessief|dominant|x-gebonden|moleculair|chromosoomanalyse|counseling,12.5,4.28,25,2,14.75,6.6440677966101696,59,4,9.212,11.507627118644068
F,FTAAD (Familaire Thoracale Aorta Aneurysma en/of Dissectie),https://www.erfelijkheid.nl/ziektes/ftaad-familiaire-thoracale-aorta-aneurysma-dissectie,ftaad-familiaire-thoracale-aorta-aneurysma-dissectie,ftaad-familiaire-thoracale-aorta-aneurysma-dissectie,https://www.erfocentrum.nl/,Erfelijkheid van neurologische ziekten,ftaad familaire thoracale aorta aneurysma en of dissectie|ftaad familiaire thoracale aorta aneurysma dissectie|ftaadfamilairethoracaleaortaaneurysmaenofdissectie,"FTAAD (Familaire Thoracale Aorta Aneurysma en/of Dissectie) is een erfelijke aandoening. Op deze pagina vind je wat het is, of het in families voorkomt en wat je kunt doen als je vragen hebt.","FTAAD (Familaire Thoracale Aorta Aneurysma en/of Dissectie) betreft een genetisch bepaalde aandoening waarbij varianten in een of meerdere genen kunnen leiden tot klinische verschijnselen. De overerving kan autosomaal dominant, autosomaal recessief of X-gebonden zijn, afhankelijk van het onderliggende mechanisme. Diagnostiek kan bestaan uit moleculair-genetisch onderzoek en/of chromosoomanalyse. Voor counseling en interpretatie van uitslagen kan verwijzing naar de klinische genetica passend zijn.",Maak een afspraak bij de huisarts om je familiegeschiedenis te bespreken. Een klinisch geneticus kan uitleg geven over erfelijkheid.,Deze informatie is algemeen en is geen diagnose of persoonlijk medisch advies. Bespreek klachten of zorgen altijd met een arts.,autosomaal|recessief|dominant|x-gebonden|moleculair|chromosoomanalyse|counseling,17.0,4.5,34,2,16.25,6.6,65,4,12.0,12.39
F,Fucosidose,https://www.erfelijkheid.nl/ziektes/fucosidose,fucosidose,fucosidose,https://www.erfocentrum.nl/,Aanleg en ontwikkeling,fucosidose,Bij Fucosidose spelen genen een rol. Deze pagina helpt je om snel te vinden: is het erfelijk en wat is een logische volgende stap.,"Fucosidose betreft een genetisch bepaalde aandoening waarbij varianten in een of meerdere genen kunnen leiden tot klinische verschijnselen. De overerving kan autosomaal dominant, autosomaal recessief of X-gebonden zijn, afhankelijk van het onderliggende mechanisme. Diagnostiek kan bestaan uit moleculair-genetisch onderzoek en/of chromosoomanalyse. Voor counseling en interpretatie van uitslagen kan verwijzing naar de klinische genetica passend zijn.",Maak een afspraak bij de huisarts om je familiegeschiedenis te bespreken. Een klinisch geneticus kan uitleg geven over erfelijkheid.,Deze informatie is algemeen en is geen diagnose of persoonlijk medisch advies. Bespreek klachten of zorgen altijd met een arts.,autosomaal|recessief|dominant|x-gebonden|moleculair|chromosoomanalyse|counseling,12.0,4.333333333333333,24,2,14.5,6.706896551724138,58,4,8.933333333333334,11.382758620689655
F,FXPOI,https://www.erfelijkheid.nl/ziektes/fxpoi,fxpoi,fxpoi,https://www.erfocentrum.nl/,Aanleg en ontwikkeling,fxpoi,"FXPOI is een erfelijke aandoening. Op deze pagina vind je wat het is, of het in families voorkomt en wat je kunt doen als je vragen hebt.",FXPOI wordt in de literatuur beschreven als een genetische aandoening met heterogene etiologie. Fenotype-expressie en penetrantie kunnen variëren; risico-inschatting hangt af van familieanamnese en genetische bevindingen. Differentiaaldiagnostiek en indicatiestelling voor DNA-diagnostiek verlopen doorgaans via zorgprofessionals. Bespreek vragen met de huisarts; zo nodig volgt verwijzing naar een klinisch geneticus.,Maak een afspraak bij de huisarts om je familiegeschiedenis te bespreken. Een klinisch geneticus kan uitleg geven over erfelijkheid.,Deze informatie is algemeen en is geen diagnose of persoonlijk medisch advies. Bespreek klachten of zorgen altijd met een arts.,penetrantie|fenotype|etiologie|differentiaaldiagnostiek|indicatiestelling,13.5,4.0,27,2,12.75,7.098039215686274,51,4,9.7,10.489215686274509
F,FXTAS,https://www.erfelijkheid.nl/ziektes/fxtas,fxtas,fxtas,https://www.erfocentrum.nl/,Aanleg en ontwikkeling,fxtas,"FXTAS is een erfelijke aandoening. Op deze pagina vind je wat het is, of het in families voorkomt en wat je kunt doen als je vragen hebt.","FXTAS betreft een genetisch bepaalde aandoening waarbij varianten in een of meerdere genen kunnen leiden tot klinische verschijnselen. De overerving kan autosomaal dominant, autosomaal recessief of X-gebonden zijn, afhankelijk van het onderliggende mechanisme. Diagnostiek kan bestaan uit moleculair-genetisch onderzoek en/of chromosoomanalyse. Voor counseling en interpretatie van uitslagen kan verwijzing naar de klinische genetica passend zijn.",Maak een afspraak bij de huisarts om je familiegeschiedenis te bespreken. Een klinisch geneticus kan uitleg geven over erfelijkheid.,Deze informatie is algemeen en is geen diagnose of persoonlijk medisch advies. Bespreek klachten of zorgen altijd met een arts.,autosomaal|recessief|dominant|x-gebonden|moleculair|chromosoomanalyse|counseling,13.5,4.0,27,2,14.5,6.620689655172414,58,4,9.7,11.348275862068965
G,G6PD deficiëntie,https://www.erfelijkheid.nl/ziektes/g6pd-deficientie,g6pd-deficientie,g6pd-deficientie,https://www.erfocentrum.nl/,Aanleg en ontwikkeling,g 6pd deficientie|g6 pd deficientie|g6pd deficientie|g6pd deficiëntie|g6pddeficientie,"G6PD deficiëntie is een erfelijke aandoening. Op deze pagina vind je wat het is, of het in families voorkomt en wat je kunt doen als je vragen hebt.","G6PD deficiëntie betreft een genetisch bepaalde aandoening waarbij varianten in een of meerdere genen kunnen leiden tot klinische verschijnselen. De overerving kan autosomaal dominant, autosomaal recessief of X-gebonden zijn, afhankelijk van het onderliggende mechanisme. Diagnostiek kan bestaan uit moleculair-genetisch onderzoek en/of chromosoomanalyse. Voor counseling en interpretatie van uitslagen kan verwijzing naar de klinische genetica passend zijn.",Maak een afspraak bij de huisarts om je familiegeschiedenis te bespreken. Een klinisch geneticus kan uitleg geven over erfelijkheid.,Deze informatie is algemeen en is geen diagnose of persoonlijk medisch advies. Bespreek klachten of zorgen altijd met een arts.,autosomaal|recessief|dominant|x-gebonden|moleculair|chromosoomanalyse|counseling,14.0,4.214285714285714,28,2,14.75,6.677966101694915,59,4,10.085714285714285,11.521186440677965
G,Gabriele-de Vries syndroom,https://www.erfelijkheid.nl/ziektes/gabriele-de-vries-syndroom,gabriele-de-vries-syndroom,gabriele-de-vries-syndroom,https://www.erfocentrum.nl/,Aanleg en ontwikkeling,gabriele de vries syndroom|gabriele-de vries syn|gabriele-de vries syndroom|gabriele-devriessyndroom,Bij Gabriele-de Vries syndroom spelen genen een rol. Deze pagina helpt je om snel te vinden: is het erfelijk en wat is een logische volgende stap.,"Gabriele-de Vries syndroom betreft een genetisch bepaalde aandoening waarbij varianten in een of meerdere genen kunnen leiden tot klinische verschijnselen. De overerving kan autosomaal dominant, autosomaal recessief of X-gebonden zijn, afhankelijk van het onderliggende mechanisme. Diagnostiek kan bestaan uit moleculair-genetisch onderzoek en/of chromosoomanalyse. Voor counseling en interpretatie van uitslagen kan verwijzing naar de klinische genetica passend zijn.",Maak een afspraak bij de huisarts om je familiegeschiedenis te bespreken. Een klinisch geneticus kan uitleg geven over erfelijkheid.,Deze informatie is algemeen en is geen diagnose of persoonlijk medisch advies. Bespreek klachten of zorgen altijd met een arts.,autosomaal|recessief|dominant|x-gebonden|moleculair|chromosoomanalyse|counseling,13.5,4.333333333333333,27,2,15.25,6.590163934426229,61,4,9.833333333333332,11.786065573770493
G,Galactokinase deficiëntie,https://www.erfelijkheid.nl/ziektes/galactokinase-deficientie,galactokinase-deficientie,galactokinase-deficientie,https://www.erfocentrum.nl/,Aanleg en ontwikkeling,galactokinase deficientie|galactokinase deficiëntie|galactokinasedeficientie,Bij Galactokinase deficiëntie spelen genen een rol. Deze pagina helpt je om snel te vinden: is het erfelijk en wat is een logische volgende stap.,"Galactokinase deficiëntie betreft een genetisch bepaalde aandoening waarbij varianten in een of meerdere genen kunnen leiden tot klinische verschijnselen. De overerving kan autosomaal dominant, autosomaal recessief of X-gebonden zijn, afhankelijk van het onderliggende mechanisme. Diagnostiek kan bestaan uit moleculair-genetisch onderzoek en/of chromosoomanalyse. Voor counseling en interpretatie van uitslagen kan verwijzing naar de klinische genetica passend zijn.",Bespreek je vraag met je huisarts. Vraag zo nodig om een verwijzing naar de klinische genetica.,Deze informatie is algemeen en is geen diagnose of persoonlijk medisch advies. Bespreek klachten of zorgen altijd met een arts.,autosomaal|recessief|dominant|x-gebonden|moleculair|chromosoomanalyse|counseling,12.5,4.72,25,2,14.75,6.830508474576271,59,4,9.388,11.582203389830507
G,Galactosemie,https://www.erfelijkheid.nl/ziektes/galactosemie,galactosemie,galactosemie,https://www.erfocentrum.nl/,Aanleg en ontwikkeling,galactosemie,"Galactosemie is een erfelijke aandoening. Op deze pagina vind je wat het is, of het in families voorkomt en wat je kunt doen als je vragen hebt.","Galactosemie betreft een genetisch bepaalde aandoening waarbij varianten in een of meerdere genen kunnen leiden tot klinische verschijnselen. De overerving kan autosomaal dominant, autosomaal recessief of X-gebonden zijn, afhankelijk van het onderliggende mechanisme. Diagnostiek kan bestaan uit moleculair-genetisch onderzoek en/of chromosoomanalyse. Voor counseling en interpretatie van uitslagen kan verwijzing naar de klinische genetica passend zijn.",Bespreek je vraag met je huisarts. Vraag zo nodig om een verwijzing naar de klinische genetica.,Deze informatie is algemeen en is geen diagnose of persoonlijk medisch advies. Bespreek klachten of zorgen altijd met een arts.,autosomaal|recessief|dominant|x-gebonden|moleculair|chromosoomanalyse|counseling,13.5,4.2592592592592595,27,2,14.5,6.741379310344827,58,4,9.803703703703704,11.39655172413793
G,Galactosialidose,https://www.erfelijkheid.nl/ziektes/galactosialidose,galactosialidose,galactosialidose,https://www.erfocentrum.nl/,Aanleg en ontwikkeling,galactosialidose,"Galactosialidose is een erfelijke aandoening. Op deze pagina vind je wat het is, of het in families voorkomt en wat je kunt doen als je vragen hebt.","Galactosialidose betreft een genetisch bepaalde aandoening waarbij varianten in een of meerdere genen kunnen leiden tot klinische verschijnselen. De overerving kan autosomaal dominant, autosomaal recessief of X-gebonden zijn, afhankelijk van het onderliggende mechanisme. Diagnostiek kan bestaan uit moleculair-genetisch onderzoek en/of chromosoomanalyse. Voor counseling en interpretatie van uitslagen kan verwijzing naar de klinische genetica passend zijn.",Bespreek je vraag met je huisarts. Vraag zo nodig om een verwijzing naar de klinische genetica.,Deze informatie is algemeen en is geen diagnose of persoonlijk medisch advies. Bespreek klachten of zorgen altijd met een arts.,autosomaal|recessief|dominant|x-gebonden|moleculair|chromosoomanalyse|counseling,13.5,4.407407407407407,27,2,14.5,6.810344827586207,58,4,9.862962962962962,11.424137931034483
G,Galgangatresie,https://www.erfelijkheid.nl/ziektes/galgangatresie,galgangatresie,galgangatresie,https://www.erfocentrum.nl/,Aanleg en ontwikkeling,galgangatresie,"Galgangatresie is een erfelijke aandoening. Op deze pagina vind je wat het is, of het in families voorkomt en wat je kunt doen als je vragen hebt.","Galgangatresie betreft een genetisch bepaalde aandoening waarbij varianten in een of meerdere genen kunnen leiden tot klinische verschijnselen. De overerving kan autosomaal dominant, autosomaal recessief of X-gebonden zijn, afhankelijk van het onderliggende mechanisme. Diagnostiek kan bestaan uit moleculair-genetisch onderzoek en/of chromosoomanalyse. Voor counseling en interpretatie van uitslagen kan verwijzing naar de klinische genetica passend zijn.",Maak een afspraak bij de huisarts om je familiegeschiedenis te bespreken. Een klinisch geneticus kan uitleg geven over erfelijkheid.,Deze informatie is algemeen en is geen diagnose of persoonlijk medisch advies. Bespreek klachten of zorgen altijd met een arts.,autosomaal|recessief|dominant|x-gebonden|moleculair|chromosoomanalyse|counseling,13.5,4.333333333333333,27,2,14.5,6.775862068965517,58,4,9.833333333333332,11.410344827586206
G,Galloway-Mowat syndroom,https://www.erfelijkheid.nl/ziektes/galloway-mowat-syndroom,galloway-mowat-syndroom,galloway-mowat-syndroom,https://www.erfocentrum.nl/,Aanleg en ontwikkeling,galloway mowat syndroom|galloway-mowat syn|galloway-mowat syndroom|galloway-mowatsyndroom,"Galloway-Mowat syndroom is een erfelijke aandoening. Op deze pagina vind je wat het is, of het in families voorkomt en wat je kunt doen als je vragen hebt.",Galloway-Mowat syndroom wordt in de literatuur beschreven als een genetische aandoening met heterogene etiologie. Fenotype-expressie en penetrantie kunnen variëren; risico-inschatting hangt af van familieanamnese en genetische bevindingen. Differentiaaldiagnostiek en indicatiestelling voor DNA-diagnostiek verlopen doorgaans via zorgprofessionals. Bespreek vragen met de huisarts; zo nodig volgt verwijzing naar een klinisch geneticus.,Bespreek je vraag met je huisarts. Vraag zo nodig om een verwijzing naar de klinische genetica.,Deze informatie is algemeen en is geen diagnose of persoonlijk medisch advies. Bespreek klachten of zorgen altijd met een arts.,penetrantie|fenotype|etiologie|differentiaaldiagnostiek|indicatiestelling,14.5,4.275862068965517,29,2,13.25,7.132075471698113,53,4,10.410344827586206,10.802830188679245
G,GAMT deficiëntie,https://www.erfelijkheid.nl/ziektes/gamt-deficientie,gamt-deficientie,gamt-deficientie,https://www.erfocentrum.nl/,Aanleg en ontwikkeling,gamt deficientie|gamt deficiëntie|gamtdeficientie,GAMT deficiëntie is een zeldzame erfelijke aandoening. Hier lees je in eenvoudige woorden de belangrijkste punten en waar je terechtkunt voor hulp.,GAMT deficiëntie wordt in de literatuur beschreven als een genetische aandoening met heterogene etiologie. Fenotype-expressie en penetrantie kunnen variëren; risico-inschatting hangt af van familieanamnese en genetische bevindingen. Differentiaaldiagnostiek en indicatiestelling voor DNA-diagnostiek verlopen doorgaans via zorgprofessionals. Bespreek vragen met de huisarts; zo nodig volgt verwijzing naar een klinisch geneticus.,Maak een afspraak bij de huisarts om je familiegeschiedenis te bespreken. Een klinisch geneticus kan uitleg geven over erfelijkheid.,Deze informatie is algemeen en is geen diagnose of persoonlijk medisch advies. Bespreek klachten of zorgen altijd met een arts.,penetrantie|fenotype|etiologie|differentiaaldiagnostiek|indicatiestelling,11.0,5.636363636363637,22,2,13.0,7.153846153846154,52,4,8.854545454545455,10.661538461538463
G,Gangliosidose GM 1,https://www.erfelijkheid.nl/ziektes/gangliosidose-gm-1,gangliosidose-gm-1,gangliosidose-gm-1,https://www.erfocentrum.nl/,Aanleg en ontwikkeling,gangliosidose gm 1|gangliosidosegm1,"Gangliosidose GM 1 is een erfelijke aandoening. Op deze pagina vind je wat het is, of het in families voorkomt en wat je kunt doen als je vragen hebt.",Gangliosidose GM 1 wordt in de literatuur beschreven als een genetische aandoening met heterogene etiologie. Fenotype-expressie en penetrantie kunnen variëren; risico-inschatting hangt af van familieanamnese en genetische bevindingen. Differentiaaldiagnostiek en indicatiestelling voor DNA-diagnostiek verlopen doorgaans via zorgprofessionals. Bespreek vragen met de huisarts; zo nodig volgt verwijzing naar een klinisch geneticus.,Maak een afspraak bij de huisarts om je familiegeschiedenis te bespreken. Een klinisch geneticus kan uitleg geven over erfelijkheid.,Deze informatie is algemeen en is geen diagnose of persoonlijk medisch advies. Bespreek klachten of zorgen altijd met een arts.,penetrantie|fenotype|etiologie|differentiaaldiagnostiek|indicatiestelling,14.5,4.103448275862069,29,2,13.25,7.037735849056604,53,4,10.341379310344827,10.76509433962264
G,Gastroschisis,https://www.erfelijkheid.nl/ziektes/gastroschisis,gastroschisis,gastroschisis,https://www.erfocentrum.nl/,Aanleg en ontwikkeling,gastroschisis,Bij Gastroschisis spelen genen een rol. Deze pagina helpt je om snel te vinden: is het erfelijk en wat is een logische volgende stap.,Gastroschisis wordt in de literatuur beschreven als een genetische aandoening met heterogene etiologie. Fenotype-expressie en penetrantie kunnen variëren; risico-inschatting hangt af van familieanamnese en genetische bevindingen. Differentiaaldiagnostiek en indicatiestelling voor DNA-diagnostiek verlopen doorgaans via zorgprofessionals. Bespreek vragen met de huisarts; zo nodig volgt verwijzing naar een klinisch geneticus.,Bespreek je vraag met je huisarts. Vraag zo nodig om een verwijzing naar de klinische genetica.,Deze informatie is algemeen en is geen diagnose of persoonlijk medisch advies. Bespreek klachten of zorgen altijd met een arts.,penetrantie|fenotype|etiologie|differentiaaldiagnostiek|indicatiestelling,12.0,4.458333333333333,24,2,12.75,7.254901960784314,51,4,8.983333333333333,10.551960784313724
G,GCK-MODY,https://www.erfelijkheid.nl/ziektes/gck-mody-2,gck-mody-2,gck-mody-2,https://www.erfocentrum.nl/,Aanleg en ontwikkeling,gck mody|gck mody 2|gck-mody,"GCK-MODY is een erfelijke aandoening. Op deze pagina vind je wat het is, of het in families voorkomt en wat je kunt doen als je vragen hebt.","GCK-MODY betreft een genetisch bepaalde aandoening waarbij varianten in een of meerdere genen kunnen leiden tot klinische verschijnselen. De overerving kan autosomaal dominant, autosomaal recessief of X-gebonden zijn, afhankelijk van het onderliggende mechanisme. Diagnostiek kan bestaan uit moleculair-genetisch onderzoek en/of chromosoomanalyse. Voor counseling en interpretatie van uitslagen kan verwijzing naar de klinische genetica passend zijn.",Bespreek je vraag met je huisarts. Vraag zo nodig om een verwijzing naar de klinische genetica.,Deze informatie is algemeen en is geen diagnose of persoonlijk medisch advies. Bespreek klachten of zorgen altijd met een arts.,autosomaal|recessief|dominant|x-gebonden|moleculair|chromosoomanalyse|counseling,14.0,3.9285714285714284,28,2,14.75,6.5423728813559325,59,4,9.971428571428572,11.466949152542373
G,Gedilateerde cardiomyopathie (DCM),https://www.erfelijkheid.nl/ziektes/gedilateerde-cardiomyopathie-dcm,gedilateerde-cardiomyopathie-dcm,gedilateerde-cardiomyopathie-dcm,https://www.erfocentrum.nl/,Erfelijkheid hartziekten,gedilateerde cardiomyopathie dcm|gedilateerdecardiomyopathiedcm,Gedilateerde cardiomyopathie (DCM) is een zeldzame erfelijke aandoening. Hier lees je in eenvoudige woorden de belangrijkste punten en waar je terechtkunt voor hulp.,"Gedilateerde cardiomyopathie (DCM) betreft een genetisch bepaalde aandoening waarbij varianten in een of meerdere genen kunnen leiden tot klinische verschijnselen. De overerving kan autosomaal dominant, autosomaal recessief of X-gebonden zijn, afhankelijk van het onderliggende mechanisme. Diagnostiek kan bestaan uit moleculair-genetisch onderzoek en/of chromosoomanalyse. Voor counseling en interpretatie van uitslagen kan verwijzing naar de klinische genetica passend zijn.",Maak een afspraak bij de huisarts om je familiegeschiedenis te bespreken. Een klinisch geneticus kan uitleg geven over erfelijkheid.,Deze informatie is algemeen en is geen diagnose of persoonlijk medisch advies. Bespreek klachten of zorgen altijd met een arts.,autosomaal|recessief|dominant|x-gebonden|moleculair|chromosoomanalyse|counseling,11.5,6.043478260869565,23,2,15.0,6.816666666666666,60,4,9.317391304347826,11.726666666666667
G,Gilles de la Tourette,https://www.erfelijkheid.nl/ziektes/gilles-de-la-tourette,gilles-de-la-tourette,gilles-de-la-tourette,https://www.erfocentrum.nl/,Aanleg en ontwikkeling,gilles de la tourette|gillesdelatourette,Bij Gilles de la Tourette spelen genen een rol. Deze pagina helpt je om snel te vinden: is het erfelijk en wat is een logische volgende stap.,Gilles de la Tourette wordt in de literatuur beschreven als een genetische aandoening met heterogene etiologie. Fenotype-expressie en penetrantie kunnen variëren; risico-inschatting hangt af van familieanamnese en genetische bevindingen. Differentiaaldiagnostiek en indicatiestelling voor DNA-diagnostiek verlopen doorgaans via zorgprofessionals. Bespreek vragen met de huisarts; zo nodig volgt verwijzing naar een klinisch geneticus.,Bespreek je vraag met je huisarts. Vraag zo nodig om een verwijzing naar de klinische genetica.,Deze informatie is algemeen en is geen diagnose of persoonlijk medisch advies. Bespreek klachten of zorgen altijd met een arts.,penetrantie|fenotype|etiologie|differentiaaldiagnostiek|indicatiestelling,13.5,4.148148148148148,27,2,13.5,6.944444444444445,54,4,9.75925925925926,10.877777777777778
G,Glass syndroom,https://www.erfelijkheid.nl/ziektes/glass-syndroom,glass-syndroom,glass-syndroom,https://www.erfocentrum.nl/,Aanleg en ontwikkeling,glass syn|glass syndroom|glasssyndroom,Glass syndroom is een zeldzame erfelijke aandoening. Hier lees je in eenvoudige woorden de belangrijkste punten en waar je terechtkunt voor hulp.,Glass syndroom wordt in de literatuur beschreven als een genetische aandoening met heterogene etiologie. Fenotype-expressie en penetrantie kunnen variëren; risico-inschatting hangt af van familieanamnese en genetische bevindingen. Differentiaaldiagnostiek en indicatiestelling voor DNA-diagnostiek verlopen doorgaans via zorgprofessionals. Bespreek vragen met de huisarts; zo nodig volgt verwijzing naar een klinisch geneticus.,Bespreek je vraag met je huisarts. Vraag zo nodig om een verwijzing naar de klinische genetica.,Deze informatie is algemeen en is geen diagnose of persoonlijk medisch advies. Bespreek klachten of zorgen altijd met een arts.,penetrantie|fenotype|etiologie|differentiaaldiagnostiek|indicatiestelling,11.0,5.545454545454546,22,2,13.0,7.115384615384615,52,4,8.818181818181818,10.646153846153846
G,Glaucoom,https://www.erfelijkheid.nl/ziektes/glaucoom,glaucoom,glaucoom,https://www.erfocentrum.nl/,Aanleg en ontwikkeling,glaucoom,"Glaucoom is een erfelijke aandoening. Op deze pagina vind je wat het is, of het in families voorkomt en wat je kunt doen als je vragen hebt.",Glaucoom wordt in de literatuur beschreven als een genetische aandoening met heterogene etiologie. Fenotype-expressie en penetrantie kunnen variëren; risico-inschatting hangt af van familieanamnese en genetische bevindingen. Differentiaaldiagnostiek en indicatiestelling voor DNA-diagnostiek verlopen doorgaans via zorgprofessionals. Bespreek vragen met de huisarts; zo nodig volgt verwijzing naar een klinisch geneticus.,Maak een afspraak bij de huisarts om je familiegeschiedenis te bespreken. Een klinisch geneticus kan uitleg geven over erfelijkheid.,Deze informatie is algemeen en is geen diagnose of persoonlijk medisch advies. Bespreek klachten of zorgen altijd met een arts.,penetrantie|fenotype|etiologie|differentiaaldiagnostiek|indicatiestelling,13.5,4.111111111111111,27,2,12.75,7.1568627450980395,51,4,9.744444444444444,10.512745098039215
G,Glutaaracidurie type I,https://www.erfelijkheid.nl/ziektes/glutaaracidurie-type-i,glutaaracidurie-type-i,glutaaracidurie-type-i,https://www.erfocentrum.nl/,Aanleg en ontwikkeling,glutaaracidurie type i|glutaaracidurietypei,Bij Glutaaracidurie type I spelen genen een rol. Deze pagina helpt je om snel te vinden: is het erfelijk en wat is een logische volgende stap.,"Glutaaracidurie type I betreft een genetisch bepaalde aandoening waarbij varianten in een of meerdere genen kunnen leiden tot klinische verschijnselen. De overerving kan autosomaal dominant, autosomaal recessief of X-gebonden zijn, afhankelijk van het onderliggende mechanisme. Diagnostiek kan bestaan uit moleculair-genetisch onderzoek en/of chromosoomanalyse. Voor counseling en interpretatie van uitslagen kan verwijzing naar de klinische genetica passend zijn.",Maak een afspraak bij de huisarts om je familiegeschiedenis te bespreken. Een klinisch geneticus kan uitleg geven over erfelijkheid.,Deze informatie is algemeen en is geen diagnose of persoonlijk medisch advies. Bespreek klachten of zorgen altijd met een arts.,autosomaal|recessief|dominant|x-gebonden|moleculair|chromosoomanalyse|counseling,13.0,4.384615384615385,26,2,15.0,6.65,60,4,9.553846153846154,11.66
G,Glycogeenstapelingsziektes,https://www.erfelijkheid.nl/ziektes/glycogeenstapelingsziektes,glycogeenstapelingsziektes,glycogeenstapelingsziektes,https://www.erfocentrum.nl/,Aanleg en ontwikkeling,glycogeenstapelingsziektes,"Glycogeenstapelingsziektes is een erfelijke aandoening. Op deze pagina vind je wat het is, of het in families voorkomt en wat je kunt doen als je vragen hebt.","Glycogeenstapelingsziektes betreft een genetisch bepaalde aandoening waarbij varianten in een of meerdere genen kunnen leiden tot klinische verschijnselen. De overerving kan autosomaal dominant, autosomaal recessief of X-gebonden zijn, afhankelijk van het onderliggende mechanisme. Diagnostiek kan bestaan uit moleculair-genetisch onderzoek en/of chromosoomanalyse. Voor counseling en interpretatie van uitslagen kan verwijzing naar de klinische genetica passend zijn.",Bespreek je vraag met je huisarts. Vraag zo nodig om een verwijzing naar de klinische genetica.,Deze informatie is algemeen en is geen diagnose of persoonlijk medisch advies. Bespreek klachten of zorgen altijd met een arts.,autosomaal|recessief|dominant|x-gebonden|moleculair|chromosoomanalyse|counseling,13.5,4.777777777777778,27,2,14.5,6.982758620689655,58,4,10.011111111111111,11.49310344827586
G,Glycogeenstapelingsziekte type 0,https://www.erfelijkheid.nl/ziektes/glycogeenstapelingsziekte-type-0,glycogeenstapelingsziekte-type-0,glycogeenstapelingsziekte-type-0,https://www.erfocentrum.nl/,Aanleg en ontwikkeling,glycogeenstapelingsziekte type 0|glycogeenstapelingsziektetype0,Bij Glycogeenstapelingsziekte type 0 spelen genen een rol. Deze pagina helpt je om snel te vinden: is het erfelijk en wat is een logische volgende stap.,Glycogeenstapelingsziekte type 0 wordt in de literatuur beschreven als een genetische aandoening met heterogene etiologie. Fenotype-expressie en penetrantie kunnen variëren; risico-inschatting hangt af van familieanamnese en genetische bevindingen. Differentiaaldiagnostiek en indicatiestelling voor DNA-diagnostiek verlopen doorgaans via zorgprofessionals. Bespreek vragen met de huisarts; zo nodig volgt verwijzing naar een klinisch geneticus.,Maak een afspraak bij de huisarts om je familiegeschiedenis te bespreken. Een klinisch geneticus kan uitleg geven over erfelijkheid.,Deze informatie is algemeen en is geen diagnose of persoonlijk medisch advies. Bespreek klachten of zorgen altijd met een arts.,penetrantie|fenotype|etiologie|differentiaaldiagnostiek|indicatiestelling,13.0,4.769230769230769,26,2,13.25,7.30188679245283,53,4,9.707692307692307,10.870754716981132
G,Glycogeenstapelingsziekte type I,https://www.erfelijkheid.nl/ziektes/glycogeenstapelingsziekte-type-i,glycogeenstapelingsziekte-type-i,glycogeenstapelingsziekte-type-i,https://www.erfocentrum.nl/,Aanleg en ontwikkeling,glycogeenstapelingsziekte type i|glycogeenstapelingsziektetypei,Bij Glycogeenstapelingsziekte type I spelen genen een rol. Deze pagina helpt je om snel te vinden: is het erfelijk en wat is een logische volgende stap.,"Glycogeenstapelingsziekte type I betreft een genetisch bepaalde aandoening waarbij varianten in een of meerdere genen kunnen leiden tot klinische verschijnselen. De overerving kan autosomaal dominant, autosomaal recessief of X-gebonden zijn, afhankelijk van het onderliggende mechanisme. Diagnostiek kan bestaan uit moleculair-genetisch onderzoek en/of chromosoomanalyse. Voor counseling en interpretatie van uitslagen kan verwijzing naar de klinische genetica passend zijn.",Bespreek je vraag met je huisarts. Vraag zo nodig om een verwijzing naar de klinische genetica.,Deze informatie is algemeen en is geen diagnose of persoonlijk medisch advies. Bespreek klachten of zorgen altijd met een arts.,autosomaal|recessief|dominant|x-gebonden|moleculair|chromosoomanalyse|counseling,13.0,4.769230769230769,26,2,15.0,6.816666666666666,60,4,9.707692307692307,11.726666666666667
G,Glycogeenstapelingsziekte type III,https://www.erfelijkheid.nl/ziektes/glycogeenstapelingsziekte-type-iii,glycogeenstapelingsziekte-type-iii,glycogeenstapelingsziekte-type-iii,https://www.erfocentrum.nl/,Aanleg en ontwikkeling,glycogeenstapelingsziekte type iii|glycogeenstapelingsziektetypeiii,Bij Glycogeenstapelingsziekte type III spelen genen een rol. Deze pagina helpt je om snel te vinden: is het erfelijk en wat is een logische volgende stap.,Glycogeenstapelingsziekte type III wordt in de literatuur beschreven als een genetische aandoening met heterogene etiologie. Fenotype-expressie en penetrantie kunnen variëren; risico-inschatting hangt af van familieanamnese en genetische bevindingen. Differentiaaldiagnostiek en indicatiestelling voor DNA-diagnostiek verlopen doorgaans via zorgprofessionals. Bespreek vragen met de huisarts; zo nodig volgt verwijzing naar een klinisch geneticus.,Bespreek je vraag met je huisarts. Vraag zo nodig om een verwijzing naar de klinische genetica.,Deze informatie is algemeen en is geen diagnose of persoonlijk medisch advies. Bespreek klachten of zorgen altijd met een arts.,penetrantie|fenotype|etiologie|differentiaaldiagnostiek|indicatiestelling,13.0,4.846153846153846,26,2,13.25,7.339622641509434,53,4,9.738461538461538,10.885849056603773
G,Glycogeenstapelingsziekte type IV,https://www.erfelijkheid.nl/ziektes/glycogeenstapelingsziekte-type-iv,glycogeenstapelingsziekte-type-iv,glycogeenstapelingsziekte-type-iv,https://www.erfocentrum.nl/,Aanleg en ontwikkeling,glycogeenstapelingsziekte type iv|glycogeenstapelingsziektetypeiv,Glycogeenstapelingsziekte type IV is een zeldzame erfelijke aandoening. Hier lees je in eenvoudige woorden de belangrijkste punten en waar je terechtkunt voor hulp.,"Glycogeenstapelingsziekte type IV betreft een genetisch bepaalde aandoening waarbij varianten in een of meerdere genen kunnen leiden tot klinische verschijnselen. De overerving kan autosomaal dominant, autosomaal recessief of X-gebonden zijn, afhankelijk van het onderliggende mechanisme. Diagnostiek kan bestaan uit moleculair-genetisch onderzoek en/of chromosoomanalyse. Voor counseling en interpretatie van uitslagen kan verwijzing naar de klinische genetica passend zijn.",Maak een afspraak bij de huisarts om je familiegeschiedenis te bespreken. Een klinisch geneticus kan uitleg geven over erfelijkheid.,Deze informatie is algemeen en is geen diagnose of persoonlijk medisch advies. Bespreek klachten of zorgen altijd met een arts.,autosomaal|recessief|dominant|x-gebonden|moleculair|chromosoomanalyse|counseling,11.5,6.086956521739131,23,2,15.0,6.833333333333333,60,4,9.334782608695651,11.733333333333334
G,Glycogeenstapelingsziekte V,https://www.erfelijkheid.nl/ziektes/glycogeenstapelingsziekte-v,glycogeenstapelingsziekte-v,glycogeenstapelingsziekte-v,https://www.erfocentrum.nl/,Aanleg en ontwikkeling,glycogeenstapelingsziekte v|glycogeenstapelingsziektev,"Glycogeenstapelingsziekte V is een erfelijke aandoening. Op deze pagina vind je wat het is, of het in families voorkomt en wat je kunt doen als je vragen hebt.","Glycogeenstapelingsziekte V betreft een genetisch bepaalde aandoening waarbij varianten in een of meerdere genen kunnen leiden tot klinische verschijnselen. De overerving kan autosomaal dominant, autosomaal recessief of X-gebonden zijn, afhankelijk van het onderliggende mechanisme. Diagnostiek kan bestaan uit moleculair-genetisch onderzoek en/of chromosoomanalyse. Voor counseling en interpretatie van uitslagen kan verwijzing naar de klinische genetica passend zijn.",Maak een afspraak bij de huisarts om je familiegeschiedenis te bespreken. Een klinisch geneticus kan uitleg geven over erfelijkheid.,Deze informatie is algemeen en is geen diagnose of persoonlijk medisch advies. Bespreek klachten of zorgen altijd met een arts.,autosomaal|recessief|dominant|x-gebonden|moleculair|chromosoomanalyse|counseling,14.0,4.607142857142857,28,2,14.75,6.864406779661017,59,4,10.242857142857144,11.595762711864406
G,Glycogeenstapelingsziekte type VI,https://www.erfelijkheid.nl/ziektes/glycogeenstapelingsziekte-type-vi,glycogeenstapelingsziekte-type-vi,glycogeenstapelingsziekte-type-vi,https://www.erfocentrum.nl/,Aanleg en ontwikkeling,glycogeenstapelingsziekte type vi|glycogeenstapelingsziektetypevi,Glycogeenstapelingsziekte type VI is een zeldzame erfelijke aandoening. Hier lees je in eenvoudige woorden de belangrijkste punten en waar je terechtkunt voor hulp.,"Glycogeenstapelingsziekte type VI betreft een genetisch bepaalde aandoening waarbij varianten in een of meerdere genen kunnen leiden tot klinische verschijnselen. De overerving kan autosomaal dominant, autosomaal recessief of X-gebonden zijn, afhankelijk van het onderliggende mechanisme. Diagnostiek kan bestaan uit moleculair-genetisch onderzoek en/of chromosoomanalyse. Voor counseling en interpretatie van uitslagen kan verwijzing naar de klinische genetica passend zijn.",Bespreek je vraag met je huisarts. Vraag zo nodig om een verwijzing naar de klinische genetica.,Deze informatie is algemeen en is geen diagnose of persoonlijk medisch advies. Bespreek klachten of zorgen altijd met een arts.,autosomaal|recessief|dominant|x-gebonden|moleculair|chromosoomanalyse|counseling,11.5,6.086956521739131,23,2,15.0,6.833333333333333,60,4,9.334782608695651,11.733333333333334
G,Glycogeenstapelingsziekte VII,https://www.erfelijkheid.nl/ziektes/glycogeenstapelingsziekte-vii,glycogeenstapelingsziekte-vii,glycogeenstapelingsziekte-vii,https://www.erfocentrum.nl/,Aanleg en ontwikkeling,glycogeenstapelingsziekte vii|glycogeenstapelingsziektevii,Glycogeenstapelingsziekte VII is een zeldzame erfelijke aandoening. Hier lees je in eenvoudige woorden de belangrijkste punten en waar je terechtkunt voor hulp.,Glycogeenstapelingsziekte VII wordt in de literatuur beschreven als een genetische aandoening met heterogene etiologie. Fenotype-expressie en penetrantie kunnen variëren; risico-inschatting hangt af van familieanamnese en genetische bevindingen. Differentiaaldiagnostiek en indicatiestelling voor DNA-diagnostiek verlopen doorgaans via zorgprofessionals. Bespreek vragen met de huisarts; zo nodig volgt verwijzing naar een klinisch geneticus.,Maak een afspraak bij de huisarts om je familiegeschiedenis te bespreken. Een klinisch geneticus kan uitleg geven over erfelijkheid.,Deze informatie is algemeen en is geen diagnose of persoonlijk medisch advies. Bespreek klachten of zorgen altijd met een arts.,penetrantie|fenotype|etiologie|differentiaaldiagnostiek|indicatiestelling,11.0,6.2272727272727275,22,2,13.0,7.403846153846154,52,4,9.09090909090909,10.76153846153846
G,Glycogeenstapelingsziekte IX,https://www.erfelijkheid.nl/ziektes/glycogeenstapelingsziekte-ix,glycogeenstapelingsziekte-ix,glycogeenstapelingsziekte-ix,https://www.erfocentrum.nl/,Aanleg en ontwikkeling,glycogeenstapelingsziekte ix|glycogeenstapelingsziekteix,"Glycogeenstapelingsziekte IX is een erfelijke aandoening. Op deze pagina vind je wat het is, of het in families voorkomt en wat je kunt doen als je vragen hebt.","Glycogeenstapelingsziekte IX betreft een genetisch bepaalde aandoening waarbij varianten in een of meerdere genen kunnen leiden tot klinische verschijnselen. De overerving kan autosomaal dominant, autosomaal recessief of X-gebonden zijn, afhankelijk van het onderliggende mechanisme. Diagnostiek kan bestaan uit moleculair-genetisch onderzoek en/of chromosoomanalyse. Voor counseling en interpretatie van uitslagen kan verwijzing naar de klinische genetica passend zijn.",Bespreek je vraag met je huisarts. Vraag zo nodig om een verwijzing naar de klinische genetica.,Deze informatie is algemeen en is geen diagnose of persoonlijk medisch advies. Bespreek klachten of zorgen altijd met een arts.,autosomaal|recessief|dominant|x-gebonden|moleculair|chromosoomanalyse|counseling,14.0,4.642857142857143,28,2,14.75,6.88135593220339,59,4,10.257142857142858,11.602542372881356
G,Goldenhar syndroom,https://www.erfelijkheid.nl/ziektes/goldenhar-syndroom,goldenhar-syndroom,goldenhar-syndroom,https://www.erfocentrum.nl/,Aanleg en ontwikkeling,goldenhar syn|goldenhar syndroom|goldenharsyndroom,"Goldenhar syndroom is een erfelijke aandoening. Op deze pagina vind je wat het is, of het in families voorkomt en wat je kunt doen als je vragen hebt.","Goldenhar syndroom betreft een genetisch bepaalde aandoening waarbij varianten in een of meerdere genen kunnen leiden tot klinische verschijnselen. De overerving kan autosomaal dominant, autosomaal recessief of X-gebonden zijn, afhankelijk van het onderliggende mechanisme. Diagnostiek kan bestaan uit moleculair-genetisch onderzoek en/of chromosoomanalyse. Voor counseling en interpretatie van uitslagen kan verwijzing naar de klinische genetica passend zijn.",Maak een afspraak bij de huisarts om je familiegeschiedenis te bespreken. Een klinisch geneticus kan uitleg geven over erfelijkheid.,Deze informatie is algemeen en is geen diagnose of persoonlijk medisch advies. Bespreek klachten of zorgen altijd met een arts.,autosomaal|recessief|dominant|x-gebonden|moleculair|chromosoomanalyse|counseling,14.0,4.285714285714286,28,2,14.75,6.711864406779661,59,4,10.114285714285714,11.534745762711864
G,Gorlin syndroom,https://www.erfelijkheid.nl/ziektes/gorlin-syndroom,gorlin-syndroom,gorlin-syndroom,https://www.erfocentrum.nl/,Aanleg en ontwikkeling,gorlin syn|gorlin syndroom|gorlinsyndroom,"Gorlin syndroom is een erfelijke aandoening. Op deze pagina vind je wat het is, of het in families voorkomt en wat je kunt doen als je vragen hebt.","Gorlin syndroom betreft een genetisch bepaalde aandoening waarbij varianten in een of meerdere genen kunnen leiden tot klinische verschijnselen. De overerving kan autosomaal dominant, autosomaal recessief of X-gebonden zijn, afhankelijk van het onderliggende mechanisme. Diagnostiek kan bestaan uit moleculair-genetisch onderzoek en/of chromosoomanalyse. Voor counseling en interpretatie van uitslagen kan verwijzing naar de klinische genetica passend zijn.",Maak een afspraak bij de huisarts om je familiegeschiedenis te bespreken. Een klinisch geneticus kan uitleg geven over erfelijkheid.,Deze informatie is algemeen en is geen diagnose of persoonlijk medisch advies. Bespreek klachten of zorgen altijd met een arts.,autosomaal|recessief|dominant|x-gebonden|moleculair|chromosoomanalyse|counseling,14.0,4.178571428571429,28,2,14.75,6.661016949152542,59,4,10.071428571428573,11.514406779661016
G,GRACILE syndroom,https://www.erfelijkheid.nl/ziektes/gracile-syndroom,gracile-syndroom,gracile-syndroom,https://www.erfocentrum.nl/,Aanleg en ontwikkeling,gracile syn|gracile syndroom|gracilesyndroom,Bij GRACILE syndroom spelen genen een rol. Deze pagina helpt je om snel te vinden: is het erfelijk en wat is een logische volgende stap.,"GRACILE syndroom betreft een genetisch bepaalde aandoening waarbij varianten in een of meerdere genen kunnen leiden tot klinische verschijnselen. De overerving kan autosomaal dominant, autosomaal recessief of X-gebonden zijn, afhankelijk van het onderliggende mechanisme. Diagnostiek kan bestaan uit moleculair-genetisch onderzoek en/of chromosoomanalyse. Voor counseling en interpretatie van uitslagen kan verwijzing naar de klinische genetica passend zijn.",Bespreek je vraag met je huisarts. Vraag zo nodig om een verwijzing naar de klinische genetica.,Deze informatie is algemeen en is geen diagnose of persoonlijk medisch advies. Bespreek klachten of zorgen altijd met een arts.,autosomaal|recessief|dominant|x-gebonden|moleculair|chromosoomanalyse|counseling,12.5,4.36,25,2,14.75,6.677966101694915,59,4,9.244,11.521186440677965
G,Granulomatose met polyangiitis (GPA),https://www.erfelijkheid.nl/ziektes/granulomatose-met-polyangiitis-gpa,granulomatose-met-polyangiitis-gpa,granulomatose-met-polyangiitis-gpa,https://www.erfocentrum.nl/,Aanleg en ontwikkeling,granulomatose met polyangiitis gpa|granulomatosemetpolyangiitisgpa,Granulomatose met polyangiitis (GPA) is een zeldzame erfelijke aandoening. Hier lees je in eenvoudige woorden de belangrijkste punten en waar je terechtkunt voor hulp.,Granulomatose met polyangiitis (GPA) wordt in de literatuur beschreven als een genetische aandoening met heterogene etiologie. Fenotype-expressie en penetrantie kunnen variëren; risico-inschatting hangt af van familieanamnese en genetische bevindingen. Differentiaaldiagnostiek en indicatiestelling voor DNA-diagnostiek verlopen doorgaans via zorgprofessionals. Bespreek vragen met de huisarts; zo nodig volgt verwijzing naar een klinisch geneticus.,Maak een afspraak bij de huisarts om je familiegeschiedenis te bespreken. Een klinisch geneticus kan uitleg geven over erfelijkheid.,Deze informatie is algemeen en is geen diagnose of persoonlijk medisch advies. Bespreek klachten of zorgen altijd met een arts.,penetrantie|fenotype|etiologie|differentiaaldiagnostiek|indicatiestelling,12.0,5.833333333333333,24,2,13.5,7.185185185185185,54,4,9.533333333333333,10.974074074074075
G,Greig syndroom,https://www.erfelijkheid.nl/ziektes/greig-syndroom,greig-syndroom,greig-syndroom,https://www.erfocentrum.nl/,Aanleg en ontwikkeling,greig syn|greig syndroom|greigsyndroom,Greig syndroom is een zeldzame erfelijke aandoening. Hier lees je in eenvoudige woorden de belangrijkste punten en waar je terechtkunt voor hulp.,Greig syndroom wordt in de literatuur beschreven als een genetische aandoening met heterogene etiologie. Fenotype-expressie en penetrantie kunnen variëren; risico-inschatting hangt af van familieanamnese en genetische bevindingen. Differentiaaldiagnostiek en indicatiestelling voor DNA-diagnostiek verlopen doorgaans via zorgprofessionals. Bespreek vragen met de huisarts; zo nodig volgt verwijzing naar een klinisch geneticus.,Bespreek je vraag met je huisarts. Vraag zo nodig om een verwijzing naar de klinische genetica.,Deze informatie is algemeen en is geen diagnose of persoonlijk medisch advies. Bespreek klachten of zorgen altijd met een arts.,penetrantie|fenotype|etiologie|differentiaaldiagnostiek|indicatiestelling,11.0,5.545454545454546,22,2,13.0,7.115384615384615,52,4,8.818181818181818,10.646153846153846
G,GRIN2A syndroom,https://www.erfelijkheid.nl/ziektes/grin2a-syndroom,grin2a-syndroom,grin2a-syndroom,https://www.erfocentrum.nl/,Aanleg en ontwikkeling,grin 2a syndroom|grin2 a syndroom|grin2a syn|grin2a syndroom|grin2asyndroom,GRIN2A syndroom is een zeldzame erfelijke aandoening. Hier lees je in eenvoudige woorden de belangrijkste punten en waar je terechtkunt voor hulp.,GRIN2A syndroom wordt in de literatuur beschreven als een genetische aandoening met heterogene etiologie. Fenotype-expressie en penetrantie kunnen variëren; risico-inschatting hangt af van familieanamnese en genetische bevindingen. Differentiaaldiagnostiek en indicatiestelling voor DNA-diagnostiek verlopen doorgaans via zorgprofessionals. Bespreek vragen met de huisarts; zo nodig volgt verwijzing naar een klinisch geneticus.,Maak een afspraak bij de huisarts om je familiegeschiedenis te bespreken. Een klinisch geneticus kan uitleg geven over erfelijkheid.,Deze informatie is algemeen en is geen diagnose of persoonlijk medisch advies. Bespreek klachten of zorgen altijd met een arts.,penetrantie|fenotype|etiologie|differentiaaldiagnostiek|indicatiestelling,11.0,5.590909090909091,22,2,13.0,7.134615384615385,52,4,8.836363636363636,10.653846153846153
G,Groeistoornissen,https://www.erfelijkheid.nl/ziektes/groeistoornissen,groeistoornissen,groeistoornissen,https://www.erfocentrum.nl/,Aanleg en ontwikkeling,groeistoornissen,Groeistoornissen is een zeldzame erfelijke aandoening. Hier lees je in eenvoudige woorden de belangrijkste punten en waar je terechtkunt voor hulp.,"Groeistoornissen betreft een genetisch bepaalde aandoening waarbij varianten in een of meerdere genen kunnen leiden tot klinische verschijnselen. De overerving kan autosomaal dominant, autosomaal recessief of X-gebonden zijn, afhankelijk van het onderliggende mechanisme. Diagnostiek kan bestaan uit moleculair-genetisch onderzoek en/of chromosoomanalyse. Voor counseling en interpretatie van uitslagen kan verwijzing naar de klinische genetica passend zijn.",Bespreek je vraag met je huisarts. Vraag zo nodig om een verwijzing naar de klinische genetica.,Deze informatie is algemeen en is geen diagnose of persoonlijk medisch advies. Bespreek klachten of zorgen altijd met een arts.,autosomaal|recessief|dominant|x-gebonden|moleculair|chromosoomanalyse|counseling,10.5,5.9523809523809526,21,2,14.5,6.810344827586207,58,4,8.68095238095238,11.424137931034483
G,Guillain-Barré syndroom,https://www.erfelijkheid.nl/ziektes/guillain-barre-syndroom,guillain-barre-syndroom,guillain-barre-syndroom,https://www.erfocentrum.nl/,Aanleg en ontwikkeling,guillain barre syndroom|guillain-barre syn|guillain-barre syndroom|guillain-barresyndroom,Guillain-Barré syndroom is een zeldzame erfelijke aandoening. Hier lees je in eenvoudige woorden de belangrijkste punten en waar je terechtkunt voor hulp.,Guillain-Barré syndroom wordt in de literatuur beschreven als een genetische aandoening met heterogene etiologie. Fenotype-expressie en penetrantie kunnen variëren; risico-inschatting hangt af van familieanamnese en genetische bevindingen. Differentiaaldiagnostiek en indicatiestelling voor DNA-diagnostiek verlopen doorgaans via zorgprofessionals. Bespreek vragen met de huisarts; zo nodig volgt verwijzing naar een klinisch geneticus.,Bespreek je vraag met je huisarts. Vraag zo nodig om een verwijzing naar de klinische genetica.,Deze informatie is algemeen en is geen diagnose of persoonlijk medisch advies. Bespreek klachten of zorgen altijd met een arts.,penetrantie|fenotype|etiologie|differentiaaldiagnostiek|indicatiestelling,11.5,5.6521739130434785,23,2,13.25,7.132075471698113,53,4,9.160869565217391,10.802830188679245
H,Heldercellig meningeoom,https://www.erfelijkheid.nl/ziektes/heldercellig-meningeoom,heldercellig-meningeoom,heldercellig-meningeoom,https://www.erfocentrum.nl/,Aanleg en ontwikkeling,heldercellig meningeoom|heldercelligmeningeoom,Bij Heldercellig meningeoom spelen genen een rol. Deze pagina helpt je om snel te vinden: is het erfelijk en wat is een logische volgende stap.,Heldercellig meningeoom wordt in de literatuur beschreven als een genetische aandoening met heterogene etiologie. Fenotype-expressie en penetrantie kunnen variëren; risico-inschatting hangt af van familieanamnese en genetische bevindingen. Differentiaaldiagnostiek en indicatiestelling voor DNA-diagnostiek verlopen doorgaans via zorgprofessionals. Bespreek vragen met de huisarts; zo nodig volgt verwijzing naar een klinisch geneticus.,Maak een afspraak bij de huisarts om je familiegeschiedenis te bespreken. Een klinisch geneticus kan uitleg geven over erfelijkheid.,Deze informatie is algemeen en is geen diagnose of persoonlijk medisch advies. Bespreek klachten of zorgen altijd met een arts.,penetrantie|fenotype|etiologie|differentiaaldiagnostiek|indicatiestelling,12.5,4.64,25,2,13.0,7.288461538461538,52,4,9.356,10.715384615384615
H,HELLP syndroom,https://www.erfelijkheid.nl/ziektes/hellp-syndroom,hellp-syndroom,hellp-syndroom,https://www.erfocentrum.nl/,Aanleg en ontwikkeling,hellp syn|hellp syndroom|hellpsyndroom,"HELLP syndroom is een erfelijke aandoening. Op deze pagina vind je wat het is, of het in families voorkomt en wat je kunt doen als je vragen hebt.",HELLP syndroom wordt in de literatuur beschreven als een genetische aandoening met heterogene etiologie. Fenotype-expressie en penetrantie kunnen variëren; risico-inschatting hangt af van familieanamnese en genetische bevindingen. Differentiaaldiagnostiek en indicatiestelling voor DNA-diagnostiek verlopen doorgaans via zorgprofessionals. Bespreek vragen met de huisarts; zo nodig volgt verwijzing naar een klinisch geneticus.,Bespreek je vraag met je huisarts. Vraag zo nodig om een verwijzing naar de klinische genetica.,Deze informatie is algemeen en is geen diagnose of persoonlijk medisch advies. Bespreek klachten of zorgen altijd met een arts.,penetrantie|fenotype|etiologie|differentiaaldiagnostiek|indicatiestelling,14.0,4.142857142857143,28,2,13.0,7.115384615384615,52,4,10.057142857142857,10.646153846153846
H,Hemangiomen,https://www.erfelijkheid.nl/ziektes/hemangiomen,hemangiomen,hemangiomen,https://www.erfocentrum.nl/,Aanleg en ontwikkeling,hemangiomen,Bij Hemangiomen spelen genen een rol. Deze pagina helpt je om snel te vinden: is het erfelijk en wat is een logische volgende stap.,Hemangiomen wordt in de literatuur beschreven als een genetische aandoening met heterogene etiologie. Fenotype-expressie en penetrantie kunnen variëren; risico-inschatting hangt af van familieanamnese en genetische bevindingen. Differentiaaldiagnostiek en indicatiestelling voor DNA-diagnostiek verlopen doorgaans via zorgprofessionals. Bespreek vragen met de huisarts; zo nodig volgt verwijzing naar een klinisch geneticus.,Maak een afspraak bij de huisarts om je familiegeschiedenis te bespreken. Een klinisch geneticus kan uitleg geven over erfelijkheid.,Deze informatie is algemeen en is geen diagnose of persoonlijk medisch advies. Bespreek klachten of zorgen altijd met een arts.,penetrantie|fenotype|etiologie|differentiaaldiagnostiek|indicatiestelling,12.0,4.375,24,2,12.75,7.215686274509804,51,4,8.95,10.53627450980392
H,Hemifaciale microsomie,https://www.erfelijkheid.nl/ziektes/hemifaciale-microsomie,hemifaciale-microsomie,hemifaciale-microsomie,https://www.erfocentrum.nl/,Aanleg en ontwikkeling,hemifaciale microsomie|hemifacialemicrosomie,Bij Hemifaciale microsomie spelen genen een rol. Deze pagina helpt je om snel te vinden: is het erfelijk en wat is een logische volgende stap.,Hemifaciale microsomie wordt in de literatuur beschreven als een genetische aandoening met heterogene etiologie. Fenotype-expressie en penetrantie kunnen variëren; risico-inschatting hangt af van familieanamnese en genetische bevindingen. Differentiaaldiagnostiek en indicatiestelling voor DNA-diagnostiek verlopen doorgaans via zorgprofessionals. Bespreek vragen met de huisarts; zo nodig volgt verwijzing naar een klinisch geneticus.,Bespreek je vraag met je huisarts. Vraag zo nodig om een verwijzing naar de klinische genetica.,Deze informatie is algemeen en is geen diagnose of persoonlijk medisch advies. Bespreek klachten of zorgen altijd met een arts.,penetrantie|fenotype|etiologie|differentiaaldiagnostiek|indicatiestelling,12.5,4.6,25,2,13.0,7.269230769230769,52,4,9.34,10.707692307692309
H,Hemiplegie,https://www.erfelijkheid.nl/ziektes/hemiplegie,hemiplegie,hemiplegie,https://www.erfocentrum.nl/,Aanleg en ontwikkeling,hemiplegie,Bij Hemiplegie spelen genen een rol. Deze pagina helpt je om snel te vinden: is het erfelijk en wat is een logische volgende stap.,Hemiplegie wordt in de literatuur beschreven als een genetische aandoening met heterogene etiologie. Fenotype-expressie en penetrantie kunnen variëren; risico-inschatting hangt af van familieanamnese en genetische bevindingen. Differentiaaldiagnostiek en indicatiestelling voor DNA-diagnostiek verlopen doorgaans via zorgprofessionals. Bespreek vragen met de huisarts; zo nodig volgt verwijzing naar een klinisch geneticus.,Bespreek je vraag met je huisarts. Vraag zo nodig om een verwijzing naar de klinische genetica.,Deze informatie is algemeen en is geen diagnose of persoonlijk medisch advies. Bespreek klachten of zorgen altijd met een arts.,penetrantie|fenotype|etiologie|differentiaaldiagnostiek|indicatiestelling,12.0,4.333333333333333,24,2,12.75,7.196078431372549,51,4,8.933333333333334,10.528431372549019
H,Hemochromatose,https://www.erfelijkheid.nl/ziektes/hemochromatose,hemochromatose,hemochromatose,https://www.erfocentrum.nl/,Aanleg en ontwikkeling,hemochromatose,"Hemochromatose is een erfelijke aandoening. Op deze pagina vind je wat het is, of het in families voorkomt en wat je kunt doen als je vragen hebt.","Hemochromatose betreft een genetisch bepaalde aandoening waarbij varianten in een of meerdere genen kunnen leiden tot klinische verschijnselen. De overerving kan autosomaal dominant, autosomaal recessief of X-gebonden zijn, afhankelijk van het onderliggende mechanisme. Diagnostiek kan bestaan uit moleculair-genetisch onderzoek en/of chromosoomanalyse. Voor counseling en interpretatie van uitslagen kan verwijzing naar de klinische genetica passend zijn.",Bespreek je vraag met je huisarts. Vraag zo nodig om een verwijzing naar de klinische genetica.,Deze informatie is algemeen en is geen diagnose of persoonlijk medisch advies. Bespreek klachten of zorgen altijd met een arts.,autosomaal|recessief|dominant|x-gebonden|moleculair|chromosoomanalyse|counseling,13.5,4.333333333333333,27,2,14.5,6.775862068965517,58,4,9.833333333333332,11.410344827586206
H,Hemofilie,https://www.erfelijkheid.nl/ziektes/hemofilie,hemofilie,hemofilie,https://www.erfocentrum.nl/,Aanleg en ontwikkeling,hemofilie,"Hemofilie is een erfelijke aandoening. Op deze pagina vind je wat het is, of het in families voorkomt en wat je kunt doen als je vragen hebt.","Hemofilie betreft een genetisch bepaalde aandoening waarbij varianten in een of meerdere genen kunnen leiden tot klinische verschijnselen. De overerving kan autosomaal dominant, autosomaal recessief of X-gebonden zijn, afhankelijk van het onderliggende mechanisme. Diagnostiek kan bestaan uit moleculair-genetisch onderzoek en/of chromosoomanalyse. Voor counseling en interpretatie van uitslagen kan verwijzing naar de klinische genetica passend zijn.",Maak een afspraak bij de huisarts om je familiegeschiedenis te bespreken. Een klinisch geneticus kan uitleg geven over erfelijkheid.,Deze informatie is algemeen en is geen diagnose of persoonlijk medisch advies. Bespreek klachten of zorgen altijd met een arts.,autosomaal|recessief|dominant|x-gebonden|moleculair|chromosoomanalyse|counseling,13.5,4.148148148148148,27,2,14.5,6.689655172413793,58,4,9.75925925925926,11.375862068965517
H,Hennekam syndroom,https://www.erfelijkheid.nl/ziektes/hennekam-syndroom,hennekam-syndroom,hennekam-syndroom,https://www.erfocentrum.nl/,Aanleg en ontwikkeling,hennekam syn|hennekam syndroom|hennekamsyndroom,Hennekam syndroom is een zeldzame erfelijke aandoening. Hier lees je in eenvoudige woorden de belangrijkste punten en waar je terechtkunt voor hulp.,Hennekam syndroom wordt in de literatuur beschreven als een genetische aandoening met heterogene etiologie. Fenotype-expressie en penetrantie kunnen variëren; risico-inschatting hangt af van familieanamnese en genetische bevindingen. Differentiaaldiagnostiek en indicatiestelling voor DNA-diagnostiek verlopen doorgaans via zorgprofessionals. Bespreek vragen met de huisarts; zo nodig volgt verwijzing naar een klinisch geneticus.,Maak een afspraak bij de huisarts om je familiegeschiedenis te bespreken. Een klinisch geneticus kan uitleg geven over erfelijkheid.,Deze informatie is algemeen en is geen diagnose of persoonlijk medisch advies. Bespreek klachten of zorgen altijd met een arts.,penetrantie|fenotype|etiologie|differentiaaldiagnostiek|indicatiestelling,11.0,5.681818181818182,22,2,13.0,7.173076923076923,52,4,8.872727272727273,10.669230769230769
H,Hereditair angio-oedeem,https://www.erfelijkheid.nl/ziektes/angio-oedeem-hereditaire,angio-oedeem-hereditaire,angio-oedeem-hereditaire,https://www.erfocentrum.nl/,Aanleg en ontwikkeling,angio oedeem hereditaire|hereditair angio oedeem|hereditair angio-oedeem|hereditairangio-oedeem,Bij Hereditair angio-oedeem spelen genen een rol. Deze pagina helpt je om snel te vinden: is het erfelijk en wat is een logische volgende stap.,Hereditair angio-oedeem wordt in de literatuur beschreven als een genetische aandoening met heterogene etiologie. Fenotype-expressie en penetrantie kunnen variëren; risico-inschatting hangt af van familieanamnese en genetische bevindingen. Differentiaaldiagnostiek en indicatiestelling voor DNA-diagnostiek verlopen doorgaans via zorgprofessionals. Bespreek vragen met de huisarts; zo nodig volgt verwijzing naar een klinisch geneticus.,Bespreek je vraag met je huisarts. Vraag zo nodig om een verwijzing naar de klinische genetica.,Deze informatie is algemeen en is geen diagnose of persoonlijk medisch advies. Bespreek klachten of zorgen altijd met een arts.,penetrantie|fenotype|etiologie|differentiaaldiagnostiek|indicatiestelling,13.0,4.423076923076923,26,2,13.25,7.132075471698113,53,4,9.569230769230769,10.802830188679245
H,Hereditaire leiomyomatosis en niercelcarcinoom (HLRCC),https://www.erfelijkheid.nl/ziektes/hereditaire-leiomyomatosis-en-niercelcarcinoom-hlrcc,hereditaire-leiomyomatosis-en-niercelcarcinoom-hlrcc,hereditaire-leiomyomatosis-en-niercelcarcinoom-hlrcc,https://www.erfocentrum.nl/,Aanleg en ontwikkeling,hereditaire leiomyomatosis en niercelcarcinoom hlrcc|hereditaireleiomyomatosisenniercelcarcinoomhlrcc,Hereditaire leiomyomatosis en niercelcarcinoom (HLRCC) is een zeldzame erfelijke aandoening. Hier lees je in eenvoudige woorden de belangrijkste punten en waar je terechtkunt voor hulp.,Hereditaire leiomyomatosis en niercelcarcinoom (HLRCC) wordt in de literatuur beschreven als een genetische aandoening met heterogene etiologie. Fenotype-expressie en penetrantie kunnen variëren; risico-inschatting hangt af van familieanamnese en genetische bevindingen. Differentiaaldiagnostiek en indicatiestelling voor DNA-diagnostiek verlopen doorgaans via zorgprofessionals. Bespreek vragen met de huisarts; zo nodig volgt verwijzing naar een klinisch geneticus.,Maak een afspraak bij de huisarts om je familiegeschiedenis te bespreken. Een klinisch geneticus kan uitleg geven over erfelijkheid.,Deze informatie is algemeen en is geen diagnose of persoonlijk medisch advies. Bespreek klachten of zorgen altijd met een arts.,penetrantie|fenotype|etiologie|differentiaaldiagnostiek|indicatiestelling,12.5,6.28,25,2,13.75,7.363636363636363,55,4,10.012,11.195454545454545
H,Hereditaire motorische en sensorische neuropathie (HMSN),https://www.erfelijkheid.nl/ziektes/hereditaire-motorische-en-sensorische-neuropathie-hmsn,hereditaire-motorische-en-sensorische-neuropathie-hmsn,hereditaire-motorische-en-sensorische-neuropathie-hmsn,https://www.erfocentrum.nl/,Erfelijkheid van neurologische ziekten,hereditaire motorische en sensorische neuropathie hmsn|hereditairemotorischeensensorischeneuropathiehmsn,"Hereditaire motorische en sensorische neuropathie (HMSN) is een erfelijke aandoening. Op deze pagina vind je wat het is, of het in families voorkomt en wat je kunt doen als je vragen hebt.","Hereditaire motorische en sensorische neuropathie (HMSN) betreft een genetisch bepaalde aandoening waarbij varianten in een of meerdere genen kunnen leiden tot klinische verschijnselen. De overerving kan autosomaal dominant, autosomaal recessief of X-gebonden zijn, afhankelijk van het onderliggende mechanisme. Diagnostiek kan bestaan uit moleculair-genetisch onderzoek en/of chromosoomanalyse. Voor counseling en interpretatie van uitslagen kan verwijzing naar de klinische genetica passend zijn.",Maak een afspraak bij de huisarts om je familiegeschiedenis te bespreken. Een klinisch geneticus kan uitleg geven over erfelijkheid.,Deze informatie is algemeen en is geen diagnose of persoonlijk medisch advies. Bespreek klachten of zorgen altijd met een arts.,autosomaal|recessief|dominant|x-gebonden|moleculair|chromosoomanalyse|counseling,16.0,4.75,32,2,15.75,6.7936507936507935,63,4,11.5,12.167460317460318
H,Hereditaire spastische paraparese,https://www.erfelijkheid.nl/ziektes/hereditaire-spastische-paraparese-hsp,hereditaire-spastische-paraparese-hsp,hereditaire-spastische-paraparese-hsp,https://www.erfocentrum.nl/,Aanleg en ontwikkeling,hereditaire spastische paraparese|hereditaire spastische paraparese hsp|hereditairespastischeparaparese,"Hereditaire spastische paraparese is een erfelijke aandoening. Op deze pagina vind je wat het is, of het in families voorkomt en wat je kunt doen als je vragen hebt.","Hereditaire spastische paraparese betreft een genetisch bepaalde aandoening waarbij varianten in een of meerdere genen kunnen leiden tot klinische verschijnselen. De overerving kan autosomaal dominant, autosomaal recessief of X-gebonden zijn, afhankelijk van het onderliggende mechanisme. Diagnostiek kan bestaan uit moleculair-genetisch onderzoek en/of chromosoomanalyse. Voor counseling en interpretatie van uitslagen kan verwijzing naar de klinische genetica passend zijn.",Bespreek je vraag met je huisarts. Vraag zo nodig om een verwijzing naar de klinische genetica.,Deze informatie is algemeen en is geen diagnose of persoonlijk medisch advies. Bespreek klachten of zorgen altijd met een arts.,autosomaal|recessief|dominant|x-gebonden|moleculair|chromosoomanalyse|counseling,14.5,4.620689655172414,29,2,15.0,6.833333333333333,60,4,10.548275862068966,11.733333333333334
H,Hermansky-Pudlak syndroom,https://www.erfelijkheid.nl/ziektes/hermansky-pudlak-syndroom,hermansky-pudlak-syndroom,hermansky-pudlak-syndroom,https://www.erfocentrum.nl/,Aanleg en ontwikkeling,hermansky pudlak syndroom|hermansky-pudlak syn|hermansky-pudlak syndroom|hermansky-pudlaksyndroom,"Hermansky-Pudlak syndroom is een erfelijke aandoening. Op deze pagina vind je wat het is, of het in families voorkomt en wat je kunt doen als je vragen hebt.","Hermansky-Pudlak syndroom betreft een genetisch bepaalde aandoening waarbij varianten in een of meerdere genen kunnen leiden tot klinische verschijnselen. De overerving kan autosomaal dominant, autosomaal recessief of X-gebonden zijn, afhankelijk van het onderliggende mechanisme. Diagnostiek kan bestaan uit moleculair-genetisch onderzoek en/of chromosoomanalyse. Voor counseling en interpretatie van uitslagen kan verwijzing naar de klinische genetica passend zijn.",Bespreek je vraag met je huisarts. Vraag zo nodig om een verwijzing naar de klinische genetica.,Deze informatie is algemeen en is geen diagnose of persoonlijk medisch advies. Bespreek klachten of zorgen altijd met een arts.,autosomaal|recessief|dominant|x-gebonden|moleculair|chromosoomanalyse|counseling,14.5,4.344827586206897,29,2,15.0,6.7,60,4,10.437931034482759,11.68
H,Hernia diafragmatica,https://www.erfelijkheid.nl/ziektes/hernia-diafragmatica,hernia-diafragmatica,hernia-diafragmatica,https://www.erfocentrum.nl/,Aanleg en ontwikkeling,hernia diafragmatica|herniadiafragmatica,"Hernia diafragmatica is een erfelijke aandoening. Op deze pagina vind je wat het is, of het in families voorkomt en wat je kunt doen als je vragen hebt.","Hernia diafragmatica betreft een genetisch bepaalde aandoening waarbij varianten in een of meerdere genen kunnen leiden tot klinische verschijnselen. De overerving kan autosomaal dominant, autosomaal recessief of X-gebonden zijn, afhankelijk van het onderliggende mechanisme. Diagnostiek kan bestaan uit moleculair-genetisch onderzoek en/of chromosoomanalyse. Voor counseling en interpretatie van uitslagen kan verwijzing naar de klinische genetica passend zijn.",Bespreek je vraag met je huisarts. Vraag zo nodig om een verwijzing naar de klinische genetica.,Deze informatie is algemeen en is geen diagnose of persoonlijk medisch advies. Bespreek klachten of zorgen altijd met een arts.,autosomaal|recessief|dominant|x-gebonden|moleculair|chromosoomanalyse|counseling,14.0,4.357142857142857,28,2,14.75,6.745762711864407,59,4,10.142857142857142,11.548305084745763
H,Heterotopie in de hersenen,https://www.erfelijkheid.nl/ziektes/heterotopie-in-de-hersenen,heterotopie-in-de-hersenen,heterotopie-in-de-hersenen,https://www.erfocentrum.nl/,Aanleg en ontwikkeling,heterotopie in de hersenen|heterotopieindehersenen,Bij Heterotopie in de hersenen spelen genen een rol. Deze pagina helpt je om snel te vinden: is het erfelijk en wat is een logische volgende stap.,Heterotopie in de hersenen wordt in de literatuur beschreven als een genetische aandoening met heterogene etiologie. Fenotype-expressie en penetrantie kunnen variëren; risico-inschatting hangt af van familieanamnese en genetische bevindingen. Differentiaaldiagnostiek en indicatiestelling voor DNA-diagnostiek verlopen doorgaans via zorgprofessionals. Bespreek vragen met de huisarts; zo nodig volgt verwijzing naar een klinisch geneticus.,Maak een afspraak bij de huisarts om je familiegeschiedenis te bespreken. Een klinisch geneticus kan uitleg geven over erfelijkheid.,Deze informatie is algemeen en is geen diagnose of persoonlijk medisch advies. Bespreek klachten of zorgen altijd met een arts.,penetrantie|fenotype|etiologie|differentiaaldiagnostiek|indicatiestelling,13.5,4.333333333333333,27,2,13.5,7.037037037037037,54,4,9.833333333333332,10.914814814814815
H,HMG-CoA-lyase deficientie,https://www.erfelijkheid.nl/ziektes/hmg-coa-lyase-deficientie,hmg-coa-lyase-deficientie,hmg-coa-lyase-deficientie,https://www.erfocentrum.nl/,Aanleg en ontwikkeling,hmg coa lyase deficientie|hmg-coa-lyase deficientie|hmg-coa-lyase deficiëntie|hmg-coa-lyasedeficientie,HMG-CoA-lyase deficientie is een zeldzame erfelijke aandoening. Hier lees je in eenvoudige woorden de belangrijkste punten en waar je terechtkunt voor hulp.,"HMG-CoA-lyase deficientie betreft een genetisch bepaalde aandoening waarbij varianten in een of meerdere genen kunnen leiden tot klinische verschijnselen. De overerving kan autosomaal dominant, autosomaal recessief of X-gebonden zijn, afhankelijk van het onderliggende mechanisme. Diagnostiek kan bestaan uit moleculair-genetisch onderzoek en/of chromosoomanalyse. Voor counseling en interpretatie van uitslagen kan verwijzing naar de klinische genetica passend zijn.",Bespreek je vraag met je huisarts. Vraag zo nodig om een verwijzing naar de klinische genetica.,Deze informatie is algemeen en is geen diagnose of persoonlijk medisch advies. Bespreek klachten of zorgen altijd met een arts.,autosomaal|recessief|dominant|x-gebonden|moleculair|chromosoomanalyse|counseling,12.0,5.458333333333333,24,2,15.25,6.573770491803279,61,4,9.383333333333333,11.779508196721313
H,HNF1A-MODY,https://www.erfelijkheid.nl/ziektes/hnf1a-mody-3,hnf1a-mody-3,hnf1a-mody-3,https://www.erfocentrum.nl/,Aanleg en ontwikkeling,hnf 1a-mody|hnf1 a-mody|hnf1a mody|hnf1a mody 3|hnf1a-mody,"HNF1A-MODY is een erfelijke aandoening. Op deze pagina vind je wat het is, of het in families voorkomt en wat je kunt doen als je vragen hebt.","HNF1A-MODY betreft een genetisch bepaalde aandoening waarbij varianten in een of meerdere genen kunnen leiden tot klinische verschijnselen. De overerving kan autosomaal dominant, autosomaal recessief of X-gebonden zijn, afhankelijk van het onderliggende mechanisme. Diagnostiek kan bestaan uit moleculair-genetisch onderzoek en/of chromosoomanalyse. Voor counseling en interpretatie van uitslagen kan verwijzing naar de klinische genetica passend zijn.",Bespreek je vraag met je huisarts. Vraag zo nodig om een verwijzing naar de klinische genetica.,Deze informatie is algemeen en is geen diagnose of persoonlijk medisch advies. Bespreek klachten of zorgen altijd met een arts.,autosomaal|recessief|dominant|x-gebonden|moleculair|chromosoomanalyse|counseling,14.0,4.0,28,2,14.75,6.576271186440678,59,4,10.0,11.480508474576272
H,HNF1B-MODY,https://www.erfelijkheid.nl/ziektes/hnf1b-mody-5,hnf1b-mody-5,hnf1b-mody-5,https://www.erfocentrum.nl/,Aanleg en ontwikkeling,hnf 1b-mody|hnf1 b-mody|hnf1b mody|hnf1b mody 5|hnf1b-mody,HNF1B-MODY is een zeldzame erfelijke aandoening. Hier lees je in eenvoudige woorden de belangrijkste punten en waar je terechtkunt voor hulp.,HNF1B-MODY wordt in de literatuur beschreven als een genetische aandoening met heterogene etiologie. Fenotype-expressie en penetrantie kunnen variëren; risico-inschatting hangt af van familieanamnese en genetische bevindingen. Differentiaaldiagnostiek en indicatiestelling voor DNA-diagnostiek verlopen doorgaans via zorgprofessionals. Bespreek vragen met de huisarts; zo nodig volgt verwijzing naar een klinisch geneticus.,Maak een afspraak bij de huisarts om je familiegeschiedenis te bespreken. Een klinisch geneticus kan uitleg geven over erfelijkheid.,Deze informatie is algemeen en is geen diagnose of persoonlijk medisch advies. Bespreek klachten of zorgen altijd met een arts.,penetrantie|fenotype|etiologie|differentiaaldiagnostiek|indicatiestelling,11.0,5.363636363636363,22,2,13.0,7.038461538461538,52,4,8.745454545454546,10.615384615384615
H,HNF4A-MODY,https://www.erfelijkheid.nl/ziektes/hnf4a-mody-1,hnf4a-mody-1,hnf4a-mody-1,https://www.erfocentrum.nl/,Aanleg en ontwikkeling,hnf 4a-mody|hnf4 a-mody|hnf4a mody|hnf4a mody 1|hnf4a-mody,"HNF4A-MODY is een erfelijke aandoening. Op deze pagina vind je wat het is, of het in families voorkomt en wat je kunt doen als je vragen hebt.",HNF4A-MODY wordt in de literatuur beschreven als een genetische aandoening met heterogene etiologie. Fenotype-expressie en penetrantie kunnen variëren; risico-inschatting hangt af van familieanamnese en genetische bevindingen. Differentiaaldiagnostiek en indicatiestelling voor DNA-diagnostiek verlopen doorgaans via zorgprofessionals. Bespreek vragen met de huisarts; zo nodig volgt verwijzing naar een klinisch geneticus.,Bespreek je vraag met je huisarts. Vraag zo nodig om een verwijzing naar de klinische genetica.,Deze informatie is algemeen en is geen diagnose of persoonlijk medisch advies. Bespreek klachten of zorgen altijd met een arts.,penetrantie|fenotype|etiologie|differentiaaldiagnostiek|indicatiestelling,14.0,4.0,28,2,13.0,7.038461538461538,52,4,10.0,10.615384615384615
H,Holocarboxylase synthetase deficiëntie,https://www.erfelijkheid.nl/ziektes/holocarboxylase-synthetase-deficientie,holocarboxylase-synthetase-deficientie,holocarboxylase-synthetase-deficientie,https://www.erfocentrum.nl/,Aanleg en ontwikkeling,holocarboxylase synthetase deficientie|holocarboxylase synthetase deficiëntie|holocarboxylasesynthetasedeficientie,Holocarboxylase synthetase deficiëntie is een zeldzame erfelijke aandoening. Hier lees je in eenvoudige woorden de belangrijkste punten en waar je terechtkunt voor hulp.,Holocarboxylase synthetase deficiëntie wordt in de literatuur beschreven als een genetische aandoening met heterogene etiologie. Fenotype-expressie en penetrantie kunnen variëren; risico-inschatting hangt af van familieanamnese en genetische bevindingen. Differentiaaldiagnostiek en indicatiestelling voor DNA-diagnostiek verlopen doorgaans via zorgprofessionals. Bespreek vragen met de huisarts; zo nodig volgt verwijzing naar een klinisch geneticus.,Maak een afspraak bij de huisarts om je familiegeschiedenis te bespreken. Een klinisch geneticus kan uitleg geven over erfelijkheid.,Deze informatie is algemeen en is geen diagnose of persoonlijk medisch advies. Bespreek klachten of zorgen altijd met een arts.,penetrantie|fenotype|etiologie|differentiaaldiagnostiek|indicatiestelling,11.5,6.304347826086956,23,2,13.25,7.415094339622642,53,4,9.421739130434782,10.916037735849056
H,Holoprosencefalie,https://www.erfelijkheid.nl/ziektes/holoprosencefalie,holoprosencefalie,holoprosencefalie,https://www.erfocentrum.nl/,Aanleg en ontwikkeling,holoprosencefalie,Holoprosencefalie is een zeldzame erfelijke aandoening. Hier lees je in eenvoudige woorden de belangrijkste punten en waar je terechtkunt voor hulp.,"Holoprosencefalie betreft een genetisch bepaalde aandoening waarbij varianten in een of meerdere genen kunnen leiden tot klinische verschijnselen. De overerving kan autosomaal dominant, autosomaal recessief of X-gebonden zijn, afhankelijk van het onderliggende mechanisme. Diagnostiek kan bestaan uit moleculair-genetisch onderzoek en/of chromosoomanalyse. Voor counseling en interpretatie van uitslagen kan verwijzing naar de klinische genetica passend zijn.",Bespreek je vraag met je huisarts. Vraag zo nodig om een verwijzing naar de klinische genetica.,Deze informatie is algemeen en is geen diagnose of persoonlijk medisch advies. Bespreek klachten of zorgen altijd met een arts.,autosomaal|recessief|dominant|x-gebonden|moleculair|chromosoomanalyse|counseling,10.5,6.0,21,2,14.5,6.827586206896552,58,4,8.7,11.43103448275862
H,Holt-Oram syndroom,https://www.erfelijkheid.nl/ziektes/holt-oram-syndroom,holt-oram-syndroom,holt-oram-syndroom,https://www.erfocentrum.nl/,Aanleg en ontwikkeling,holt oram syndroom|holt-oram syn|holt-oram syndroom|holt-oramsyndroom,"Holt-Oram syndroom is een erfelijke aandoening. Op deze pagina vind je wat het is, of het in families voorkomt en wat je kunt doen als je vragen hebt.",Holt-Oram syndroom wordt in de literatuur beschreven als een genetische aandoening met heterogene etiologie. Fenotype-expressie en penetrantie kunnen variëren; risico-inschatting hangt af van familieanamnese en genetische bevindingen. Differentiaaldiagnostiek en indicatiestelling voor DNA-diagnostiek verlopen doorgaans via zorgprofessionals. Bespreek vragen met de huisarts; zo nodig volgt verwijzing naar een klinisch geneticus.,Maak een afspraak bij de huisarts om je familiegeschiedenis te bespreken. Een klinisch geneticus kan uitleg geven over erfelijkheid.,Deze informatie is algemeen en is geen diagnose of persoonlijk medisch advies. Bespreek klachten of zorgen altijd met een arts.,penetrantie|fenotype|etiologie|differentiaaldiagnostiek|indicatiestelling,14.5,4.103448275862069,29,2,13.25,7.037735849056604,53,4,10.341379310344827,10.76509433962264
H,Homocystinurie,https://www.erfelijkheid.nl/ziektes/homocystinurie,homocystinurie,homocystinurie,https://www.erfocentrum.nl/,Aanleg en ontwikkeling,homocystinurie,"Homocystinurie is een erfelijke aandoening. Op deze pagina vind je wat het is, of het in families voorkomt en wat je kunt doen als je vragen hebt.",Homocystinurie wordt in de literatuur beschreven als een genetische aandoening met heterogene etiologie. Fenotype-expressie en penetrantie kunnen variëren; risico-inschatting hangt af van familieanamnese en genetische bevindingen. Differentiaaldiagnostiek en indicatiestelling voor DNA-diagnostiek verlopen doorgaans via zorgprofessionals. Bespreek vragen met de huisarts; zo nodig volgt verwijzing naar een klinisch geneticus.,Bespreek je vraag met je huisarts. Vraag zo nodig om een verwijzing naar de klinische genetica.,Deze informatie is algemeen en is geen diagnose of persoonlijk medisch advies. Bespreek klachten of zorgen altijd met een arts.,penetrantie|fenotype|etiologie|differentiaaldiagnostiek|indicatiestelling,13.5,4.333333333333333,27,2,12.75,7.2745098039215685,51,4,9.833333333333332,10.559803921568626
H,Hydrocefalus,https://www.erfelijkheid.nl/ziektes/hydrocefalus,hydrocefalus,hydrocefalus,https://www.erfocentrum.nl/,Aanleg en ontwikkeling,hydrocefalus,Hydrocefalus is een zeldzame erfelijke aandoening. Hier lees je in eenvoudige woorden de belangrijkste punten en waar je terechtkunt voor hulp.,"Hydrocefalus betreft een genetisch bepaalde aandoening waarbij varianten in een of meerdere genen kunnen leiden tot klinische verschijnselen. De overerving kan autosomaal dominant, autosomaal recessief of X-gebonden zijn, afhankelijk van het onderliggende mechanisme. Diagnostiek kan bestaan uit moleculair-genetisch onderzoek en/of chromosoomanalyse. Voor counseling en interpretatie van uitslagen kan verwijzing naar de klinische genetica passend zijn.",Bespreek je vraag met je huisarts. Vraag zo nodig om een verwijzing naar de klinische genetica.,Deze informatie is algemeen en is geen diagnose of persoonlijk medisch advies. Bespreek klachten of zorgen altijd met een arts.,autosomaal|recessief|dominant|x-gebonden|moleculair|chromosoomanalyse|counseling,10.5,5.761904761904762,21,2,14.5,6.741379310344827,58,4,8.604761904761904,11.39655172413793
H,Hydrolethalus syndroom,https://www.erfelijkheid.nl/ziektes/hydrolethalus-syndroom,hydrolethalus-syndroom,hydrolethalus-syndroom,https://www.erfocentrum.nl/,Aanleg en ontwikkeling,hydrolethalus syn|hydrolethalus syndroom|hydrolethalussyndroom,Bij Hydrolethalus syndroom spelen genen een rol. Deze pagina helpt je om snel te vinden: is het erfelijk en wat is een logische volgende stap.,Hydrolethalus syndroom wordt in de literatuur beschreven als een genetische aandoening met heterogene etiologie. Fenotype-expressie en penetrantie kunnen variëren; risico-inschatting hangt af van familieanamnese en genetische bevindingen. Differentiaaldiagnostiek en indicatiestelling voor DNA-diagnostiek verlopen doorgaans via zorgprofessionals. Bespreek vragen met de huisarts; zo nodig volgt verwijzing naar een klinisch geneticus.,Bespreek je vraag met je huisarts. Vraag zo nodig om een verwijzing naar de klinische genetica.,Deze informatie is algemeen en is geen diagnose of persoonlijk medisch advies. Bespreek klachten of zorgen altijd met een arts.,penetrantie|fenotype|etiologie|differentiaaldiagnostiek|indicatiestelling,12.5,4.6,25,2,13.0,7.269230769230769,52,4,9.34,10.707692307692309
H,Hyperhidrose,https://www.erfelijkheid.nl/ziektes/hyperhidrose,hyperhidrose,hyperhidrose,https://www.erfocentrum.nl/,Aanleg en ontwikkeling,hyperhidrose,"Hyperhidrose is een erfelijke aandoening. Op deze pagina vind je wat het is, of het in families voorkomt en wat je kunt doen als je vragen hebt.",Hyperhidrose wordt in de literatuur beschreven als een genetische aandoening met heterogene etiologie. Fenotype-expressie en penetrantie kunnen variëren; risico-inschatting hangt af van familieanamnese en genetische bevindingen. Differentiaaldiagnostiek en indicatiestelling voor DNA-diagnostiek verlopen doorgaans via zorgprofessionals. Bespreek vragen met de huisarts; zo nodig volgt verwijzing naar een klinisch geneticus.,Maak een afspraak bij de huisarts om je familiegeschiedenis te bespreken. Een klinisch geneticus kan uitleg geven over erfelijkheid.,Deze informatie is algemeen en is geen diagnose of persoonlijk medisch advies. Bespreek klachten of zorgen altijd met een arts.,penetrantie|fenotype|etiologie|differentiaaldiagnostiek|indicatiestelling,13.5,4.2592592592592595,27,2,12.75,7.235294117647059,51,4,9.803703703703704,10.544117647058822
H,Hyperlexie,https://www.erfelijkheid.nl/ziektes/hyperlexie,hyperlexie,hyperlexie,https://www.erfocentrum.nl/,Aanleg en ontwikkeling,hyperlexie,"Hyperlexie is een erfelijke aandoening. Op deze pagina vind je wat het is, of het in families voorkomt en wat je kunt doen als je vragen hebt.",Hyperlexie wordt in de literatuur beschreven als een genetische aandoening met heterogene etiologie. Fenotype-expressie en penetrantie kunnen variëren; risico-inschatting hangt af van familieanamnese en genetische bevindingen. Differentiaaldiagnostiek en indicatiestelling voor DNA-diagnostiek verlopen doorgaans via zorgprofessionals. Bespreek vragen met de huisarts; zo nodig volgt verwijzing naar een klinisch geneticus.,Maak een afspraak bij de huisarts om je familiegeschiedenis te bespreken. Een klinisch geneticus kan uitleg geven over erfelijkheid.,Deze informatie is algemeen en is geen diagnose of persoonlijk medisch advies. Bespreek klachten of zorgen altijd met een arts.,penetrantie|fenotype|etiologie|differentiaaldiagnostiek|indicatiestelling,13.5,4.185185185185185,27,2,12.75,7.196078431372549,51,4,9.774074074074074,10.528431372549019
H,Hypertrofische cardiomyopathie (HCM),https://www.erfelijkheid.nl/ziektes/hypertrofische-cardiomyopathie-hcm,hypertrofische-cardiomyopathie-hcm,hypertrofische-cardiomyopathie-hcm,https://www.erfocentrum.nl/,Erfelijkheid hartziekten,hypertrofische cardiomyopathie hcm|hypertrofischecardiomyopathiehcm,Bij Hypertrofische cardiomyopathie (HCM) spelen genen een rol. Deze pagina helpt je om snel te vinden: is het erfelijk en wat is een logische volgende stap.,Hypertrofische cardiomyopathie (HCM) wordt in de literatuur beschreven als een genetische aandoening met heterogene etiologie. Fenotype-expressie en penetrantie kunnen variëren; risico-inschatting hangt af van familieanamnese en genetische bevindingen. Differentiaaldiagnostiek en indicatiestelling voor DNA-diagnostiek verlopen doorgaans via zorgprofessionals. Bespreek vragen met de huisarts; zo nodig volgt verwijzing naar een klinisch geneticus.,Bespreek je vraag met je huisarts. Vraag zo nodig om een verwijzing naar de klinische genetica.,Deze informatie is algemeen en is geen diagnose of persoonlijk medisch advies. Bespreek klachten of zorgen altijd met een arts.,penetrantie|fenotype|etiologie|differentiaaldiagnostiek|indicatiestelling,13.0,4.846153846153846,26,2,13.25,7.339622641509434,53,4,9.738461538461538,10.885849056603773
H,Hypochondroplasie,https://www.erfelijkheid.nl/ziektes/hypochondroplasie,hypochondroplasie,hypochondroplasie,https://www.erfocentrum.nl/,Aanleg en ontwikkeling,hypochondroplasie,Bij Hypochondroplasie spelen genen een rol. Deze pagina helpt je om snel te vinden: is het erfelijk en wat is een logische volgende stap.,Hypochondroplasie wordt in de literatuur beschreven als een genetische aandoening met heterogene etiologie. Fenotype-expressie en penetrantie kunnen variëren; risico-inschatting hangt af van familieanamnese en genetische bevindingen. Differentiaaldiagnostiek en indicatiestelling voor DNA-diagnostiek verlopen doorgaans via zorgprofessionals. Bespreek vragen met de huisarts; zo nodig volgt verwijzing naar een klinisch geneticus.,Bespreek je vraag met je huisarts. Vraag zo nodig om een verwijzing naar de klinische genetica.,Deze informatie is algemeen en is geen diagnose of persoonlijk medisch advies. Bespreek klachten of zorgen altijd met een arts.,penetrantie|fenotype|etiologie|differentiaaldiagnostiek|indicatiestelling,12.0,4.625,24,2,12.75,7.333333333333333,51,4,9.049999999999999,10.583333333333332
H,Hypofosfatasia,https://www.erfelijkheid.nl/ziektes/hypofosfatasia,hypofosfatasia,hypofosfatasia,https://www.erfocentrum.nl/,Aanleg en ontwikkeling,hypofosfatasia,"Hypofosfatasia is een erfelijke aandoening. Op deze pagina vind je wat het is, of het in families voorkomt en wat je kunt doen als je vragen hebt.","Hypofosfatasia betreft een genetisch bepaalde aandoening waarbij varianten in een of meerdere genen kunnen leiden tot klinische verschijnselen. De overerving kan autosomaal dominant, autosomaal recessief of X-gebonden zijn, afhankelijk van het onderliggende mechanisme. Diagnostiek kan bestaan uit moleculair-genetisch onderzoek en/of chromosoomanalyse. Voor counseling en interpretatie van uitslagen kan verwijzing naar de klinische genetica passend zijn.",Maak een afspraak bij de huisarts om je familiegeschiedenis te bespreken. Een klinisch geneticus kan uitleg geven over erfelijkheid.,Deze informatie is algemeen en is geen diagnose of persoonlijk medisch advies. Bespreek klachten of zorgen altijd met een arts.,autosomaal|recessief|dominant|x-gebonden|moleculair|chromosoomanalyse|counseling,13.5,4.333333333333333,27,2,14.5,6.775862068965517,58,4,9.833333333333332,11.410344827586206
H,Hyperparathyreoïdie-kaaktumor syndroom,https://www.erfelijkheid.nl/ziektes/Hyperparathyreo%C3%AFdie-kaaktumor-syndroom,Hyperparathyreo%C3%AFdie-kaaktumor-syndroom,Hyperparathyreo%C3%AFdie-kaaktumor-syndroom,https://www.erfocentrum.nl/,Aanleg en ontwikkeling,Hyperparathyreo%C3%AFdie kaaktumor syndroom|hyperparathyreoidie kaaktumor syndroom|hyperparathyreoidie-kaaktumor syn|hyperparathyreoidie-kaaktumor syndroom|hyperparathyreoidie-kaaktumorsyndroom,"Hyperparathyreoïdie-kaaktumor syndroom is een erfelijke aandoening. Op deze pagina vind je wat het is, of het in families voorkomt en wat je kunt doen als je vragen hebt.","Hyperparathyreoïdie-kaaktumor syndroom betreft een genetisch bepaalde aandoening waarbij varianten in een of meerdere genen kunnen leiden tot klinische verschijnselen. De overerving kan autosomaal dominant, autosomaal recessief of X-gebonden zijn, afhankelijk van het onderliggende mechanisme. Diagnostiek kan bestaan uit moleculair-genetisch onderzoek en/of chromosoomanalyse. Voor counseling en interpretatie van uitslagen kan verwijzing naar de klinische genetica passend zijn.",Bespreek je vraag met je huisarts. Vraag zo nodig om een verwijzing naar de klinische genetica.,Deze informatie is algemeen en is geen diagnose of persoonlijk medisch advies. Bespreek klachten of zorgen altijd met een arts.,autosomaal|recessief|dominant|x-gebonden|moleculair|chromosoomanalyse|counseling,14.5,4.793103448275862,29,2,15.0,6.916666666666667,60,4,10.617241379310345,11.766666666666667
H,Hypoplastisch linkerhartsyndroom,https://www.erfelijkheid.nl/ziektes/hypoplastisch-linkerhartsyndroom,hypoplastisch-linkerhartsyndroom,hypoplastisch-linkerhartsyndroom,https://www.erfocentrum.nl/,Erfelijkheid hartziekten,hypoplastisch linkerhartsyn|hypoplastisch linkerhartsyndroom|hypoplastischlinkerhartsyndroom,"Hypoplastisch linkerhartsyndroom is een erfelijke aandoening. Op deze pagina vind je wat het is, of het in families voorkomt en wat je kunt doen als je vragen hebt.",Hypoplastisch linkerhartsyndroom wordt in de literatuur beschreven als een genetische aandoening met heterogene etiologie. Fenotype-expressie en penetrantie kunnen variëren; risico-inschatting hangt af van familieanamnese en genetische bevindingen. Differentiaaldiagnostiek en indicatiestelling voor DNA-diagnostiek verlopen doorgaans via zorgprofessionals. Bespreek vragen met de huisarts; zo nodig volgt verwijzing naar een klinisch geneticus.,Bespreek je vraag met je huisarts. Vraag zo nodig om een verwijzing naar de klinische genetica.,Deze informatie is algemeen en is geen diagnose of persoonlijk medisch advies. Bespreek klachten of zorgen altijd met een arts.,penetrantie|fenotype|etiologie|differentiaaldiagnostiek|indicatiestelling,14.0,4.785714285714286,28,2,13.0,7.461538461538462,52,4,10.314285714285715,10.784615384615385
H,Hypospadie,https://www.erfelijkheid.nl/ziektes/hypospadie,hypospadie,hypospadie,https://www.erfocentrum.nl/,Aanleg en ontwikkeling,hypospadie,"Hypospadie is een erfelijke aandoening. Op deze pagina vind je wat het is, of het in families voorkomt en wat je kunt doen als je vragen hebt.",Hypospadie wordt in de literatuur beschreven als een genetische aandoening met heterogene etiologie. Fenotype-expressie en penetrantie kunnen variëren; risico-inschatting hangt af van familieanamnese en genetische bevindingen. Differentiaaldiagnostiek en indicatiestelling voor DNA-diagnostiek verlopen doorgaans via zorgprofessionals. Bespreek vragen met de huisarts; zo nodig volgt verwijzing naar een klinisch geneticus.,Bespreek je vraag met je huisarts. Vraag zo nodig om een verwijzing naar de klinische genetica.,Deze informatie is algemeen en is geen diagnose of persoonlijk medisch advies. Bespreek klachten of zorgen altijd met een arts.,penetrantie|fenotype|etiologie|differentiaaldiagnostiek|indicatiestelling,13.5,4.185185185185185,27,2,12.75,7.196078431372549,51,4,9.774074074074074,10.528431372549019
I,Ichthyosis,https://www.erfelijkheid.nl/ziektes/ichthyosis,ichthyosis,ichthyosis,https://www.erfocentrum.nl/,Aanleg en ontwikkeling,ichthyosis,Ichthyosis is een zeldzame erfelijke aandoening. Hier lees je in eenvoudige woorden de belangrijkste punten en waar je terechtkunt voor hulp.,Ichthyosis wordt in de literatuur beschreven als een genetische aandoening met heterogene etiologie. Fenotype-expressie en penetrantie kunnen variëren; risico-inschatting hangt af van familieanamnese en genetische bevindingen. Differentiaaldiagnostiek en indicatiestelling voor DNA-diagnostiek verlopen doorgaans via zorgprofessionals. Bespreek vragen met de huisarts; zo nodig volgt verwijzing naar een klinisch geneticus.,Maak een afspraak bij de huisarts om je familiegeschiedenis te bespreken. Een klinisch geneticus kan uitleg geven over erfelijkheid.,Deze informatie is algemeen en is geen diagnose of persoonlijk medisch advies. Bespreek klachten of zorgen altijd met een arts.,penetrantie|fenotype|etiologie|differentiaaldiagnostiek|indicatiestelling,10.5,5.666666666666667,21,2,12.75,7.196078431372549,51,4,8.566666666666666,10.528431372549019
I,IgA-deficiëntie,https://www.erfelijkheid.nl/ziektes/iga-deficientie,iga-deficientie,iga-deficientie,https://www.erfocentrum.nl/,Aanleg en ontwikkeling,iga deficientie|iga-deficientie|iga-deficiëntie,IgA-deficiëntie is een zeldzame erfelijke aandoening. Hier lees je in eenvoudige woorden de belangrijkste punten en waar je terechtkunt voor hulp.,IgA-deficiëntie wordt in de literatuur beschreven als een genetische aandoening met heterogene etiologie. Fenotype-expressie en penetrantie kunnen variëren; risico-inschatting hangt af van familieanamnese en genetische bevindingen. Differentiaaldiagnostiek en indicatiestelling voor DNA-diagnostiek verlopen doorgaans via zorgprofessionals. Bespreek vragen met de huisarts; zo nodig volgt verwijzing naar een klinisch geneticus.,Maak een afspraak bij de huisarts om je familiegeschiedenis te bespreken. Een klinisch geneticus kan uitleg geven over erfelijkheid.,Deze informatie is algemeen en is geen diagnose of persoonlijk medisch advies. Bespreek klachten of zorgen altijd met een arts.,penetrantie|fenotype|etiologie|differentiaaldiagnostiek|indicatiestelling,11.0,5.590909090909091,22,2,13.0,7.134615384615385,52,4,8.836363636363636,10.653846153846153
I,IgA nefropathie,https://www.erfelijkheid.nl/ziektes/iga-nefropathie,iga-nefropathie,iga-nefropathie,https://www.erfocentrum.nl/,Aanleg en ontwikkeling,iga nefropathie|iganefropathie,IgA nefropathie is een zeldzame erfelijke aandoening. Hier lees je in eenvoudige woorden de belangrijkste punten en waar je terechtkunt voor hulp.,IgA nefropathie wordt in de literatuur beschreven als een genetische aandoening met heterogene etiologie. Fenotype-expressie en penetrantie kunnen variëren; risico-inschatting hangt af van familieanamnese en genetische bevindingen. Differentiaaldiagnostiek en indicatiestelling voor DNA-diagnostiek verlopen doorgaans via zorgprofessionals. Bespreek vragen met de huisarts; zo nodig volgt verwijzing naar een klinisch geneticus.,Bespreek je vraag met je huisarts. Vraag zo nodig om een verwijzing naar de klinische genetica.,Deze informatie is algemeen en is geen diagnose of persoonlijk medisch advies. Bespreek klachten of zorgen altijd met een arts.,penetrantie|fenotype|etiologie|differentiaaldiagnostiek|indicatiestelling,11.0,5.590909090909091,22,2,13.0,7.134615384615385,52,4,8.836363636363636,10.653846153846153
I,Imerslund-Gräsbeck syndroom,https://www.erfelijkheid.nl/ziektes/imerslund-gr%C3%A4sbeck-syndroom,imerslund-gr%C3%A4sbeck-syndroom,imerslund-gr%C3%A4sbeck-syndroom,https://www.erfocentrum.nl/,Aanleg en ontwikkeling,imerslund gr%C3%A4sbeck syndroom|imerslund grasbeck syndroom|imerslund-grasbeck syn|imerslund-grasbeck syndroom|imerslund-grasbecksyndroom,"Imerslund-Gräsbeck syndroom is een erfelijke aandoening. Op deze pagina vind je wat het is, of het in families voorkomt en wat je kunt doen als je vragen hebt.","Imerslund-Gräsbeck syndroom betreft een genetisch bepaalde aandoening waarbij varianten in een of meerdere genen kunnen leiden tot klinische verschijnselen. De overerving kan autosomaal dominant, autosomaal recessief of X-gebonden zijn, afhankelijk van het onderliggende mechanisme. Diagnostiek kan bestaan uit moleculair-genetisch onderzoek en/of chromosoomanalyse. Voor counseling en interpretatie van uitslagen kan verwijzing naar de klinische genetica passend zijn.",Maak een afspraak bij de huisarts om je familiegeschiedenis te bespreken. Een klinisch geneticus kan uitleg geven over erfelijkheid.,Deze informatie is algemeen en is geen diagnose of persoonlijk medisch advies. Bespreek klachten of zorgen altijd met een arts.,autosomaal|recessief|dominant|x-gebonden|moleculair|chromosoomanalyse|counseling,14.5,4.413793103448276,29,2,15.0,6.733333333333333,60,4,10.46551724137931,11.693333333333333
I,Immuun trombocytopenie (ITP),https://www.erfelijkheid.nl/ziektes/immuun-trombocytopenie-itp,immuun-trombocytopenie-itp,immuun-trombocytopenie-itp,https://www.erfocentrum.nl/,Aanleg en ontwikkeling,immuun trombocytopenie itp|immuuntrombocytopenieitp,Immuun trombocytopenie (ITP) is een zeldzame erfelijke aandoening. Hier lees je in eenvoudige woorden de belangrijkste punten en waar je terechtkunt voor hulp.,Immuun trombocytopenie (ITP) wordt in de literatuur beschreven als een genetische aandoening met heterogene etiologie. Fenotype-expressie en penetrantie kunnen variëren; risico-inschatting hangt af van familieanamnese en genetische bevindingen. Differentiaaldiagnostiek en indicatiestelling voor DNA-diagnostiek verlopen doorgaans via zorgprofessionals. Bespreek vragen met de huisarts; zo nodig volgt verwijzing naar een klinisch geneticus.,Bespreek je vraag met je huisarts. Vraag zo nodig om een verwijzing naar de klinische genetica.,Deze informatie is algemeen en is geen diagnose of persoonlijk medisch advies. Bespreek klachten of zorgen altijd met een arts.,penetrantie|fenotype|etiologie|differentiaaldiagnostiek|indicatiestelling,11.5,5.782608695652174,23,2,13.25,7.188679245283019,53,4,9.213043478260868,10.825471698113207
I,Incontinentia pigmenti,https://www.erfelijkheid.nl/ziektes/incontinentia-pigmenti,incontinentia-pigmenti,incontinentia-pigmenti,https://www.erfocentrum.nl/,Aanleg en ontwikkeling,incontinentia pigmenti|incontinentiapigmenti,"Incontinentia pigmenti is een erfelijke aandoening. Op deze pagina vind je wat het is, of het in families voorkomt en wat je kunt doen als je vragen hebt.","Incontinentia pigmenti betreft een genetisch bepaalde aandoening waarbij varianten in een of meerdere genen kunnen leiden tot klinische verschijnselen. De overerving kan autosomaal dominant, autosomaal recessief of X-gebonden zijn, afhankelijk van het onderliggende mechanisme. Diagnostiek kan bestaan uit moleculair-genetisch onderzoek en/of chromosoomanalyse. Voor counseling en interpretatie van uitslagen kan verwijzing naar de klinische genetica passend zijn.",Maak een afspraak bij de huisarts om je familiegeschiedenis te bespreken. Een klinisch geneticus kan uitleg geven over erfelijkheid.,Deze informatie is algemeen en is geen diagnose of persoonlijk medisch advies. Bespreek klachten of zorgen altijd met een arts.,autosomaal|recessief|dominant|x-gebonden|moleculair|chromosoomanalyse|counseling,14.0,4.428571428571429,28,2,14.75,6.779661016949152,59,4,10.171428571428573,11.56186440677966
I,Infantiel nystagmus syndroom,https://www.erfelijkheid.nl/ziektes/infantiel-nystagmus-syndroom,infantiel-nystagmus-syndroom,infantiel-nystagmus-syndroom,https://www.erfocentrum.nl/,Aanleg en ontwikkeling,infantiel nystagmus syn|infantiel nystagmus syndroom|infantielnystagmussyndroom,"Infantiel nystagmus syndroom is een erfelijke aandoening. Op deze pagina vind je wat het is, of het in families voorkomt en wat je kunt doen als je vragen hebt.",Infantiel nystagmus syndroom wordt in de literatuur beschreven als een genetische aandoening met heterogene etiologie. Fenotype-expressie en penetrantie kunnen variëren; risico-inschatting hangt af van familieanamnese en genetische bevindingen. Differentiaaldiagnostiek en indicatiestelling voor DNA-diagnostiek verlopen doorgaans via zorgprofessionals. Bespreek vragen met de huisarts; zo nodig volgt verwijzing naar een klinisch geneticus.,Bespreek je vraag met je huisarts. Vraag zo nodig om een verwijzing naar de klinische genetica.,Deze informatie is algemeen en is geen diagnose of persoonlijk medisch advies. Bespreek klachten of zorgen altijd met een arts.,penetrantie|fenotype|etiologie|differentiaaldiagnostiek|indicatiestelling,14.5,4.448275862068965,29,2,13.25,7.226415094339623,53,4,10.479310344827585,10.840566037735849
I,Infantiele siaalzuurstapelingsziekte,https://www.erfelijkheid.nl/ziektes/infantiele-siaalzuurstapelingsziekte,infantiele-siaalzuurstapelingsziekte,infantiele-siaalzuurstapelingsziekte,https://www.erfocentrum.nl/,Aanleg en ontwikkeling,infantiele siaalzuurstapelingsziekte|infantielesiaalzuurstapelingsziekte,Infantiele siaalzuurstapelingsziekte is een zeldzame erfelijke aandoening. Hier lees je in eenvoudige woorden de belangrijkste punten en waar je terechtkunt voor hulp.,Infantiele siaalzuurstapelingsziekte wordt in de literatuur beschreven als een genetische aandoening met heterogene etiologie. Fenotype-expressie en penetrantie kunnen variëren; risico-inschatting hangt af van familieanamnese en genetische bevindingen. Differentiaaldiagnostiek en indicatiestelling voor DNA-diagnostiek verlopen doorgaans via zorgprofessionals. Bespreek vragen met de huisarts; zo nodig volgt verwijzing naar een klinisch geneticus.,Bespreek je vraag met je huisarts. Vraag zo nodig om een verwijzing naar de klinische genetica.,Deze informatie is algemeen en is geen diagnose of persoonlijk medisch advies. Bespreek klachten of zorgen altijd met een arts.,penetrantie|fenotype|etiologie|differentiaaldiagnostiek|indicatiestelling,11.0,6.545454545454546,22,2,13.0,7.538461538461538,52,4,9.218181818181819,10.815384615384616
I,IRIDA (IJzer-refractaire ijzer deficiëntie anemie),https://www.erfelijkheid.nl/ziektes/IRIDA,IRIDA,IRIDA,https://www.erfocentrum.nl/,Aanleg en ontwikkeling,IRIDA|irida ijzer refractaire ijzer deficientie anemie|irida ijzer-refractaire ijzer deficientie anemie|irida ijzer-refractaire ijzer deficiëntie anemie|iridaijzer-refractaireijzerdeficientieanemie,"IRIDA (IJzer-refractaire ijzer deficiëntie anemie) is een erfelijke aandoening. Op deze pagina vind je wat het is, of het in families voorkomt en wat je kunt doen als je vragen hebt.",IRIDA (IJzer-refractaire ijzer deficiëntie anemie) wordt in de literatuur beschreven als een genetische aandoening met heterogene etiologie. Fenotype-expressie en penetrantie kunnen variëren; risico-inschatting hangt af van familieanamnese en genetische bevindingen. Differentiaaldiagnostiek en indicatiestelling voor DNA-diagnostiek verlopen doorgaans via zorgprofessionals. Bespreek vragen met de huisarts; zo nodig volgt verwijzing naar een klinisch geneticus.,Maak een afspraak bij de huisarts om je familiegeschiedenis te bespreken. Een klinisch geneticus kan uitleg geven over erfelijkheid.,Deze informatie is algemeen en is geen diagnose of persoonlijk medisch advies. Bespreek klachten of zorgen altijd met een arts.,penetrantie|fenotype|etiologie|differentiaaldiagnostiek|indicatiestelling,16.0,4.5625,32,2,14.0,7.142857142857143,56,4,11.425,11.257142857142858
I,Isovaleriaan acidurie,https://www.erfelijkheid.nl/ziektes/isovaleriaan-acidurie,isovaleriaan-acidurie,isovaleriaan-acidurie,https://www.erfocentrum.nl/,Aanleg en ontwikkeling,isovaleriaan acidurie|isovaleriaanacidurie,Isovaleriaan acidurie is een zeldzame erfelijke aandoening. Hier lees je in eenvoudige woorden de belangrijkste punten en waar je terechtkunt voor hulp.,"Isovaleriaan acidurie betreft een genetisch bepaalde aandoening waarbij varianten in een of meerdere genen kunnen leiden tot klinische verschijnselen. De overerving kan autosomaal dominant, autosomaal recessief of X-gebonden zijn, afhankelijk van het onderliggende mechanisme. Diagnostiek kan bestaan uit moleculair-genetisch onderzoek en/of chromosoomanalyse. Voor counseling en interpretatie van uitslagen kan verwijzing naar de klinische genetica passend zijn.",Bespreek je vraag met je huisarts. Vraag zo nodig om een verwijzing naar de klinische genetica.,Deze informatie is algemeen en is geen diagnose of persoonlijk medisch advies. Bespreek klachten of zorgen altijd met een arts.,autosomaal|recessief|dominant|x-gebonden|moleculair|chromosoomanalyse|counseling,11.0,5.863636363636363,22,2,14.75,6.762711864406779,59,4,8.945454545454545,11.555084745762711
J,Jacobsen syndroom,https://www.erfelijkheid.nl/ziektes/jacobsen-syndroom,jacobsen-syndroom,jacobsen-syndroom,https://www.erfocentrum.nl/,Aanleg en ontwikkeling,jacobsen syn|jacobsen syndroom|jacobsensyndroom,Jacobsen syndroom is een zeldzame erfelijke aandoening. Hier lees je in eenvoudige woorden de belangrijkste punten en waar je terechtkunt voor hulp.,Jacobsen syndroom wordt in de literatuur beschreven als een genetische aandoening met heterogene etiologie. Fenotype-expressie en penetrantie kunnen variëren; risico-inschatting hangt af van familieanamnese en genetische bevindingen. Differentiaaldiagnostiek en indicatiestelling voor DNA-diagnostiek verlopen doorgaans via zorgprofessionals. Bespreek vragen met de huisarts; zo nodig volgt verwijzing naar een klinisch geneticus.,Bespreek je vraag met je huisarts. Vraag zo nodig om een verwijzing naar de klinische genetica.,Deze informatie is algemeen en is geen diagnose of persoonlijk medisch advies. Bespreek klachten of zorgen altijd met een arts.,penetrantie|fenotype|etiologie|differentiaaldiagnostiek|indicatiestelling,11.0,5.681818181818182,22,2,13.0,7.173076923076923,52,4,8.872727272727273,10.669230769230769
J,Jervell-Lange-Nielsen syndroom,https://www.erfelijkheid.nl/ziektes/jervell-lange-nielsen-syndroom,jervell-lange-nielsen-syndroom,jervell-lange-nielsen-syndroom,https://www.erfocentrum.nl/,Aanleg en ontwikkeling,jervell lange nielsen syndroom|jervell-lange-nielsen syn|jervell-lange-nielsen syndroom|jervell-lange-nielsensyndroom,Jervell-Lange-Nielsen syndroom is een zeldzame erfelijke aandoening. Hier lees je in eenvoudige woorden de belangrijkste punten en waar je terechtkunt voor hulp.,"Jervell-Lange-Nielsen syndroom betreft een genetisch bepaalde aandoening waarbij varianten in een of meerdere genen kunnen leiden tot klinische verschijnselen. De overerving kan autosomaal dominant, autosomaal recessief of X-gebonden zijn, afhankelijk van het onderliggende mechanisme. Diagnostiek kan bestaan uit moleculair-genetisch onderzoek en/of chromosoomanalyse. Voor counseling en interpretatie van uitslagen kan verwijzing naar de klinische genetica passend zijn.",Maak een afspraak bij de huisarts om je familiegeschiedenis te bespreken. Een klinisch geneticus kan uitleg geven over erfelijkheid.,Deze informatie is algemeen en is geen diagnose of persoonlijk medisch advies. Bespreek klachten of zorgen altijd met een arts.,autosomaal|recessief|dominant|x-gebonden|moleculair|chromosoomanalyse|counseling,12.0,5.666666666666667,24,2,15.25,6.655737704918033,61,4,9.466666666666667,11.812295081967214
J,Jeugdreuma,https://www.erfelijkheid.nl/ziektes/jeugdreuma,jeugdreuma,jeugdreuma,https://www.erfocentrum.nl/,Aanleg en ontwikkeling,jeugdreuma,Jeugdreuma is een zeldzame erfelijke aandoening. Hier lees je in eenvoudige woorden de belangrijkste punten en waar je terechtkunt voor hulp.,Jeugdreuma wordt in de literatuur beschreven als een genetische aandoening met heterogene etiologie. Fenotype-expressie en penetrantie kunnen variëren; risico-inschatting hangt af van familieanamnese en genetische bevindingen. Differentiaaldiagnostiek en indicatiestelling voor DNA-diagnostiek verlopen doorgaans via zorgprofessionals. Bespreek vragen met de huisarts; zo nodig volgt verwijzing naar een klinisch geneticus.,Maak een afspraak bij de huisarts om je familiegeschiedenis te bespreken. Een klinisch geneticus kan uitleg geven over erfelijkheid.,Deze informatie is algemeen en is geen diagnose of persoonlijk medisch advies. Bespreek klachten of zorgen altijd met een arts.,penetrantie|fenotype|etiologie|differentiaaldiagnostiek|indicatiestelling,10.5,5.666666666666667,21,2,12.75,7.196078431372549,51,4,8.566666666666666,10.528431372549019
J,Jeune syndroom,https://www.erfelijkheid.nl/ziektes/jeune-syndroom,jeune-syndroom,jeune-syndroom,https://www.erfocentrum.nl/,Aanleg en ontwikkeling,jeune syn|jeune syndroom|jeunesyndroom,Jeune syndroom is een zeldzame erfelijke aandoening. Hier lees je in eenvoudige woorden de belangrijkste punten en waar je terechtkunt voor hulp.,Jeune syndroom wordt in de literatuur beschreven als een genetische aandoening met heterogene etiologie. Fenotype-expressie en penetrantie kunnen variëren; risico-inschatting hangt af van familieanamnese en genetische bevindingen. Differentiaaldiagnostiek en indicatiestelling voor DNA-diagnostiek verlopen doorgaans via zorgprofessionals. Bespreek vragen met de huisarts; zo nodig volgt verwijzing naar een klinisch geneticus.,Bespreek je vraag met je huisarts. Vraag zo nodig om een verwijzing naar de klinische genetica.,Deze informatie is algemeen en is geen diagnose of persoonlijk medisch advies. Bespreek klachten of zorgen altijd met een arts.,penetrantie|fenotype|etiologie|differentiaaldiagnostiek|indicatiestelling,11.0,5.545454545454546,22,2,13.0,7.115384615384615,52,4,8.818181818181818,10.646153846153846
J,Job syndroom,https://www.erfelijkheid.nl/ziektes/job-syndroom,job-syndroom,job-syndroom,https://www.erfocentrum.nl/,Aanleg en ontwikkeling,job syn|job syndroom|jobsyndroom,Bij Job syndroom spelen genen een rol. Deze pagina helpt je om snel te vinden: is het erfelijk en wat is een logische volgende stap.,"Job syndroom betreft een genetisch bepaalde aandoening waarbij varianten in een of meerdere genen kunnen leiden tot klinische verschijnselen. De overerving kan autosomaal dominant, autosomaal recessief of X-gebonden zijn, afhankelijk van het onderliggende mechanisme. Diagnostiek kan bestaan uit moleculair-genetisch onderzoek en/of chromosoomanalyse. Voor counseling en interpretatie van uitslagen kan verwijzing naar de klinische genetica passend zijn.",Maak een afspraak bij de huisarts om je familiegeschiedenis te bespreken. Een klinisch geneticus kan uitleg geven over erfelijkheid.,Deze informatie is algemeen en is geen diagnose of persoonlijk medisch advies. Bespreek klachten of zorgen altijd met een arts.,autosomaal|recessief|dominant|x-gebonden|moleculair|chromosoomanalyse|counseling,12.5,4.2,25,2,14.75,6.610169491525424,59,4,9.18,11.49406779661017
J,Joubert syndroom,https://www.erfelijkheid.nl/ziektes/joubert-syndroom,joubert-syndroom,joubert-syndroom,https://www.erfocentrum.nl/,Aanleg en ontwikkeling,joubert syn|joubert syndroom|joubertsyndroom,Bij Joubert syndroom spelen genen een rol. Deze pagina helpt je om snel te vinden: is het erfelijk en wat is een logische volgende stap.,"Joubert syndroom betreft een genetisch bepaalde aandoening waarbij varianten in een of meerdere genen kunnen leiden tot klinische verschijnselen. De overerving kan autosomaal dominant, autosomaal recessief of X-gebonden zijn, afhankelijk van het onderliggende mechanisme. Diagnostiek kan bestaan uit moleculair-genetisch onderzoek en/of chromosoomanalyse. Voor counseling en interpretatie van uitslagen kan verwijzing naar de klinische genetica passend zijn.",Maak een afspraak bij de huisarts om je familiegeschiedenis te bespreken. Een klinisch geneticus kan uitleg geven over erfelijkheid.,Deze informatie is algemeen en is geen diagnose of persoonlijk medisch advies. Bespreek klachten of zorgen altijd met een arts.,autosomaal|recessief|dominant|x-gebonden|moleculair|chromosoomanalyse|counseling,12.5,4.36,25,2,14.75,6.677966101694915,59,4,9.244,11.521186440677965
J,Juveniele polyposis syndroom,https://www.erfelijkheid.nl/ziektes/juveniele-polyposis-syndroom,juveniele-polyposis-syndroom,juveniele-polyposis-syndroom,https://www.erfocentrum.nl/,Aanleg en ontwikkeling,juveniele polyposis syn|juveniele polyposis syndroom|juvenielepolyposissyndroom,Bij Juveniele polyposis syndroom spelen genen een rol. Deze pagina helpt je om snel te vinden: is het erfelijk en wat is een logische volgende stap.,Juveniele polyposis syndroom wordt in de literatuur beschreven als een genetische aandoening met heterogene etiologie. Fenotype-expressie en penetrantie kunnen variëren; risico-inschatting hangt af van familieanamnese en genetische bevindingen. Differentiaaldiagnostiek en indicatiestelling voor DNA-diagnostiek verlopen doorgaans via zorgprofessionals. Bespreek vragen met de huisarts; zo nodig volgt verwijzing naar een klinisch geneticus.,Maak een afspraak bij de huisarts om je familiegeschiedenis te bespreken. Een klinisch geneticus kan uitleg geven over erfelijkheid.,Deze informatie is algemeen en is geen diagnose of persoonlijk medisch advies. Bespreek klachten of zorgen altijd met een arts.,penetrantie|fenotype|etiologie|differentiaaldiagnostiek|indicatiestelling,13.0,4.615384615384615,26,2,13.25,7.226415094339623,53,4,9.646153846153846,10.840566037735849
K,Kabuki syndroom,https://www.erfelijkheid.nl/ziektes/kabuki-syndroom,kabuki-syndroom,kabuki-syndroom,https://www.erfocentrum.nl/,Aanleg en ontwikkeling,kabuki syn|kabuki syndroom|kabukisyndroom,Bij Kabuki syndroom spelen genen een rol. Deze pagina helpt je om snel te vinden: is het erfelijk en wat is een logische volgende stap.,Kabuki syndroom wordt in de literatuur beschreven als een genetische aandoening met heterogene etiologie. Fenotype-expressie en penetrantie kunnen variëren; risico-inschatting hangt af van familieanamnese en genetische bevindingen. Differentiaaldiagnostiek en indicatiestelling voor DNA-diagnostiek verlopen doorgaans via zorgprofessionals. Bespreek vragen met de huisarts; zo nodig volgt verwijzing naar een klinisch geneticus.,Bespreek je vraag met je huisarts. Vraag zo nodig om een verwijzing naar de klinische genetica.,Deze informatie is algemeen en is geen diagnose of persoonlijk medisch advies. Bespreek klachten of zorgen altijd met een arts.,penetrantie|fenotype|etiologie|differentiaaldiagnostiek|indicatiestelling,12.5,4.32,25,2,13.0,7.134615384615385,52,4,9.228,10.653846153846153
K,Kallmann syndroom,https://www.erfelijkheid.nl/ziektes/kallmann-syndroom,kallmann-syndroom,kallmann-syndroom,https://www.erfocentrum.nl/,Aanleg en ontwikkeling,kallmann syn|kallmann syndroom|kallmannsyndroom,Bij Kallmann syndroom spelen genen een rol. Deze pagina helpt je om snel te vinden: is het erfelijk en wat is een logische volgende stap.,Kallmann syndroom wordt in de literatuur beschreven als een genetische aandoening met heterogene etiologie. Fenotype-expressie en penetrantie kunnen variëren; risico-inschatting hangt af van familieanamnese en genetische bevindingen. Differentiaaldiagnostiek en indicatiestelling voor DNA-diagnostiek verlopen doorgaans via zorgprofessionals. Bespreek vragen met de huisarts; zo nodig volgt verwijzing naar een klinisch geneticus.,Maak een afspraak bij de huisarts om je familiegeschiedenis te bespreken. Een klinisch geneticus kan uitleg geven over erfelijkheid.,Deze informatie is algemeen en is geen diagnose of persoonlijk medisch advies. Bespreek klachten of zorgen altijd met een arts.,penetrantie|fenotype|etiologie|differentiaaldiagnostiek|indicatiestelling,12.5,4.4,25,2,13.0,7.173076923076923,52,4,9.26,10.669230769230769
K,Kartagener syndroom,https://www.erfelijkheid.nl/ziektes/primaire-ciliaire-dyskinesie-pcd,primaire-ciliaire-dyskinesie-pcd,primaire-ciliaire-dyskinesie-pcd,https://www.erfocentrum.nl/,Aanleg en ontwikkeling,kartagener syn|kartagener syndroom|kartagenersyndroom|primaire ciliaire dyskinesie pcd,Kartagener syndroom is een zeldzame erfelijke aandoening. Hier lees je in eenvoudige woorden de belangrijkste punten en waar je terechtkunt voor hulp.,"Kartagener syndroom betreft een genetisch bepaalde aandoening waarbij varianten in een of meerdere genen kunnen leiden tot klinische verschijnselen. De overerving kan autosomaal dominant, autosomaal recessief of X-gebonden zijn, afhankelijk van het onderliggende mechanisme. Diagnostiek kan bestaan uit moleculair-genetisch onderzoek en/of chromosoomanalyse. Voor counseling en interpretatie van uitslagen kan verwijzing naar de klinische genetica passend zijn.",Bespreek je vraag met je huisarts. Vraag zo nodig om een verwijzing naar de klinische genetica.,Deze informatie is algemeen en is geen diagnose of persoonlijk medisch advies. Bespreek klachten of zorgen altijd met een arts.,autosomaal|recessief|dominant|x-gebonden|moleculair|chromosoomanalyse|counseling,11.0,5.7727272727272725,22,2,14.75,6.728813559322034,59,4,8.909090909090908,11.541525423728814
K,KAT6A syndroom,https://www.erfelijkheid.nl/ziektes/kat6a-syndroom,kat6a-syndroom,kat6a-syndroom,https://www.erfocentrum.nl/,Aanleg en ontwikkeling,kat 6a syndroom|kat6 a syndroom|kat6a syn|kat6a syndroom|kat6asyndroom,"KAT6A syndroom is een erfelijke aandoening. Op deze pagina vind je wat het is, of het in families voorkomt en wat je kunt doen als je vragen hebt.","KAT6A syndroom betreft een genetisch bepaalde aandoening waarbij varianten in een of meerdere genen kunnen leiden tot klinische verschijnselen. De overerving kan autosomaal dominant, autosomaal recessief of X-gebonden zijn, afhankelijk van het onderliggende mechanisme. Diagnostiek kan bestaan uit moleculair-genetisch onderzoek en/of chromosoomanalyse. Voor counseling en interpretatie van uitslagen kan verwijzing naar de klinische genetica passend zijn.",Maak een afspraak bij de huisarts om je familiegeschiedenis te bespreken. Een klinisch geneticus kan uitleg geven over erfelijkheid.,Deze informatie is algemeen en is geen diagnose of persoonlijk medisch advies. Bespreek klachten of zorgen altijd met een arts.,autosomaal|recessief|dominant|x-gebonden|moleculair|chromosoomanalyse|counseling,14.0,4.142857142857143,28,2,14.75,6.6440677966101696,59,4,10.057142857142857,11.507627118644068
K,Katwijkse ziekte,https://www.erfelijkheid.nl/ziektes/katwijkse-ziekte,katwijkse-ziekte,katwijkse-ziekte,https://www.erfocentrum.nl/,Aanleg en ontwikkeling,katwijkse ziekte|katwijkseziekte,"Katwijkse ziekte is een erfelijke aandoening. Op deze pagina vind je wat het is, of het in families voorkomt en wat je kunt doen als je vragen hebt.",Katwijkse ziekte wordt in de literatuur beschreven als een genetische aandoening met heterogene etiologie. Fenotype-expressie en penetrantie kunnen variëren; risico-inschatting hangt af van familieanamnese en genetische bevindingen. Differentiaaldiagnostiek en indicatiestelling voor DNA-diagnostiek verlopen doorgaans via zorgprofessionals. Bespreek vragen met de huisarts; zo nodig volgt verwijzing naar een klinisch geneticus.,Bespreek je vraag met je huisarts. Vraag zo nodig om een verwijzing naar de klinische genetica.,Deze informatie is algemeen en is geen diagnose of persoonlijk medisch advies. Bespreek klachten of zorgen altijd met een arts.,penetrantie|fenotype|etiologie|differentiaaldiagnostiek|indicatiestelling,14.0,4.214285714285714,28,2,13.0,7.153846153846154,52,4,10.085714285714285,10.661538461538463
K,KBG syndroom,https://www.erfelijkheid.nl/ziektes/kbg-syndroom,kbg-syndroom,kbg-syndroom,https://www.erfocentrum.nl/,Aanleg en ontwikkeling,kbg syn|kbg syndroom|kbgsyndroom,KBG syndroom is een zeldzame erfelijke aandoening. Hier lees je in eenvoudige woorden de belangrijkste punten en waar je terechtkunt voor hulp.,"KBG syndroom betreft een genetisch bepaalde aandoening waarbij varianten in een of meerdere genen kunnen leiden tot klinische verschijnselen. De overerving kan autosomaal dominant, autosomaal recessief of X-gebonden zijn, afhankelijk van het onderliggende mechanisme. Diagnostiek kan bestaan uit moleculair-genetisch onderzoek en/of chromosoomanalyse. Voor counseling en interpretatie van uitslagen kan verwijzing naar de klinische genetica passend zijn.",Bespreek je vraag met je huisarts. Vraag zo nodig om een verwijzing naar de klinische genetica.,Deze informatie is algemeen en is geen diagnose of persoonlijk medisch advies. Bespreek klachten of zorgen altijd met een arts.,autosomaal|recessief|dominant|x-gebonden|moleculair|chromosoomanalyse|counseling,11.0,5.454545454545454,22,2,14.75,6.610169491525424,59,4,8.781818181818181,11.49406779661017
K,Keipert syndroom,https://www.erfelijkheid.nl/ziektes/keipert-syndroom,keipert-syndroom,keipert-syndroom,https://www.erfocentrum.nl/,Aanleg en ontwikkeling,keipert syn|keipert syndroom|keipertsyndroom,"Keipert syndroom is een erfelijke aandoening. Op deze pagina vind je wat het is, of het in families voorkomt en wat je kunt doen als je vragen hebt.",Keipert syndroom wordt in de literatuur beschreven als een genetische aandoening met heterogene etiologie. Fenotype-expressie en penetrantie kunnen variëren; risico-inschatting hangt af van familieanamnese en genetische bevindingen. Differentiaaldiagnostiek en indicatiestelling voor DNA-diagnostiek verlopen doorgaans via zorgprofessionals. Bespreek vragen met de huisarts; zo nodig volgt verwijzing naar een klinisch geneticus.,Maak een afspraak bij de huisarts om je familiegeschiedenis te bespreken. Een klinisch geneticus kan uitleg geven over erfelijkheid.,Deze informatie is algemeen en is geen diagnose of persoonlijk medisch advies. Bespreek klachten of zorgen altijd met een arts.,penetrantie|fenotype|etiologie|differentiaaldiagnostiek|indicatiestelling,14.0,4.214285714285714,28,2,13.0,7.153846153846154,52,4,10.085714285714285,10.661538461538463
K,KIF11 syndroom,https://www.erfelijkheid.nl/ziektes/kif11-syndroom,kif11-syndroom,kif11-syndroom,https://www.erfocentrum.nl/,Aanleg en ontwikkeling,kif 11 syndroom|kif11 syn|kif11 syndroom|kif11syndroom,"KIF11 syndroom is een erfelijke aandoening. Op deze pagina vind je wat het is, of het in families voorkomt en wat je kunt doen als je vragen hebt.",KIF11 syndroom wordt in de literatuur beschreven als een genetische aandoening met heterogene etiologie. Fenotype-expressie en penetrantie kunnen variëren; risico-inschatting hangt af van familieanamnese en genetische bevindingen. Differentiaaldiagnostiek en indicatiestelling voor DNA-diagnostiek verlopen doorgaans via zorgprofessionals. Bespreek vragen met de huisarts; zo nodig volgt verwijzing naar een klinisch geneticus.,Bespreek je vraag met je huisarts. Vraag zo nodig om een verwijzing naar de klinische genetica.,Deze informatie is algemeen en is geen diagnose of persoonlijk medisch advies. Bespreek klachten of zorgen altijd met een arts.,penetrantie|fenotype|etiologie|differentiaaldiagnostiek|indicatiestelling,14.0,4.142857142857143,28,2,13.0,7.115384615384615,52,4,10.057142857142857,10.646153846153846
K,Kleefstra syndroom,https://www.erfelijkheid.nl/ziektes/kleefstra-syndroom,kleefstra-syndroom,kleefstra-syndroom,https://www.erfocentrum.nl/,Aanleg en ontwikkeling,kleefstra syn|kleefstra syndroom|kleefstrasyndroom,Bij Kleefstra syndroom spelen genen een rol. Deze pagina helpt je om snel te vinden: is het erfelijk en wat is een logische volgende stap.,Kleefstra syndroom wordt in de literatuur beschreven als een genetische aandoening met heterogene etiologie. Fenotype-expressie en penetrantie kunnen variëren; risico-inschatting hangt af van familieanamnese en genetische bevindingen. Differentiaaldiagnostiek en indicatiestelling voor DNA-diagnostiek verlopen doorgaans via zorgprofessionals. Bespreek vragen met de huisarts; zo nodig volgt verwijzing naar een klinisch geneticus.,Bespreek je vraag met je huisarts. Vraag zo nodig om een verwijzing naar de klinische genetica.,Deze informatie is algemeen en is geen diagnose of persoonlijk medisch advies. Bespreek klachten of zorgen altijd met een arts.,penetrantie|fenotype|etiologie|differentiaaldiagnostiek|indicatiestelling,12.5,4.44,25,2,13.0,7.1923076923076925,52,4,9.276,10.676923076923078
K,Kleurenblindheid,https://www.erfelijkheid.nl/ziektes/kleurenblindheid,kleurenblindheid,kleurenblindheid,https://www.erfocentrum.nl/,Aanleg en ontwikkeling,kleurenblindheid,Bij Kleurenblindheid spelen genen een rol. Deze pagina helpt je om snel te vinden: is het erfelijk en wat is een logische volgende stap.,"Kleurenblindheid betreft een genetisch bepaalde aandoening waarbij varianten in een of meerdere genen kunnen leiden tot klinische verschijnselen. De overerving kan autosomaal dominant, autosomaal recessief of X-gebonden zijn, afhankelijk van het onderliggende mechanisme. Diagnostiek kan bestaan uit moleculair-genetisch onderzoek en/of chromosoomanalyse. Voor counseling en interpretatie van uitslagen kan verwijzing naar de klinische genetica passend zijn.",Maak een afspraak bij de huisarts om je familiegeschiedenis te bespreken. Een klinisch geneticus kan uitleg geven over erfelijkheid.,Deze informatie is algemeen en is geen diagnose of persoonlijk medisch advies. Bespreek klachten of zorgen altijd met een arts.,autosomaal|recessief|dominant|x-gebonden|moleculair|chromosoomanalyse|counseling,12.0,4.583333333333333,24,2,14.5,6.810344827586207,58,4,9.033333333333333,11.424137931034483
K,Klinefelter syndroom,https://www.erfelijkheid.nl/ziektes/klinefelter-syndroom,klinefelter-syndroom,klinefelter-syndroom,https://www.erfocentrum.nl/,Aanleg en ontwikkeling,klinefelter syn|klinefelter syndroom|klinefeltersyndroom,Bij Klinefelter syndroom spelen genen een rol. Deze pagina helpt je om snel te vinden: is het erfelijk en wat is een logische volgende stap.,"Klinefelter syndroom betreft een genetisch bepaalde aandoening waarbij varianten in een of meerdere genen kunnen leiden tot klinische verschijnselen. De overerving kan autosomaal dominant, autosomaal recessief of X-gebonden zijn, afhankelijk van het onderliggende mechanisme. Diagnostiek kan bestaan uit moleculair-genetisch onderzoek en/of chromosoomanalyse. Voor counseling en interpretatie van uitslagen kan verwijzing naar de klinische genetica passend zijn.",Maak een afspraak bij de huisarts om je familiegeschiedenis te bespreken. Een klinisch geneticus kan uitleg geven over erfelijkheid.,Deze informatie is algemeen en is geen diagnose of persoonlijk medisch advies. Bespreek klachten of zorgen altijd met een arts.,autosomaal|recessief|dominant|x-gebonden|moleculair|chromosoomanalyse|counseling,12.5,4.52,25,2,14.75,6.745762711864407,59,4,9.308,11.548305084745763
K,Klippel-Feil syndroom,https://www.erfelijkheid.nl/ziektes/klippel-feil-syndroom,klippel-feil-syndroom,klippel-feil-syndroom,https://www.erfocentrum.nl/,Aanleg en ontwikkeling,klippel feil syndroom|klippel-feil syn|klippel-feil syndroom|klippel-feilsyndroom,"Klippel-Feil syndroom is een erfelijke aandoening. Op deze pagina vind je wat het is, of het in families voorkomt en wat je kunt doen als je vragen hebt.","Klippel-Feil syndroom betreft een genetisch bepaalde aandoening waarbij varianten in een of meerdere genen kunnen leiden tot klinische verschijnselen. De overerving kan autosomaal dominant, autosomaal recessief of X-gebonden zijn, afhankelijk van het onderliggende mechanisme. Diagnostiek kan bestaan uit moleculair-genetisch onderzoek en/of chromosoomanalyse. Voor counseling en interpretatie van uitslagen kan verwijzing naar de klinische genetica passend zijn.",Bespreek je vraag met je huisarts. Vraag zo nodig om een verwijzing naar de klinische genetica.,Deze informatie is algemeen en is geen diagnose of persoonlijk medisch advies. Bespreek klachten of zorgen altijd met een arts.,autosomaal|recessief|dominant|x-gebonden|moleculair|chromosoomanalyse|counseling,14.5,4.206896551724138,29,2,15.0,6.633333333333334,60,4,10.382758620689655,11.653333333333334
K,Klippel-Trenaunay-Weber syndroom,https://www.erfelijkheid.nl/ziektes/klippel-trenaunay-weber-syndroom,klippel-trenaunay-weber-syndroom,klippel-trenaunay-weber-syndroom,https://www.erfocentrum.nl/,Aanleg en ontwikkeling,klippel trenaunay weber syndroom|klippel-trenaunay-weber syn|klippel-trenaunay-weber syndroom|klippel-trenaunay-webersyndroom,Bij Klippel-Trenaunay-Weber syndroom spelen genen een rol. Deze pagina helpt je om snel te vinden: is het erfelijk en wat is een logische volgende stap.,"Klippel-Trenaunay-Weber syndroom betreft een genetisch bepaalde aandoening waarbij varianten in een of meerdere genen kunnen leiden tot klinische verschijnselen. De overerving kan autosomaal dominant, autosomaal recessief of X-gebonden zijn, afhankelijk van het onderliggende mechanisme. Diagnostiek kan bestaan uit moleculair-genetisch onderzoek en/of chromosoomanalyse. Voor counseling en interpretatie van uitslagen kan verwijzing naar de klinische genetica passend zijn.",Maak een afspraak bij de huisarts om je familiegeschiedenis te bespreken. Een klinisch geneticus kan uitleg geven over erfelijkheid.,Deze informatie is algemeen en is geen diagnose of persoonlijk medisch advies. Bespreek klachten of zorgen altijd met een arts.,autosomaal|recessief|dominant|x-gebonden|moleculair|chromosoomanalyse|counseling,13.5,4.555555555555555,27,2,15.25,6.688524590163935,61,4,9.922222222222222,11.825409836065575
K,Klompvoet,https://www.erfelijkheid.nl/ziektes/klompvoet,klompvoet,klompvoet,https://www.erfocentrum.nl/,Aanleg en ontwikkeling,klompvoet,Klompvoet is een zeldzame erfelijke aandoening. Hier lees je in eenvoudige woorden de belangrijkste punten en waar je terechtkunt voor hulp.,Klompvoet wordt in de literatuur beschreven als een genetische aandoening met heterogene etiologie. Fenotype-expressie en penetrantie kunnen variëren; risico-inschatting hangt af van familieanamnese en genetische bevindingen. Differentiaaldiagnostiek en indicatiestelling voor DNA-diagnostiek verlopen doorgaans via zorgprofessionals. Bespreek vragen met de huisarts; zo nodig volgt verwijzing naar een klinisch geneticus.,Maak een afspraak bij de huisarts om je familiegeschiedenis te bespreken. Een klinisch geneticus kan uitleg geven over erfelijkheid.,Deze informatie is algemeen en is geen diagnose of persoonlijk medisch advies. Bespreek klachten of zorgen altijd met een arts.,penetrantie|fenotype|etiologie|differentiaaldiagnostiek|indicatiestelling,10.5,5.619047619047619,21,2,12.75,7.176470588235294,51,4,8.547619047619047,10.520588235294117
K,Koolen-de Vries syndroom,https://www.erfelijkheid.nl/ziektes/koolen-de-vries-syndroom,koolen-de-vries-syndroom,koolen-de-vries-syndroom,https://www.erfocentrum.nl/,Aanleg en ontwikkeling,koolen de vries syndroom|koolen-de vries syn|koolen-de vries syndroom|koolen-devriessyndroom,"Koolen-de Vries syndroom is een erfelijke aandoening. Op deze pagina vind je wat het is, of het in families voorkomt en wat je kunt doen als je vragen hebt.","Koolen-de Vries syndroom betreft een genetisch bepaalde aandoening waarbij varianten in een of meerdere genen kunnen leiden tot klinische verschijnselen. De overerving kan autosomaal dominant, autosomaal recessief of X-gebonden zijn, afhankelijk van het onderliggende mechanisme. Diagnostiek kan bestaan uit moleculair-genetisch onderzoek en/of chromosoomanalyse. Voor counseling en interpretatie van uitslagen kan verwijzing naar de klinische genetica passend zijn.",Bespreek je vraag met je huisarts. Vraag zo nodig om een verwijzing naar de klinische genetica.,Deze informatie is algemeen en is geen diagnose of persoonlijk medisch advies. Bespreek klachten of zorgen altijd met een arts.,autosomaal|recessief|dominant|x-gebonden|moleculair|chromosoomanalyse|counseling,15.0,4.133333333333334,30,2,15.25,6.557377049180328,61,4,10.653333333333334,11.772950819672133
K,Korte rib polydactylie syndroom,https://www.erfelijkheid.nl/ziektes/korte-rib-polydactylie-syndroom,korte-rib-polydactylie-syndroom,korte-rib-polydactylie-syndroom,https://www.erfocentrum.nl/,Aanleg en ontwikkeling,korte rib polydactylie syn|korte rib polydactylie syndroom|korteribpolydactyliesyndroom,"Korte rib polydactylie syndroom is een erfelijke aandoening. Op deze pagina vind je wat het is, of het in families voorkomt en wat je kunt doen als je vragen hebt.",Korte rib polydactylie syndroom wordt in de literatuur beschreven als een genetische aandoening met heterogene etiologie. Fenotype-expressie en penetrantie kunnen variëren; risico-inschatting hangt af van familieanamnese en genetische bevindingen. Differentiaaldiagnostiek en indicatiestelling voor DNA-diagnostiek verlopen doorgaans via zorgprofessionals. Bespreek vragen met de huisarts; zo nodig volgt verwijzing naar een klinisch geneticus.,Bespreek je vraag met je huisarts. Vraag zo nodig om een verwijzing naar de klinische genetica.,Deze informatie is algemeen en is geen diagnose of persoonlijk medisch advies. Bespreek klachten of zorgen altijd met een arts.,penetrantie|fenotype|etiologie|differentiaaldiagnostiek|indicatiestelling,15.0,4.366666666666666,30,2,13.5,7.12962962962963,54,4,10.746666666666666,10.951851851851853
L,Lactose-intolerantie,https://www.erfelijkheid.nl/ziektes/lactose-intolerantie,lactose-intolerantie,lactose-intolerantie,https://www.erfocentrum.nl/,Aanleg en ontwikkeling,lactose intolerantie|lactose-intolerantie,Bij Lactose-intolerantie spelen genen een rol. Deze pagina helpt je om snel te vinden: is het erfelijk en wat is een logische volgende stap.,"Lactose-intolerantie betreft een genetisch bepaalde aandoening waarbij varianten in een of meerdere genen kunnen leiden tot klinische verschijnselen. De overerving kan autosomaal dominant, autosomaal recessief of X-gebonden zijn, afhankelijk van het onderliggende mechanisme. Diagnostiek kan bestaan uit moleculair-genetisch onderzoek en/of chromosoomanalyse. Voor counseling en interpretatie van uitslagen kan verwijzing naar de klinische genetica passend zijn.",Bespreek je vraag met je huisarts. Vraag zo nodig om een verwijzing naar de klinische genetica.,Deze informatie is algemeen en is geen diagnose of persoonlijk medisch advies. Bespreek klachten of zorgen altijd met een arts.,autosomaal|recessief|dominant|x-gebonden|moleculair|chromosoomanalyse|counseling,12.5,4.52,25,2,14.75,6.745762711864407,59,4,9.308,11.548305084745763
L,Lange QT-tijd syndroom (LQTS),https://www.erfelijkheid.nl/ziektes/lange-qt-tijd-syndroom-lqts,lange-qt-tijd-syndroom-lqts,lange-qt-tijd-syndroom-lqts,https://www.erfocentrum.nl/,Aanleg en ontwikkeling,lange qt tijd syndroom lqts|lange qt-tijd syn lqts|lange qt-tijd syndroom lqts|langeqt-tijdsyndroomlqts,Lange QT-tijd syndroom (LQTS) is een zeldzame erfelijke aandoening. Hier lees je in eenvoudige woorden de belangrijkste punten en waar je terechtkunt voor hulp.,"Lange QT-tijd syndroom (LQTS) betreft een genetisch bepaalde aandoening waarbij varianten in een of meerdere genen kunnen leiden tot klinische verschijnselen. De overerving kan autosomaal dominant, autosomaal recessief of X-gebonden zijn, afhankelijk van het onderliggende mechanisme. Diagnostiek kan bestaan uit moleculair-genetisch onderzoek en/of chromosoomanalyse. Voor counseling en interpretatie van uitslagen kan verwijzing naar de klinische genetica passend zijn.",Maak een afspraak bij de huisarts om je familiegeschiedenis te bespreken. Een klinisch geneticus kan uitleg geven over erfelijkheid.,Deze informatie is algemeen en is geen diagnose of persoonlijk medisch advies. Bespreek klachten of zorgen altijd met een arts.,autosomaal|recessief|dominant|x-gebonden|moleculair|chromosoomanalyse|counseling,12.5,5.28,25,2,15.5,6.483870967741935,62,4,9.612,11.893548387096773
L,Langer-Giedion syndroom,https://www.erfelijkheid.nl/ziektes/langer-giedion-syndroom,langer-giedion-syndroom,langer-giedion-syndroom,https://www.erfocentrum.nl/,Aanleg en ontwikkeling,langer giedion syndroom|langer-giedion syn|langer-giedion syndroom|langer-giedionsyndroom,Bij Langer-Giedion syndroom spelen genen een rol. Deze pagina helpt je om snel te vinden: is het erfelijk en wat is een logische volgende stap.,"Langer-Giedion syndroom betreft een genetisch bepaalde aandoening waarbij varianten in een of meerdere genen kunnen leiden tot klinische verschijnselen. De overerving kan autosomaal dominant, autosomaal recessief of X-gebonden zijn, afhankelijk van het onderliggende mechanisme. Diagnostiek kan bestaan uit moleculair-genetisch onderzoek en/of chromosoomanalyse. Voor counseling en interpretatie van uitslagen kan verwijzing naar de klinische genetica passend zijn.",Bespreek je vraag met je huisarts. Vraag zo nodig om een verwijzing naar de klinische genetica.,Deze informatie is algemeen en is geen diagnose of persoonlijk medisch advies. Bespreek klachten of zorgen altijd met een arts.,autosomaal|recessief|dominant|x-gebonden|moleculair|chromosoomanalyse|counseling,13.0,4.423076923076923,26,2,15.0,6.666666666666667,60,4,9.569230769230769,11.666666666666668
L,Laron syndroom,https://www.erfelijkheid.nl/ziektes/laron-syndroom,laron-syndroom,laron-syndroom,https://www.erfocentrum.nl/,Aanleg en ontwikkeling,laron syn|laron syndroom|laronsyndroom,Bij Laron syndroom spelen genen een rol. Deze pagina helpt je om snel te vinden: is het erfelijk en wat is een logische volgende stap.,Laron syndroom wordt in de literatuur beschreven als een genetische aandoening met heterogene etiologie. Fenotype-expressie en penetrantie kunnen variëren; risico-inschatting hangt af van familieanamnese en genetische bevindingen. Differentiaaldiagnostiek en indicatiestelling voor DNA-diagnostiek verlopen doorgaans via zorgprofessionals. Bespreek vragen met de huisarts; zo nodig volgt verwijzing naar een klinisch geneticus.,Maak een afspraak bij de huisarts om je familiegeschiedenis te bespreken. Een klinisch geneticus kan uitleg geven over erfelijkheid.,Deze informatie is algemeen en is geen diagnose of persoonlijk medisch advies. Bespreek klachten of zorgen altijd met een arts.,penetrantie|fenotype|etiologie|differentiaaldiagnostiek|indicatiestelling,12.5,4.28,25,2,13.0,7.115384615384615,52,4,9.212,10.646153846153846
L,Latent auto-immune diabetes in adults (LADA),https://www.erfelijkheid.nl/ziektes/latent-auto-immune-diabetes-adults-lada,latent-auto-immune-diabetes-adults-lada,latent-auto-immune-diabetes-adults-lada,https://www.erfocentrum.nl/,Aanleg en ontwikkeling,latent auto immune diabetes adults lada|latent auto immune diabetes in adults lada|latent auto-immune diabetes in adults lada|latentauto-immunediabetesinadultslada,"Latent auto-immune diabetes in adults (LADA) is een erfelijke aandoening. Op deze pagina vind je wat het is, of het in families voorkomt en wat je kunt doen als je vragen hebt.","Latent auto-immune diabetes in adults (LADA) betreft een genetisch bepaalde aandoening waarbij varianten in een of meerdere genen kunnen leiden tot klinische verschijnselen. De overerving kan autosomaal dominant, autosomaal recessief of X-gebonden zijn, afhankelijk van het onderliggende mechanisme. Diagnostiek kan bestaan uit moleculair-genetisch onderzoek en/of chromosoomanalyse. Voor counseling en interpretatie van uitslagen kan verwijzing naar de klinische genetica passend zijn.",Bespreek je vraag met je huisarts. Vraag zo nodig om een verwijzing naar de klinische genetica.,Deze informatie is algemeen en is geen diagnose of persoonlijk medisch advies. Bespreek klachten of zorgen altijd met een arts.,autosomaal|recessief|dominant|x-gebonden|moleculair|chromosoomanalyse|counseling,16.5,4.212121212121212,33,2,16.0,6.484375,64,4,11.584848484848486,12.19375
L,LCHADD,https://www.erfelijkheid.nl/content/lchadd,lchadd,lchadd,https://www.erfocentrum.nl/,Aanleg en ontwikkeling,lchadd,"LCHADD is een erfelijke aandoening. Op deze pagina vind je wat het is, of het in families voorkomt en wat je kunt doen als je vragen hebt.","LCHADD betreft een genetisch bepaalde aandoening waarbij varianten in een of meerdere genen kunnen leiden tot klinische verschijnselen. De overerving kan autosomaal dominant, autosomaal recessief of X-gebonden zijn, afhankelijk van het onderliggende mechanisme. Diagnostiek kan bestaan uit moleculair-genetisch onderzoek en/of chromosoomanalyse. Voor counseling en interpretatie van uitslagen kan verwijzing naar de klinische genetica passend zijn.",Bespreek je vraag met je huisarts. Vraag zo nodig om een verwijzing naar de klinische genetica.,Deze informatie is algemeen en is geen diagnose of persoonlijk medisch advies. Bespreek klachten of zorgen altijd met een arts.,autosomaal|recessief|dominant|x-gebonden|moleculair|chromosoomanalyse|counseling,13.5,4.037037037037037,27,2,14.5,6.637931034482759,58,4,9.714814814814815,11.355172413793102
L,Leber’s opticusatrofie,https://www.erfelijkheid.nl/ziektes/lebers-opticusatrofie,lebers-opticusatrofie,lebers-opticusatrofie,https://www.erfocentrum.nl/,Aanleg en ontwikkeling,leber s opticusatrofie|lebers opticusatrofie|lebersopticusatrofie,Bij Leber’s opticusatrofie spelen genen een rol. Deze pagina helpt je om snel te vinden: is het erfelijk en wat is een logische volgende stap.,Leber’s opticusatrofie wordt in de literatuur beschreven als een genetische aandoening met heterogene etiologie. Fenotype-expressie en penetrantie kunnen variëren; risico-inschatting hangt af van familieanamnese en genetische bevindingen. Differentiaaldiagnostiek en indicatiestelling voor DNA-diagnostiek verlopen doorgaans via zorgprofessionals. Bespreek vragen met de huisarts; zo nodig volgt verwijzing naar een klinisch geneticus.,Bespreek je vraag met je huisarts. Vraag zo nodig om een verwijzing naar de klinische genetica.,Deze informatie is algemeen en is geen diagnose of persoonlijk medisch advies. Bespreek klachten of zorgen altijd met een arts.,penetrantie|fenotype|etiologie|differentiaaldiagnostiek|indicatiestelling,13.0,4.384615384615385,26,2,13.25,7.113207547169812,53,4,9.553846153846154,10.795283018867924
L,Legius syndroom,https://www.erfelijkheid.nl/ziektes/legius-syndroom,legius-syndroom,legius-syndroom,https://www.erfocentrum.nl/,Aanleg en ontwikkeling,legius syn|legius syndroom|legiussyndroom,"Legius syndroom is een erfelijke aandoening. Op deze pagina vind je wat het is, of het in families voorkomt en wat je kunt doen als je vragen hebt.",Legius syndroom wordt in de literatuur beschreven als een genetische aandoening met heterogene etiologie. Fenotype-expressie en penetrantie kunnen variëren; risico-inschatting hangt af van familieanamnese en genetische bevindingen. Differentiaaldiagnostiek en indicatiestelling voor DNA-diagnostiek verlopen doorgaans via zorgprofessionals. Bespreek vragen met de huisarts; zo nodig volgt verwijzing naar een klinisch geneticus.,Bespreek je vraag met je huisarts. Vraag zo nodig om een verwijzing naar de klinische genetica.,Deze informatie is algemeen en is geen diagnose of persoonlijk medisch advies. Bespreek klachten of zorgen altijd met een arts.,penetrantie|fenotype|etiologie|differentiaaldiagnostiek|indicatiestelling,14.0,4.178571428571429,28,2,13.0,7.134615384615385,52,4,10.071428571428573,10.653846153846153
L,LEOPARD syndroom,https://www.erfelijkheid.nl/ziektes/noonan-syndroom-met-multiple-lentigines,noonan-syndroom-met-multiple-lentigines,noonan-syndroom-met-multiple-lentigines,https://www.erfocentrum.nl/,Aanleg en ontwikkeling,leopard syn|leopard syndroom|leopardsyndroom|noonan syndroom met multiple lentigines,"LEOPARD syndroom is een erfelijke aandoening. Op deze pagina vind je wat het is, of het in families voorkomt en wat je kunt doen als je vragen hebt.",LEOPARD syndroom wordt in de literatuur beschreven als een genetische aandoening met heterogene etiologie. Fenotype-expressie en penetrantie kunnen variëren; risico-inschatting hangt af van familieanamnese en genetische bevindingen. Differentiaaldiagnostiek en indicatiestelling voor DNA-diagnostiek verlopen doorgaans via zorgprofessionals. Bespreek vragen met de huisarts; zo nodig volgt verwijzing naar een klinisch geneticus.,Maak een afspraak bij de huisarts om je familiegeschiedenis te bespreken. Een klinisch geneticus kan uitleg geven over erfelijkheid.,Deze informatie is algemeen en is geen diagnose of persoonlijk medisch advies. Bespreek klachten of zorgen altijd met een arts.,penetrantie|fenotype|etiologie|differentiaaldiagnostiek|indicatiestelling,14.0,4.214285714285714,28,2,13.0,7.153846153846154,52,4,10.085714285714285,10.661538461538463
L,Léri-Weill dyschondrosteosis (LWD),https://www.erfelijkheid.nl/ziektes/leri-weill-dyschondrosteosis-lwd,leri-weill-dyschondrosteosis-lwd,leri-weill-dyschondrosteosis-lwd,https://www.erfocentrum.nl/,Aanleg en ontwikkeling,leri weill dyschondrosteosis lwd|leri-weill dyschondrosteosis lwd|leri-weilldyschondrosteosislwd,"Léri-Weill dyschondrosteosis (LWD) is een erfelijke aandoening. Op deze pagina vind je wat het is, of het in families voorkomt en wat je kunt doen als je vragen hebt.",Léri-Weill dyschondrosteosis (LWD) wordt in de literatuur beschreven als een genetische aandoening met heterogene etiologie. Fenotype-expressie en penetrantie kunnen variëren; risico-inschatting hangt af van familieanamnese en genetische bevindingen. Differentiaaldiagnostiek en indicatiestelling voor DNA-diagnostiek verlopen doorgaans via zorgprofessionals. Bespreek vragen met de huisarts; zo nodig volgt verwijzing naar een klinisch geneticus.,Maak een afspraak bij de huisarts om je familiegeschiedenis te bespreken. Een klinisch geneticus kan uitleg geven over erfelijkheid.,Deze informatie is algemeen en is geen diagnose of persoonlijk medisch advies. Bespreek klachten of zorgen altijd met een arts.,penetrantie|fenotype|etiologie|differentiaaldiagnostiek|indicatiestelling,15.0,4.4,30,2,13.5,7.148148148148148,54,4,10.76,10.959259259259259
L,Lesch-Nyhan syndroom,https://www.erfelijkheid.nl/ziektes/lesch-nyhan-syndroom,lesch-nyhan-syndroom,lesch-nyhan-syndroom,https://www.erfocentrum.nl/,Aanleg en ontwikkeling,lesch nyhan syndroom|lesch-nyhan syn|lesch-nyhan syndroom|lesch-nyhansyndroom,Bij Lesch-Nyhan syndroom spelen genen een rol. Deze pagina helpt je om snel te vinden: is het erfelijk en wat is een logische volgende stap.,Lesch-Nyhan syndroom wordt in de literatuur beschreven als een genetische aandoening met heterogene etiologie. Fenotype-expressie en penetrantie kunnen variëren; risico-inschatting hangt af van familieanamnese en genetische bevindingen. Differentiaaldiagnostiek en indicatiestelling voor DNA-diagnostiek verlopen doorgaans via zorgprofessionals. Bespreek vragen met de huisarts; zo nodig volgt verwijzing naar een klinisch geneticus.,Maak een afspraak bij de huisarts om je familiegeschiedenis te bespreken. Een klinisch geneticus kan uitleg geven over erfelijkheid.,Deze informatie is algemeen en is geen diagnose of persoonlijk medisch advies. Bespreek klachten of zorgen altijd met een arts.,penetrantie|fenotype|etiologie|differentiaaldiagnostiek|indicatiestelling,13.0,4.3076923076923075,26,2,13.25,7.0754716981132075,53,4,9.523076923076923,10.780188679245283
L,Leukemie,https://www.erfelijkheid.nl/ziektes/leukemie,leukemie,leukemie,https://www.erfocentrum.nl/,Aanleg en ontwikkeling,leukemie,"Leukemie is een erfelijke aandoening. Op deze pagina vind je wat het is, of het in families voorkomt en wat je kunt doen als je vragen hebt.",Leukemie wordt in de literatuur beschreven als een genetische aandoening met heterogene etiologie. Fenotype-expressie en penetrantie kunnen variëren; risico-inschatting hangt af van familieanamnese en genetische bevindingen. Differentiaaldiagnostiek en indicatiestelling voor DNA-diagnostiek verlopen doorgaans via zorgprofessionals. Bespreek vragen met de huisarts; zo nodig volgt verwijzing naar een klinisch geneticus.,Maak een afspraak bij de huisarts om je familiegeschiedenis te bespreken. Een klinisch geneticus kan uitleg geven over erfelijkheid.,Deze informatie is algemeen en is geen diagnose of persoonlijk medisch advies. Bespreek klachten of zorgen altijd met een arts.,penetrantie|fenotype|etiologie|differentiaaldiagnostiek|indicatiestelling,13.5,4.111111111111111,27,2,12.75,7.1568627450980395,51,4,9.744444444444444,10.512745098039215
L,Li-Fraumeni syndroom,https://www.erfelijkheid.nl/ziektes/li-fraumeni-syndroom,li-fraumeni-syndroom,li-fraumeni-syndroom,https://www.erfocentrum.nl/,Aanleg en ontwikkeling,li fraumeni syndroom|li-fraumeni syn|li-fraumeni syndroom|li-fraumenisyndroom,Bij Li-Fraumeni syndroom spelen genen een rol. Deze pagina helpt je om snel te vinden: is het erfelijk en wat is een logische volgende stap.,"Li-Fraumeni syndroom betreft een genetisch bepaalde aandoening waarbij varianten in een of meerdere genen kunnen leiden tot klinische verschijnselen. De overerving kan autosomaal dominant, autosomaal recessief of X-gebonden zijn, afhankelijk van het onderliggende mechanisme. Diagnostiek kan bestaan uit moleculair-genetisch onderzoek en/of chromosoomanalyse. Voor counseling en interpretatie van uitslagen kan verwijzing naar de klinische genetica passend zijn.",Maak een afspraak bij de huisarts om je familiegeschiedenis te bespreken. Een klinisch geneticus kan uitleg geven over erfelijkheid.,Deze informatie is algemeen en is geen diagnose of persoonlijk medisch advies. Bespreek klachten of zorgen altijd met een arts.,autosomaal|recessief|dominant|x-gebonden|moleculair|chromosoomanalyse|counseling,13.0,4.3076923076923075,26,2,15.0,6.616666666666666,60,4,9.523076923076923,11.646666666666667
L,Lichen sclerosus,https://www.erfelijkheid.nl/ziektes/lichen-sclerosus,lichen-sclerosus,lichen-sclerosus,https://www.erfocentrum.nl/,Aanleg en ontwikkeling,lichen sclerosus|lichensclerosus,"Lichen sclerosus is een erfelijke aandoening. Op deze pagina vind je wat het is, of het in families voorkomt en wat je kunt doen als je vragen hebt.",Lichen sclerosus wordt in de literatuur beschreven als een genetische aandoening met heterogene etiologie. Fenotype-expressie en penetrantie kunnen variëren; risico-inschatting hangt af van familieanamnese en genetische bevindingen. Differentiaaldiagnostiek en indicatiestelling voor DNA-diagnostiek verlopen doorgaans via zorgprofessionals. Bespreek vragen met de huisarts; zo nodig volgt verwijzing naar een klinisch geneticus.,Bespreek je vraag met je huisarts. Vraag zo nodig om een verwijzing naar de klinische genetica.,Deze informatie is algemeen en is geen diagnose of persoonlijk medisch advies. Bespreek klachten of zorgen altijd met een arts.,penetrantie|fenotype|etiologie|differentiaaldiagnostiek|indicatiestelling,14.0,4.214285714285714,28,2,13.0,7.153846153846154,52,4,10.085714285714285,10.661538461538463
L,Limb-girdle spierdystrofie,https://www.erfelijkheid.nl/ziektes/limb-girdle-dystrofie,limb-girdle-dystrofie,limb-girdle-dystrofie,https://www.erfocentrum.nl/,Erfelijkheid van neurologische ziekten,limb girdle dystrofie|limb girdle spierdystrofie|limb-girdle spierdystrofie|limb-girdlespierdystrofie,Limb-girdle spierdystrofie is een zeldzame erfelijke aandoening. Hier lees je in eenvoudige woorden de belangrijkste punten en waar je terechtkunt voor hulp.,"Limb-girdle spierdystrofie betreft een genetisch bepaalde aandoening waarbij varianten in een of meerdere genen kunnen leiden tot klinische verschijnselen. De overerving kan autosomaal dominant, autosomaal recessief of X-gebonden zijn, afhankelijk van het onderliggende mechanisme. Diagnostiek kan bestaan uit moleculair-genetisch onderzoek en/of chromosoomanalyse. Voor counseling en interpretatie van uitslagen kan verwijzing naar de klinische genetica passend zijn.",Bespreek je vraag met je huisarts. Vraag zo nodig om een verwijzing naar de klinische genetica.,Deze informatie is algemeen en is geen diagnose of persoonlijk medisch advies. Bespreek klachten of zorgen altijd met een arts.,autosomaal|recessief|dominant|x-gebonden|moleculair|chromosoomanalyse|counseling,11.5,5.782608695652174,23,2,15.0,6.716666666666667,60,4,9.213043478260868,11.686666666666667
L,Lissencefalie,https://www.erfelijkheid.nl/ziektes/lissencefalie,lissencefalie,lissencefalie,https://www.erfocentrum.nl/,Aanleg en ontwikkeling,lissencefalie,"Lissencefalie is een erfelijke aandoening. Op deze pagina vind je wat het is, of het in families voorkomt en wat je kunt doen als je vragen hebt.",Lissencefalie wordt in de literatuur beschreven als een genetische aandoening met heterogene etiologie. Fenotype-expressie en penetrantie kunnen variëren; risico-inschatting hangt af van familieanamnese en genetische bevindingen. Differentiaaldiagnostiek en indicatiestelling voor DNA-diagnostiek verlopen doorgaans via zorgprofessionals. Bespreek vragen met de huisarts; zo nodig volgt verwijzing naar een klinisch geneticus.,Maak een afspraak bij de huisarts om je familiegeschiedenis te bespreken. Een klinisch geneticus kan uitleg geven over erfelijkheid.,Deze informatie is algemeen en is geen diagnose of persoonlijk medisch advies. Bespreek klachten of zorgen altijd met een arts.,penetrantie|fenotype|etiologie|differentiaaldiagnostiek|indicatiestelling,13.5,4.296296296296297,27,2,12.75,7.254901960784314,51,4,9.818518518518518,10.551960784313724
L,Loeys-Dietz syndroom,https://www.erfelijkheid.nl/ziektes/loeys-dietz-syndroom,loeys-dietz-syndroom,loeys-dietz-syndroom,https://www.erfocentrum.nl/,Aanleg en ontwikkeling,loeys dietz syndroom|loeys-dietz syn|loeys-dietz syndroom|loeys-dietzsyndroom,Bij Loeys-Dietz syndroom spelen genen een rol. Deze pagina helpt je om snel te vinden: is het erfelijk en wat is een logische volgende stap.,"Loeys-Dietz syndroom betreft een genetisch bepaalde aandoening waarbij varianten in een of meerdere genen kunnen leiden tot klinische verschijnselen. De overerving kan autosomaal dominant, autosomaal recessief of X-gebonden zijn, afhankelijk van het onderliggende mechanisme. Diagnostiek kan bestaan uit moleculair-genetisch onderzoek en/of chromosoomanalyse. Voor counseling en interpretatie van uitslagen kan verwijzing naar de klinische genetica passend zijn.",Maak een afspraak bij de huisarts om je familiegeschiedenis te bespreken. Een klinisch geneticus kan uitleg geven over erfelijkheid.,Deze informatie is algemeen en is geen diagnose of persoonlijk medisch advies. Bespreek klachten of zorgen altijd met een arts.,autosomaal|recessief|dominant|x-gebonden|moleculair|chromosoomanalyse|counseling,13.0,4.3076923076923075,26,2,15.0,6.616666666666666,60,4,9.523076923076923,11.646666666666667
L,Longfibrose,https://www.erfelijkheid.nl/ziektes/longfibrose,longfibrose,longfibrose,https://www.erfocentrum.nl/,Aanleg en ontwikkeling,longfibrose,"Longfibrose is een erfelijke aandoening. Op deze pagina vind je wat het is, of het in families voorkomt en wat je kunt doen als je vragen hebt.","Longfibrose betreft een genetisch bepaalde aandoening waarbij varianten in een of meerdere genen kunnen leiden tot klinische verschijnselen. De overerving kan autosomaal dominant, autosomaal recessief of X-gebonden zijn, afhankelijk van het onderliggende mechanisme. Diagnostiek kan bestaan uit moleculair-genetisch onderzoek en/of chromosoomanalyse. Voor counseling en interpretatie van uitslagen kan verwijzing naar de klinische genetica passend zijn.",Bespreek je vraag met je huisarts. Vraag zo nodig om een verwijzing naar de klinische genetica.,Deze informatie is algemeen en is geen diagnose of persoonlijk medisch advies. Bespreek klachten of zorgen altijd met een arts.,autosomaal|recessief|dominant|x-gebonden|moleculair|chromosoomanalyse|counseling,13.5,4.222222222222222,27,2,14.5,6.724137931034483,58,4,9.788888888888888,11.389655172413793
L,Lowe syndroom,https://www.erfelijkheid.nl/ziektes/lowe-syndroom,lowe-syndroom,lowe-syndroom,https://www.erfocentrum.nl/,Aanleg en ontwikkeling,lowe syn|lowe syndroom|lowesyndroom,Bij Lowe syndroom spelen genen een rol. Deze pagina helpt je om snel te vinden: is het erfelijk en wat is een logische volgende stap.,"Lowe syndroom betreft een genetisch bepaalde aandoening waarbij varianten in een of meerdere genen kunnen leiden tot klinische verschijnselen. De overerving kan autosomaal dominant, autosomaal recessief of X-gebonden zijn, afhankelijk van het onderliggende mechanisme. Diagnostiek kan bestaan uit moleculair-genetisch onderzoek en/of chromosoomanalyse. Voor counseling en interpretatie van uitslagen kan verwijzing naar de klinische genetica passend zijn.",Maak een afspraak bij de huisarts om je familiegeschiedenis te bespreken. Een klinisch geneticus kan uitleg geven over erfelijkheid.,Deze informatie is algemeen en is geen diagnose of persoonlijk medisch advies. Bespreek klachten of zorgen altijd met een arts.,autosomaal|recessief|dominant|x-gebonden|moleculair|chromosoomanalyse|counseling,12.5,4.24,25,2,14.75,6.627118644067797,59,4,9.196,11.500847457627119
L,Luscan-Lumish syndroom,https://www.erfelijkheid.nl/ziektes/luscan-lumish-syndroom,luscan-lumish-syndroom,luscan-lumish-syndroom,https://www.erfocentrum.nl/,Aanleg en ontwikkeling,luscan lumish syndroom|luscan-lumish syn|luscan-lumish syndroom|luscan-lumishsyndroom,Bij Luscan-Lumish syndroom spelen genen een rol. Deze pagina helpt je om snel te vinden: is het erfelijk en wat is een logische volgende stap.,Luscan-Lumish syndroom wordt in de literatuur beschreven als een genetische aandoening met heterogene etiologie. Fenotype-expressie en penetrantie kunnen variëren; risico-inschatting hangt af van familieanamnese en genetische bevindingen. Differentiaaldiagnostiek en indicatiestelling voor DNA-diagnostiek verlopen doorgaans via zorgprofessionals. Bespreek vragen met de huisarts; zo nodig volgt verwijzing naar een klinisch geneticus.,Maak een afspraak bij de huisarts om je familiegeschiedenis te bespreken. Een klinisch geneticus kan uitleg geven over erfelijkheid.,Deze informatie is algemeen en is geen diagnose of persoonlijk medisch advies. Bespreek klachten of zorgen altijd met een arts.,penetrantie|fenotype|etiologie|differentiaaldiagnostiek|indicatiestelling,13.0,4.384615384615385,26,2,13.25,7.113207547169812,53,4,9.553846153846154,10.795283018867924
L,Lynch syndroom,https://www.erfelijkheid.nl/ziektes/lynch-syndroom,lynch-syndroom,lynch-syndroom,https://www.erfocentrum.nl/,Aanleg en ontwikkeling,lynch syn|lynch syndroom|lynchsyndroom,"Lynch syndroom is een erfelijke aandoening. Op deze pagina vind je wat het is, of het in families voorkomt en wat je kunt doen als je vragen hebt.",Lynch syndroom wordt in de literatuur beschreven als een genetische aandoening met heterogene etiologie. Fenotype-expressie en penetrantie kunnen variëren; risico-inschatting hangt af van familieanamnese en genetische bevindingen. Differentiaaldiagnostiek en indicatiestelling voor DNA-diagnostiek verlopen doorgaans via zorgprofessionals. Bespreek vragen met de huisarts; zo nodig volgt verwijzing naar een klinisch geneticus.,Bespreek je vraag met je huisarts. Vraag zo nodig om een verwijzing naar de klinische genetica.,Deze informatie is algemeen en is geen diagnose of persoonlijk medisch advies. Bespreek klachten of zorgen altijd met een arts.,penetrantie|fenotype|etiologie|differentiaaldiagnostiek|indicatiestelling,14.0,4.142857142857143,28,2,13.0,7.115384615384615,52,4,10.057142857142857,10.646153846153846
L,Lysosomale zure lipasedeficiëntie,https://www.erfelijkheid.nl/ziektes/ziekte-van-wolman,ziekte-van-wolman,ziekte-van-wolman,https://www.erfocentrum.nl/,Aanleg en ontwikkeling,lysosomale zure lipasedeficientie|lysosomale zure lipasedeficiëntie|lysosomalezurelipasedeficientie|ziekte van wolman,Bij Lysosomale zure lipasedeficiëntie spelen genen een rol. Deze pagina helpt je om snel te vinden: is het erfelijk en wat is een logische volgende stap.,Lysosomale zure lipasedeficiëntie wordt in de literatuur beschreven als een genetische aandoening met heterogene etiologie. Fenotype-expressie en penetrantie kunnen variëren; risico-inschatting hangt af van familieanamnese en genetische bevindingen. Differentiaaldiagnostiek en indicatiestelling voor DNA-diagnostiek verlopen doorgaans via zorgprofessionals. Bespreek vragen met de huisarts; zo nodig volgt verwijzing naar een klinisch geneticus.,Maak een afspraak bij de huisarts om je familiegeschiedenis te bespreken. Een klinisch geneticus kan uitleg geven over erfelijkheid.,Deze informatie is algemeen en is geen diagnose of persoonlijk medisch advies. Bespreek klachten of zorgen altijd met een arts.,penetrantie|fenotype|etiologie|differentiaaldiagnostiek|indicatiestelling,13.0,4.8076923076923075,26,2,13.25,7.320754716981132,53,4,9.723076923076922,10.878301886792453
M,Maagkanker,https://www.erfelijkheid.nl/ziektes/maagkanker,maagkanker,maagkanker,https://www.erfocentrum.nl/,Erfelijkheid van kanker,maagkanker,"Maagkanker is een erfelijke aandoening. Op deze pagina vind je wat het is, of het in families voorkomt en wat je kunt doen als je vragen hebt.",Maagkanker wordt in de literatuur beschreven als een genetische aandoening met heterogene etiologie. Fenotype-expressie en penetrantie kunnen variëren; risico-inschatting hangt af van familieanamnese en genetische bevindingen. Differentiaaldiagnostiek en indicatiestelling voor DNA-diagnostiek verlopen doorgaans via zorgprofessionals. Bespreek vragen met de huisarts; zo nodig volgt verwijzing naar een klinisch geneticus.,Maak een afspraak bij de huisarts om je familiegeschiedenis te bespreken. Een klinisch geneticus kan uitleg geven over erfelijkheid.,Deze informatie is algemeen en is geen diagnose of persoonlijk medisch advies. Bespreek klachten of zorgen altijd met een arts.,penetrantie|fenotype|etiologie|differentiaaldiagnostiek|indicatiestelling,13.5,4.185185185185185,27,2,12.75,7.196078431372549,51,4,9.774074074074074,10.528431372549019
M,Maculadegeneratie,https://www.erfelijkheid.nl/ziektes/maculadegeneratie,maculadegeneratie,maculadegeneratie,https://www.erfocentrum.nl/,Aanleg en ontwikkeling,maculadegeneratie,Maculadegeneratie is een zeldzame erfelijke aandoening. Hier lees je in eenvoudige woorden de belangrijkste punten en waar je terechtkunt voor hulp.,"Maculadegeneratie betreft een genetisch bepaalde aandoening waarbij varianten in een of meerdere genen kunnen leiden tot klinische verschijnselen. De overerving kan autosomaal dominant, autosomaal recessief of X-gebonden zijn, afhankelijk van het onderliggende mechanisme. Diagnostiek kan bestaan uit moleculair-genetisch onderzoek en/of chromosoomanalyse. Voor counseling en interpretatie van uitslagen kan verwijzing naar de klinische genetica passend zijn.",Maak een afspraak bij de huisarts om je familiegeschiedenis te bespreken. Een klinisch geneticus kan uitleg geven over erfelijkheid.,Deze informatie is algemeen en is geen diagnose of persoonlijk medisch advies. Bespreek klachten of zorgen altijd met een arts.,autosomaal|recessief|dominant|x-gebonden|moleculair|chromosoomanalyse|counseling,10.5,6.0,21,2,14.5,6.827586206896552,58,4,8.7,11.43103448275862
M,Maligne hyperthermie,https://www.erfelijkheid.nl/ziektes/maligne-hyperthermie,maligne-hyperthermie,maligne-hyperthermie,https://www.erfocentrum.nl/,Aanleg en ontwikkeling,maligne hyperthermie|malignehyperthermie,Bij Maligne hyperthermie spelen genen een rol. Deze pagina helpt je om snel te vinden: is het erfelijk en wat is een logische volgende stap.,Maligne hyperthermie wordt in de literatuur beschreven als een genetische aandoening met heterogene etiologie. Fenotype-expressie en penetrantie kunnen variëren; risico-inschatting hangt af van familieanamnese en genetische bevindingen. Differentiaaldiagnostiek en indicatiestelling voor DNA-diagnostiek verlopen doorgaans via zorgprofessionals. Bespreek vragen met de huisarts; zo nodig volgt verwijzing naar een klinisch geneticus.,Maak een afspraak bij de huisarts om je familiegeschiedenis te bespreken. Een klinisch geneticus kan uitleg geven over erfelijkheid.,Deze informatie is algemeen en is geen diagnose of persoonlijk medisch advies. Bespreek klachten of zorgen altijd met een arts.,penetrantie|fenotype|etiologie|differentiaaldiagnostiek|indicatiestelling,12.5,4.52,25,2,13.0,7.230769230769231,52,4,9.308,10.692307692307693
M,Malrotatie,https://www.erfelijkheid.nl/ziektes/malrotatie,malrotatie,malrotatie,https://www.erfocentrum.nl/,Aanleg en ontwikkeling,malrotatie,Bij Malrotatie spelen genen een rol. Deze pagina helpt je om snel te vinden: is het erfelijk en wat is een logische volgende stap.,Malrotatie wordt in de literatuur beschreven als een genetische aandoening met heterogene etiologie. Fenotype-expressie en penetrantie kunnen variëren; risico-inschatting hangt af van familieanamnese en genetische bevindingen. Differentiaaldiagnostiek en indicatiestelling voor DNA-diagnostiek verlopen doorgaans via zorgprofessionals. Bespreek vragen met de huisarts; zo nodig volgt verwijzing naar een klinisch geneticus.,Maak een afspraak bij de huisarts om je familiegeschiedenis te bespreken. Een klinisch geneticus kan uitleg geven over erfelijkheid.,Deze informatie is algemeen en is geen diagnose of persoonlijk medisch advies. Bespreek klachten of zorgen altijd met een arts.,penetrantie|fenotype|etiologie|differentiaaldiagnostiek|indicatiestelling,12.0,4.333333333333333,24,2,12.75,7.196078431372549,51,4,8.933333333333334,10.528431372549019
M,Maple syrup urine disease (MSUD),https://www.erfelijkheid.nl/ziektes/maple-syrup-urine-disease-msud,maple-syrup-urine-disease-msud,maple-syrup-urine-disease-msud,https://www.erfocentrum.nl/,Aanleg en ontwikkeling,maple syrup urine disease msud|maplesyrupurinediseasemsud,Bij Maple syrup urine disease (MSUD) spelen genen een rol. Deze pagina helpt je om snel te vinden: is het erfelijk en wat is een logische volgende stap.,Maple syrup urine disease (MSUD) wordt in de literatuur beschreven als een genetische aandoening met heterogene etiologie. Fenotype-expressie en penetrantie kunnen variëren; risico-inschatting hangt af van familieanamnese en genetische bevindingen. Differentiaaldiagnostiek en indicatiestelling voor DNA-diagnostiek verlopen doorgaans via zorgprofessionals. Bespreek vragen met de huisarts; zo nodig volgt verwijzing naar een klinisch geneticus.,Maak een afspraak bij de huisarts om je familiegeschiedenis te bespreken. Een klinisch geneticus kan uitleg geven over erfelijkheid.,Deze informatie is algemeen en is geen diagnose of persoonlijk medisch advies. Bespreek klachten of zorgen altijd met een arts.,penetrantie|fenotype|etiologie|differentiaaldiagnostiek|indicatiestelling,14.0,4.285714285714286,28,2,13.75,6.963636363636364,55,4,10.114285714285714,11.035454545454545
M,Marden-Walker syndroom,https://www.erfelijkheid.nl/ziektes/marden-walker-syndroom,marden-walker-syndroom,marden-walker-syndroom,https://www.erfocentrum.nl/,Aanleg en ontwikkeling,marden walker syndroom|marden-walker syn|marden-walker syndroom|marden-walkersyndroom,Bij Marden-Walker syndroom spelen genen een rol. Deze pagina helpt je om snel te vinden: is het erfelijk en wat is een logische volgende stap.,"Marden-Walker syndroom betreft een genetisch bepaalde aandoening waarbij varianten in een of meerdere genen kunnen leiden tot klinische verschijnselen. De overerving kan autosomaal dominant, autosomaal recessief of X-gebonden zijn, afhankelijk van het onderliggende mechanisme. Diagnostiek kan bestaan uit moleculair-genetisch onderzoek en/of chromosoomanalyse. Voor counseling en interpretatie van uitslagen kan verwijzing naar de klinische genetica passend zijn.",Bespreek je vraag met je huisarts. Vraag zo nodig om een verwijzing naar de klinische genetica.,Deze informatie is algemeen en is geen diagnose of persoonlijk medisch advies. Bespreek klachten of zorgen altijd met een arts.,autosomaal|recessief|dominant|x-gebonden|moleculair|chromosoomanalyse|counseling,13.0,4.384615384615385,26,2,15.0,6.65,60,4,9.553846153846154,11.66
M,Marfansyndroom,https://www.erfelijkheid.nl/ziektes/marfansyndroom,marfansyndroom,marfansyndroom,https://www.erfocentrum.nl/,Aanleg en ontwikkeling,marfansyn|marfansyndroom,Marfansyndroom is een zeldzame erfelijke aandoening. Hier lees je in eenvoudige woorden de belangrijkste punten en waar je terechtkunt voor hulp.,Marfansyndroom wordt in de literatuur beschreven als een genetische aandoening met heterogene etiologie. Fenotype-expressie en penetrantie kunnen variëren; risico-inschatting hangt af van familieanamnese en genetische bevindingen. Differentiaaldiagnostiek en indicatiestelling voor DNA-diagnostiek verlopen doorgaans via zorgprofessionals. Bespreek vragen met de huisarts; zo nodig volgt verwijzing naar een klinisch geneticus.,Maak een afspraak bij de huisarts om je familiegeschiedenis te bespreken. Een klinisch geneticus kan uitleg geven over erfelijkheid.,Deze informatie is algemeen en is geen diagnose of persoonlijk medisch advies. Bespreek klachten of zorgen altijd met een arts.,penetrantie|fenotype|etiologie|differentiaaldiagnostiek|indicatiestelling,10.5,5.857142857142857,21,2,12.75,7.2745098039215685,51,4,8.642857142857142,10.559803921568626
M,Marshall-Smith syndroom,https://www.erfelijkheid.nl/ziektes/marshall-smith-syndroom,marshall-smith-syndroom,marshall-smith-syndroom,https://www.erfocentrum.nl/,Aanleg en ontwikkeling,marshall smith syndroom|marshall-smith syn|marshall-smith syndroom|marshall-smithsyndroom,Marshall-Smith syndroom is een zeldzame erfelijke aandoening. Hier lees je in eenvoudige woorden de belangrijkste punten en waar je terechtkunt voor hulp.,Marshall-Smith syndroom wordt in de literatuur beschreven als een genetische aandoening met heterogene etiologie. Fenotype-expressie en penetrantie kunnen variëren; risico-inschatting hangt af van familieanamnese en genetische bevindingen. Differentiaaldiagnostiek en indicatiestelling voor DNA-diagnostiek verlopen doorgaans via zorgprofessionals. Bespreek vragen met de huisarts; zo nodig volgt verwijzing naar een klinisch geneticus.,Maak een afspraak bij de huisarts om je familiegeschiedenis te bespreken. Een klinisch geneticus kan uitleg geven over erfelijkheid.,Deze informatie is algemeen en is geen diagnose of persoonlijk medisch advies. Bespreek klachten of zorgen altijd met een arts.,penetrantie|fenotype|etiologie|differentiaaldiagnostiek|indicatiestelling,11.5,5.6521739130434785,23,2,13.25,7.132075471698113,53,4,9.160869565217391,10.802830188679245
M,MCADD,https://www.erfelijkheid.nl/content/mcadd,mcadd,mcadd,https://www.erfocentrum.nl/,Aanleg en ontwikkeling,mcadd,"MCADD is een erfelijke aandoening. Op deze pagina vind je wat het is, of het in families voorkomt en wat je kunt doen als je vragen hebt.",MCADD wordt in de literatuur beschreven als een genetische aandoening met heterogene etiologie. Fenotype-expressie en penetrantie kunnen variëren; risico-inschatting hangt af van familieanamnese en genetische bevindingen. Differentiaaldiagnostiek en indicatiestelling voor DNA-diagnostiek verlopen doorgaans via zorgprofessionals. Bespreek vragen met de huisarts; zo nodig volgt verwijzing naar een klinisch geneticus.,Maak een afspraak bij de huisarts om je familiegeschiedenis te bespreken. Een klinisch geneticus kan uitleg geven over erfelijkheid.,Deze informatie is algemeen en is geen diagnose of persoonlijk medisch advies. Bespreek klachten of zorgen altijd met een arts.,penetrantie|fenotype|etiologie|differentiaaldiagnostiek|indicatiestelling,13.5,4.0,27,2,12.75,7.098039215686274,51,4,9.7,10.489215686274509
M,Meckel syndroom,https://www.erfelijkheid.nl/ziektes/meckel-syndroom,meckel-syndroom,meckel-syndroom,https://www.erfocentrum.nl/,Aanleg en ontwikkeling,meckel syn|meckel syndroom|meckelsyndroom,Bij Meckel syndroom spelen genen een rol. Deze pagina helpt je om snel te vinden: is het erfelijk en wat is een logische volgende stap.,Meckel syndroom wordt in de literatuur beschreven als een genetische aandoening met heterogene etiologie. Fenotype-expressie en penetrantie kunnen variëren; risico-inschatting hangt af van familieanamnese en genetische bevindingen. Differentiaaldiagnostiek en indicatiestelling voor DNA-diagnostiek verlopen doorgaans via zorgprofessionals. Bespreek vragen met de huisarts; zo nodig volgt verwijzing naar een klinisch geneticus.,Maak een afspraak bij de huisarts om je familiegeschiedenis te bespreken. Een klinisch geneticus kan uitleg geven over erfelijkheid.,Deze informatie is algemeen en is geen diagnose of persoonlijk medisch advies. Bespreek klachten of zorgen altijd met een arts.,penetrantie|fenotype|etiologie|differentiaaldiagnostiek|indicatiestelling,12.5,4.32,25,2,13.0,7.134615384615385,52,4,9.228,10.653846153846153
M,Megalencefale leukoencefalopathie met subcorticale cysten (MLC),https://www.erfelijkheid.nl/ziektes/megalencefale-leukoencefalopathie-met-subcorticale-cysten,megalencefale-leukoencefalopathie-met-subcorticale-cysten,megalencefale-leukoencefalopathie-met-subcorticale-cysten,https://www.erfocentrum.nl/,Aanleg en ontwikkeling,megalencefale leukoencefalopathie met subcorticale cysten|megalencefale leukoencefalopathie met subcorticale cysten mlc|megalencefaleleukoencefalopathiemetsubcorticalecystenmlc,Bij Megalencefale leukoencefalopathie met subcorticale cysten (MLC) spelen genen een rol. Deze pagina helpt je om snel te vinden: is het erfelijk en wat is een logische volgende stap.,Megalencefale leukoencefalopathie met subcorticale cysten (MLC) wordt in de literatuur beschreven als een genetische aandoening met heterogene etiologie. Fenotype-expressie en penetrantie kunnen variëren; risico-inschatting hangt af van familieanamnese en genetische bevindingen. Differentiaaldiagnostiek en indicatiestelling voor DNA-diagnostiek verlopen doorgaans via zorgprofessionals. Bespreek vragen met de huisarts; zo nodig volgt verwijzing naar een klinisch geneticus.,Bespreek je vraag met je huisarts. Vraag zo nodig om een verwijzing naar de klinische genetica.,Deze informatie is algemeen en is geen diagnose of persoonlijk medisch advies. Bespreek klachten of zorgen altijd met een arts.,penetrantie|fenotype|etiologie|differentiaaldiagnostiek|indicatiestelling,14.5,5.172413793103448,29,2,14.0,7.375,56,4,10.768965517241378,11.350000000000001
M,Meier-Gorlin syndroom,https://www.erfelijkheid.nl/ziektes/meier-gorlin-syndroom,meier-gorlin-syndroom,meier-gorlin-syndroom,https://www.erfocentrum.nl/,Aanleg en ontwikkeling,meier gorlin syndroom|meier-gorlin syn|meier-gorlin syndroom|meier-gorlinsyndroom,Meier-Gorlin syndroom is een zeldzame erfelijke aandoening. Hier lees je in eenvoudige woorden de belangrijkste punten en waar je terechtkunt voor hulp.,Meier-Gorlin syndroom wordt in de literatuur beschreven als een genetische aandoening met heterogene etiologie. Fenotype-expressie en penetrantie kunnen variëren; risico-inschatting hangt af van familieanamnese en genetische bevindingen. Differentiaaldiagnostiek en indicatiestelling voor DNA-diagnostiek verlopen doorgaans via zorgprofessionals. Bespreek vragen met de huisarts; zo nodig volgt verwijzing naar een klinisch geneticus.,Maak een afspraak bij de huisarts om je familiegeschiedenis te bespreken. Een klinisch geneticus kan uitleg geven over erfelijkheid.,Deze informatie is algemeen en is geen diagnose of persoonlijk medisch advies. Bespreek klachten of zorgen altijd met een arts.,penetrantie|fenotype|etiologie|differentiaaldiagnostiek|indicatiestelling,11.5,5.565217391304348,23,2,13.25,7.09433962264151,53,4,9.126086956521739,10.787735849056602
M,MELAS,https://www.erfelijkheid.nl/ziektes/melas,melas,melas,https://www.erfocentrum.nl/,Aanleg en ontwikkeling,melas,"MELAS is een erfelijke aandoening. Op deze pagina vind je wat het is, of het in families voorkomt en wat je kunt doen als je vragen hebt.",MELAS wordt in de literatuur beschreven als een genetische aandoening met heterogene etiologie. Fenotype-expressie en penetrantie kunnen variëren; risico-inschatting hangt af van familieanamnese en genetische bevindingen. Differentiaaldiagnostiek en indicatiestelling voor DNA-diagnostiek verlopen doorgaans via zorgprofessionals. Bespreek vragen met de huisarts; zo nodig volgt verwijzing naar een klinisch geneticus.,Bespreek je vraag met je huisarts. Vraag zo nodig om een verwijzing naar de klinische genetica.,Deze informatie is algemeen en is geen diagnose of persoonlijk medisch advies. Bespreek klachten of zorgen altijd met een arts.,penetrantie|fenotype|etiologie|differentiaaldiagnostiek|indicatiestelling,13.5,4.0,27,2,12.75,7.098039215686274,51,4,9.7,10.489215686274509
M,Menkes syndroom,https://www.erfelijkheid.nl/ziektes/menkes-syndroom,menkes-syndroom,menkes-syndroom,https://www.erfocentrum.nl/,Aanleg en ontwikkeling,menkes syn|menkes syndroom|menkessyndroom,Menkes syndroom is een zeldzame erfelijke aandoening. Hier lees je in eenvoudige woorden de belangrijkste punten en waar je terechtkunt voor hulp.,"Menkes syndroom betreft een genetisch bepaalde aandoening waarbij varianten in een of meerdere genen kunnen leiden tot klinische verschijnselen. De overerving kan autosomaal dominant, autosomaal recessief of X-gebonden zijn, afhankelijk van het onderliggende mechanisme. Diagnostiek kan bestaan uit moleculair-genetisch onderzoek en/of chromosoomanalyse. Voor counseling en interpretatie van uitslagen kan verwijzing naar de klinische genetica passend zijn.",Maak een afspraak bij de huisarts om je familiegeschiedenis te bespreken. Een klinisch geneticus kan uitleg geven over erfelijkheid.,Deze informatie is algemeen en is geen diagnose of persoonlijk medisch advies. Bespreek klachten of zorgen altijd met een arts.,autosomaal|recessief|dominant|x-gebonden|moleculair|chromosoomanalyse|counseling,11.0,5.590909090909091,22,2,14.75,6.661016949152542,59,4,8.836363636363636,11.514406779661016
M,Metachromatische leukodystrofie,https://www.erfelijkheid.nl/ziektes/metachromatische-leukodystrofie,metachromatische-leukodystrofie,metachromatische-leukodystrofie,https://www.erfocentrum.nl/,Aanleg en ontwikkeling,metachromatische leukodystrofie|metachromatischeleukodystrofie,Metachromatische leukodystrofie is een zeldzame erfelijke aandoening. Hier lees je in eenvoudige woorden de belangrijkste punten en waar je terechtkunt voor hulp.,"Metachromatische leukodystrofie betreft een genetisch bepaalde aandoening waarbij varianten in een of meerdere genen kunnen leiden tot klinische verschijnselen. De overerving kan autosomaal dominant, autosomaal recessief of X-gebonden zijn, afhankelijk van het onderliggende mechanisme. Diagnostiek kan bestaan uit moleculair-genetisch onderzoek en/of chromosoomanalyse. Voor counseling en interpretatie van uitslagen kan verwijzing naar de klinische genetica passend zijn.",Bespreek je vraag met je huisarts. Vraag zo nodig om een verwijzing naar de klinische genetica.,Deze informatie is algemeen en is geen diagnose of persoonlijk medisch advies. Bespreek klachten of zorgen altijd met een arts.,autosomaal|recessief|dominant|x-gebonden|moleculair|chromosoomanalyse|counseling,11.0,6.318181818181818,22,2,14.75,6.932203389830509,59,4,9.127272727272727,11.622881355932204
M,Metabole myopathieën,https://www.erfelijkheid.nl/ziektes/metabole-myopathieen,metabole-myopathieen,metabole-myopathieen,https://www.erfocentrum.nl/,Aanleg en ontwikkeling,metabole myopathieen|metabolemyopathieen,"Metabole myopathieën is een erfelijke aandoening. Op deze pagina vind je wat het is, of het in families voorkomt en wat je kunt doen als je vragen hebt.",Metabole myopathieën wordt in de literatuur beschreven als een genetische aandoening met heterogene etiologie. Fenotype-expressie en penetrantie kunnen variëren; risico-inschatting hangt af van familieanamnese en genetische bevindingen. Differentiaaldiagnostiek en indicatiestelling voor DNA-diagnostiek verlopen doorgaans via zorgprofessionals. Bespreek vragen met de huisarts; zo nodig volgt verwijzing naar een klinisch geneticus.,Maak een afspraak bij de huisarts om je familiegeschiedenis te bespreken. Een klinisch geneticus kan uitleg geven over erfelijkheid.,Deze informatie is algemeen en is geen diagnose of persoonlijk medisch advies. Bespreek klachten of zorgen altijd met een arts.,penetrantie|fenotype|etiologie|differentiaaldiagnostiek|indicatiestelling,14.0,4.357142857142857,28,2,13.0,7.230769230769231,52,4,10.142857142857142,10.692307692307693
M,Methylmalon acedemie (MMA),https://www.erfelijkheid.nl/ziektes/methylmalonacidurie-mma,methylmalonacidurie-mma,methylmalonacidurie-mma,https://www.erfocentrum.nl/,Aanleg en ontwikkeling,methylmalon acedemie mma|methylmalonacedemiemma|methylmalonacidurie mma,Bij Methylmalon acedemie (MMA) spelen genen een rol. Deze pagina helpt je om snel te vinden: is het erfelijk en wat is een logische volgende stap.,"Methylmalon acedemie (MMA) betreft een genetisch bepaalde aandoening waarbij varianten in een of meerdere genen kunnen leiden tot klinische verschijnselen. De overerving kan autosomaal dominant, autosomaal recessief of X-gebonden zijn, afhankelijk van het onderliggende mechanisme. Diagnostiek kan bestaan uit moleculair-genetisch onderzoek en/of chromosoomanalyse. Voor counseling en interpretatie van uitslagen kan verwijzing naar de klinische genetica passend zijn.",Maak een afspraak bij de huisarts om je familiegeschiedenis te bespreken. Een klinisch geneticus kan uitleg geven over erfelijkheid.,Deze informatie is algemeen en is geen diagnose of persoonlijk medisch advies. Bespreek klachten of zorgen altijd met een arts.,autosomaal|recessief|dominant|x-gebonden|moleculair|chromosoomanalyse|counseling,13.0,4.461538461538462,26,2,15.0,6.683333333333334,60,4,9.584615384615384,11.673333333333334
M,Mevalonaat kinase deficiëntie,https://www.erfelijkheid.nl/ziektes/mevalonaat-kinase-defici%C3%ABntie-mkd,mevalonaat-kinase-defici%C3%ABntie-mkd,mevalonaat-kinase-defici%C3%ABntie-mkd,https://www.erfocentrum.nl/,Aanleg en ontwikkeling,mevalonaat kinase defici%C3%ABntie mkd|mevalonaat kinase deficientie|mevalonaat kinase deficiëntie|mevalonaatkinasedeficientie,Bij Mevalonaat kinase deficiëntie spelen genen een rol. Deze pagina helpt je om snel te vinden: is het erfelijk en wat is een logische volgende stap.,Mevalonaat kinase deficiëntie wordt in de literatuur beschreven als een genetische aandoening met heterogene etiologie. Fenotype-expressie en penetrantie kunnen variëren; risico-inschatting hangt af van familieanamnese en genetische bevindingen. Differentiaaldiagnostiek en indicatiestelling voor DNA-diagnostiek verlopen doorgaans via zorgprofessionals. Bespreek vragen met de huisarts; zo nodig volgt verwijzing naar een klinisch geneticus.,Bespreek je vraag met je huisarts. Vraag zo nodig om een verwijzing naar de klinische genetica.,Deze informatie is algemeen en is geen diagnose of persoonlijk medisch advies. Bespreek klachten of zorgen altijd met een arts.,penetrantie|fenotype|etiologie|differentiaaldiagnostiek|indicatiestelling,13.0,4.653846153846154,26,2,13.25,7.245283018867925,53,4,9.661538461538461,10.848113207547168
M,Microcefalie,https://www.erfelijkheid.nl/ziektes/microcefalie,microcefalie,microcefalie,https://www.erfocentrum.nl/,Aanleg en ontwikkeling,microcefalie,Microcefalie is een zeldzame erfelijke aandoening. Hier lees je in eenvoudige woorden de belangrijkste punten en waar je terechtkunt voor hulp.,"Microcefalie betreft een genetisch bepaalde aandoening waarbij varianten in een of meerdere genen kunnen leiden tot klinische verschijnselen. De overerving kan autosomaal dominant, autosomaal recessief of X-gebonden zijn, afhankelijk van het onderliggende mechanisme. Diagnostiek kan bestaan uit moleculair-genetisch onderzoek en/of chromosoomanalyse. Voor counseling en interpretatie van uitslagen kan verwijzing naar de klinische genetica passend zijn.",Bespreek je vraag met je huisarts. Vraag zo nodig om een verwijzing naar de klinische genetica.,Deze informatie is algemeen en is geen diagnose of persoonlijk medisch advies. Bespreek klachten of zorgen altijd met een arts.,autosomaal|recessief|dominant|x-gebonden|moleculair|chromosoomanalyse|counseling,10.5,5.761904761904762,21,2,14.5,6.741379310344827,58,4,8.604761904761904,11.39655172413793
M,Microftalmie,https://www.erfelijkheid.nl/ziektes/microftalmie,microftalmie,microftalmie,https://www.erfocentrum.nl/,Aanleg en ontwikkeling,microftalmie,Microftalmie is een zeldzame erfelijke aandoening. Hier lees je in eenvoudige woorden de belangrijkste punten en waar je terechtkunt voor hulp.,Microftalmie wordt in de literatuur beschreven als een genetische aandoening met heterogene etiologie. Fenotype-expressie en penetrantie kunnen variëren; risico-inschatting hangt af van familieanamnese en genetische bevindingen. Differentiaaldiagnostiek en indicatiestelling voor DNA-diagnostiek verlopen doorgaans via zorgprofessionals. Bespreek vragen met de huisarts; zo nodig volgt verwijzing naar een klinisch geneticus.,Maak een afspraak bij de huisarts om je familiegeschiedenis te bespreken. Een klinisch geneticus kan uitleg geven over erfelijkheid.,Deze informatie is algemeen en is geen diagnose of persoonlijk medisch advies. Bespreek klachten of zorgen altijd met een arts.,penetrantie|fenotype|etiologie|differentiaaldiagnostiek|indicatiestelling,10.5,5.761904761904762,21,2,12.75,7.235294117647059,51,4,8.604761904761904,10.544117647058822
M,MIDD,https://www.erfelijkheid.nl/ziektes/midd,midd,midd,https://www.erfocentrum.nl/,Aanleg en ontwikkeling,midd,MIDD is een zeldzame erfelijke aandoening. Hier lees je in eenvoudige woorden de belangrijkste punten en waar je terechtkunt voor hulp.,MIDD wordt in de literatuur beschreven als een genetische aandoening met heterogene etiologie. Fenotype-expressie en penetrantie kunnen variëren; risico-inschatting hangt af van familieanamnese en genetische bevindingen. Differentiaaldiagnostiek en indicatiestelling voor DNA-diagnostiek verlopen doorgaans via zorgprofessionals. Bespreek vragen met de huisarts; zo nodig volgt verwijzing naar een klinisch geneticus.,Maak een afspraak bij de huisarts om je familiegeschiedenis te bespreken. Een klinisch geneticus kan uitleg geven over erfelijkheid.,Deze informatie is algemeen en is geen diagnose of persoonlijk medisch advies. Bespreek klachten of zorgen altijd met een arts.,penetrantie|fenotype|etiologie|differentiaaldiagnostiek|indicatiestelling,10.5,5.380952380952381,21,2,12.75,7.078431372549019,51,4,8.452380952380953,10.481372549019607
M,Migraine,https://www.erfelijkheid.nl/ziektes/migraine,migraine,migraine,https://www.erfocentrum.nl/,Aanleg en ontwikkeling,migraine,"Migraine is een erfelijke aandoening. Op deze pagina vind je wat het is, of het in families voorkomt en wat je kunt doen als je vragen hebt.",Migraine wordt in de literatuur beschreven als een genetische aandoening met heterogene etiologie. Fenotype-expressie en penetrantie kunnen variëren; risico-inschatting hangt af van familieanamnese en genetische bevindingen. Differentiaaldiagnostiek en indicatiestelling voor DNA-diagnostiek verlopen doorgaans via zorgprofessionals. Bespreek vragen met de huisarts; zo nodig volgt verwijzing naar een klinisch geneticus.,Maak een afspraak bij de huisarts om je familiegeschiedenis te bespreken. Een klinisch geneticus kan uitleg geven over erfelijkheid.,Deze informatie is algemeen en is geen diagnose of persoonlijk medisch advies. Bespreek klachten of zorgen altijd met een arts.,penetrantie|fenotype|etiologie|differentiaaldiagnostiek|indicatiestelling,13.5,4.111111111111111,27,2,12.75,7.1568627450980395,51,4,9.744444444444444,10.512745098039215
M,Miller syndroom,https://www.erfelijkheid.nl/ziektes/miller-syndroom,miller-syndroom,miller-syndroom,https://www.erfocentrum.nl/,Aanleg en ontwikkeling,miller syn|miller syndroom|millersyndroom,"Miller syndroom is een erfelijke aandoening. Op deze pagina vind je wat het is, of het in families voorkomt en wat je kunt doen als je vragen hebt.",Miller syndroom wordt in de literatuur beschreven als een genetische aandoening met heterogene etiologie. Fenotype-expressie en penetrantie kunnen variëren; risico-inschatting hangt af van familieanamnese en genetische bevindingen. Differentiaaldiagnostiek en indicatiestelling voor DNA-diagnostiek verlopen doorgaans via zorgprofessionals. Bespreek vragen met de huisarts; zo nodig volgt verwijzing naar een klinisch geneticus.,Maak een afspraak bij de huisarts om je familiegeschiedenis te bespreken. Een klinisch geneticus kan uitleg geven over erfelijkheid.,Deze informatie is algemeen en is geen diagnose of persoonlijk medisch advies. Bespreek klachten of zorgen altijd met een arts.,penetrantie|fenotype|etiologie|differentiaaldiagnostiek|indicatiestelling,14.0,4.178571428571429,28,2,13.0,7.134615384615385,52,4,10.071428571428573,10.653846153846153
M,Miller-Dieker syndroom,https://www.erfelijkheid.nl/ziektes/miller-dieker-syndroom,miller-dieker-syndroom,miller-dieker-syndroom,https://www.erfocentrum.nl/,Aanleg en ontwikkeling,miller dieker syndroom|miller-dieker syn|miller-dieker syndroom|miller-diekersyndroom,Miller-Dieker syndroom is een zeldzame erfelijke aandoening. Hier lees je in eenvoudige woorden de belangrijkste punten en waar je terechtkunt voor hulp.,"Miller-Dieker syndroom betreft een genetisch bepaalde aandoening waarbij varianten in een of meerdere genen kunnen leiden tot klinische verschijnselen. De overerving kan autosomaal dominant, autosomaal recessief of X-gebonden zijn, afhankelijk van het onderliggende mechanisme. Diagnostiek kan bestaan uit moleculair-genetisch onderzoek en/of chromosoomanalyse. Voor counseling en interpretatie van uitslagen kan verwijzing naar de klinische genetica passend zijn.",Maak een afspraak bij de huisarts om je familiegeschiedenis te bespreken. Een klinisch geneticus kan uitleg geven over erfelijkheid.,Deze informatie is algemeen en is geen diagnose of persoonlijk medisch advies. Bespreek klachten of zorgen altijd met een arts.,autosomaal|recessief|dominant|x-gebonden|moleculair|chromosoomanalyse|counseling,11.5,5.608695652173913,23,2,15.0,6.65,60,4,9.143478260869564,11.66
M,Mitochondriale ziekten,https://www.erfelijkheid.nl/ziektes/mitochondriale-ziekten,mitochondriale-ziekten,mitochondriale-ziekten,https://www.erfocentrum.nl/,Aanleg en ontwikkeling,mitochondriale ziekten|mitochondrialeziekten,Bij Mitochondriale ziekten spelen genen een rol. Deze pagina helpt je om snel te vinden: is het erfelijk en wat is een logische volgende stap.,Mitochondriale ziekten wordt in de literatuur beschreven als een genetische aandoening met heterogene etiologie. Fenotype-expressie en penetrantie kunnen variëren; risico-inschatting hangt af van familieanamnese en genetische bevindingen. Differentiaaldiagnostiek en indicatiestelling voor DNA-diagnostiek verlopen doorgaans via zorgprofessionals. Bespreek vragen met de huisarts; zo nodig volgt verwijzing naar een klinisch geneticus.,Bespreek je vraag met je huisarts. Vraag zo nodig om een verwijzing naar de klinische genetica.,Deze informatie is algemeen en is geen diagnose of persoonlijk medisch advies. Bespreek klachten of zorgen altijd met een arts.,penetrantie|fenotype|etiologie|differentiaaldiagnostiek|indicatiestelling,12.5,4.6,25,2,13.0,7.269230769230769,52,4,9.34,10.707692307692309
M,Mitochondriaal DNA depletie syndroom 4A,https://www.erfelijkheid.nl/ziektes/mitochondriaal-dna-depletie-syndroom-4a,mitochondriaal-dna-depletie-syndroom-4a,mitochondriaal-dna-depletie-syndroom-4a,https://www.erfocentrum.nl/,Nieuwe technieken,mitochondriaal dna depletie syn 4a|mitochondriaal dna depletie syndroom 4 a|mitochondriaal dna depletie syndroom 4a|mitochondriaaldnadepletiesyndroom4a,Bij Mitochondriaal DNA depletie syndroom 4A spelen genen een rol. Deze pagina helpt je om snel te vinden: is het erfelijk en wat is een logische volgende stap.,"Mitochondriaal DNA depletie syndroom 4A betreft een genetisch bepaalde aandoening waarbij varianten in een of meerdere genen kunnen leiden tot klinische verschijnselen. De overerving kan autosomaal dominant, autosomaal recessief of X-gebonden zijn, afhankelijk van het onderliggende mechanisme. Diagnostiek kan bestaan uit moleculair-genetisch onderzoek en/of chromosoomanalyse. Voor counseling en interpretatie van uitslagen kan verwijzing naar de klinische genetica passend zijn.",Maak een afspraak bij de huisarts om je familiegeschiedenis te bespreken. Een klinisch geneticus kan uitleg geven over erfelijkheid.,Deze informatie is algemeen en is geen diagnose of persoonlijk medisch advies. Bespreek klachten of zorgen altijd met een arts.,autosomaal|recessief|dominant|x-gebonden|moleculair|chromosoomanalyse|counseling,14.0,4.607142857142857,28,2,15.5,6.67741935483871,62,4,10.242857142857144,11.970967741935484
M,Mitochondriaal DNA depletie syndroom 4B,https://www.erfelijkheid.nl/ziektes/mitochondriaal-dna-depletie-syndroom-4b,mitochondriaal-dna-depletie-syndroom-4b,mitochondriaal-dna-depletie-syndroom-4b,https://www.erfocentrum.nl/,Nieuwe technieken,mitochondriaal dna depletie syn 4b|mitochondriaal dna depletie syndroom 4 b|mitochondriaal dna depletie syndroom 4b|mitochondriaaldnadepletiesyndroom4b,"Mitochondriaal DNA depletie syndroom 4B is een erfelijke aandoening. Op deze pagina vind je wat het is, of het in families voorkomt en wat je kunt doen als je vragen hebt.","Mitochondriaal DNA depletie syndroom 4B betreft een genetisch bepaalde aandoening waarbij varianten in een of meerdere genen kunnen leiden tot klinische verschijnselen. De overerving kan autosomaal dominant, autosomaal recessief of X-gebonden zijn, afhankelijk van het onderliggende mechanisme. Diagnostiek kan bestaan uit moleculair-genetisch onderzoek en/of chromosoomanalyse. Voor counseling en interpretatie van uitslagen kan verwijzing naar de klinische genetica passend zijn.",Maak een afspraak bij de huisarts om je familiegeschiedenis te bespreken. Een klinisch geneticus kan uitleg geven over erfelijkheid.,Deze informatie is algemeen en is geen diagnose of persoonlijk medisch advies. Bespreek klachten of zorgen altijd met een arts.,autosomaal|recessief|dominant|x-gebonden|moleculair|chromosoomanalyse|counseling,15.5,4.451612903225806,31,2,15.5,6.67741935483871,62,4,11.080645161290322,11.970967741935484
M,Mitochondrieel trifunctioneel eiwit deficiëntie (MTP),https://www.erfelijkheid.nl/ziektes/mitochondrieel-trifunctioneel-eiwit-defici%C3%ABntie,mitochondrieel-trifunctioneel-eiwit-defici%C3%ABntie,mitochondrieel-trifunctioneel-eiwit-defici%C3%ABntie,https://www.erfocentrum.nl/,Aanleg en ontwikkeling,mitochondrieel trifunctioneel eiwit defici%C3%ABntie|mitochondrieel trifunctioneel eiwit deficientie mtp|mitochondrieel trifunctioneel eiwit deficiëntie mtp|mitochondrieeltrifunctioneeleiwitdeficientiemtp,"Mitochondrieel trifunctioneel eiwit deficiëntie (MTP) is een erfelijke aandoening. Op deze pagina vind je wat het is, of het in families voorkomt en wat je kunt doen als je vragen hebt.",Mitochondrieel trifunctioneel eiwit deficiëntie (MTP) wordt in de literatuur beschreven als een genetische aandoening met heterogene etiologie. Fenotype-expressie en penetrantie kunnen variëren; risico-inschatting hangt af van familieanamnese en genetische bevindingen. Differentiaaldiagnostiek en indicatiestelling voor DNA-diagnostiek verlopen doorgaans via zorgprofessionals. Bespreek vragen met de huisarts; zo nodig volgt verwijzing naar een klinisch geneticus.,Maak een afspraak bij de huisarts om je familiegeschiedenis te bespreken. Een klinisch geneticus kan uitleg geven over erfelijkheid.,Deze informatie is algemeen en is geen diagnose of persoonlijk medisch advies. Bespreek klachten of zorgen altijd met een arts.,penetrantie|fenotype|etiologie|differentiaaldiagnostiek|indicatiestelling,15.5,4.838709677419355,31,2,13.75,7.345454545454546,55,4,11.235483870967741,11.188181818181818
M,MODY,https://www.erfelijkheid.nl/ziektes/mody-typen-diabetes,mody-typen-diabetes,mody-typen-diabetes,https://www.erfocentrum.nl/,Aanleg en ontwikkeling,mody|mody typen diabetes,Bij MODY spelen genen een rol. Deze pagina helpt je om snel te vinden: is het erfelijk en wat is een logische volgende stap.,"MODY betreft een genetisch bepaalde aandoening waarbij varianten in een of meerdere genen kunnen leiden tot klinische verschijnselen. De overerving kan autosomaal dominant, autosomaal recessief of X-gebonden zijn, afhankelijk van het onderliggende mechanisme. Diagnostiek kan bestaan uit moleculair-genetisch onderzoek en/of chromosoomanalyse. Voor counseling en interpretatie van uitslagen kan verwijzing naar de klinische genetica passend zijn.",Bespreek je vraag met je huisarts. Vraag zo nodig om een verwijzing naar de klinische genetica.,Deze informatie is algemeen en is geen diagnose of persoonlijk medisch advies. Bespreek klachten of zorgen altijd met een arts.,autosomaal|recessief|dominant|x-gebonden|moleculair|chromosoomanalyse|counseling,12.0,4.083333333333333,24,2,14.5,6.603448275862069,58,4,8.833333333333332,11.341379310344827
M,Moebius syndroom,https://www.erfelijkheid.nl/ziektes/moebius-syndroom,moebius-syndroom,moebius-syndroom,https://www.erfocentrum.nl/,Aanleg en ontwikkeling,moebius syn|moebius syndroom|moebiussyndroom,"Moebius syndroom is een erfelijke aandoening. Op deze pagina vind je wat het is, of het in families voorkomt en wat je kunt doen als je vragen hebt.",Moebius syndroom wordt in de literatuur beschreven als een genetische aandoening met heterogene etiologie. Fenotype-expressie en penetrantie kunnen variëren; risico-inschatting hangt af van familieanamnese en genetische bevindingen. Differentiaaldiagnostiek en indicatiestelling voor DNA-diagnostiek verlopen doorgaans via zorgprofessionals. Bespreek vragen met de huisarts; zo nodig volgt verwijzing naar een klinisch geneticus.,Maak een afspraak bij de huisarts om je familiegeschiedenis te bespreken. Een klinisch geneticus kan uitleg geven over erfelijkheid.,Deze informatie is algemeen en is geen diagnose of persoonlijk medisch advies. Bespreek klachten of zorgen altijd met een arts.,penetrantie|fenotype|etiologie|differentiaaldiagnostiek|indicatiestelling,14.0,4.214285714285714,28,2,13.0,7.153846153846154,52,4,10.085714285714285,10.661538461538463
M,Molybdeen co-factor deficiëntie,https://www.erfelijkheid.nl/ziektes/molybdeen-co-factor-defici%C3%ABntie,molybdeen-co-factor-defici%C3%ABntie,molybdeen-co-factor-defici%C3%ABntie,https://www.erfocentrum.nl/,Aanleg en ontwikkeling,molybdeen co factor defici%C3%ABntie|molybdeen co factor deficientie|molybdeen co-factor deficientie|molybdeen co-factor deficiëntie|molybdeenco-factordeficientie,Bij Molybdeen co-factor deficiëntie spelen genen een rol. Deze pagina helpt je om snel te vinden: is het erfelijk en wat is een logische volgende stap.,"Molybdeen co-factor deficiëntie betreft een genetisch bepaalde aandoening waarbij varianten in een of meerdere genen kunnen leiden tot klinische verschijnselen. De overerving kan autosomaal dominant, autosomaal recessief of X-gebonden zijn, afhankelijk van het onderliggende mechanisme. Diagnostiek kan bestaan uit moleculair-genetisch onderzoek en/of chromosoomanalyse. Voor counseling en interpretatie van uitslagen kan verwijzing naar de klinische genetica passend zijn.",Maak een afspraak bij de huisarts om je familiegeschiedenis te bespreken. Een klinisch geneticus kan uitleg geven over erfelijkheid.,Deze informatie is algemeen en is geen diagnose of persoonlijk medisch advies. Bespreek klachten of zorgen altijd met een arts.,autosomaal|recessief|dominant|x-gebonden|moleculair|chromosoomanalyse|counseling,13.5,4.518518518518518,27,2,15.25,6.672131147540983,61,4,9.907407407407407,11.818852459016394
M,Mowat-Wilson syndroom,https://www.erfelijkheid.nl/ziektes/mowat-wilson-syndroom,mowat-wilson-syndroom,mowat-wilson-syndroom,https://www.erfocentrum.nl/,Aanleg en ontwikkeling,mowat wilson syndroom|mowat-wilson syn|mowat-wilson syndroom|mowat-wilsonsyndroom,Mowat-Wilson syndroom is een zeldzame erfelijke aandoening. Hier lees je in eenvoudige woorden de belangrijkste punten en waar je terechtkunt voor hulp.,Mowat-Wilson syndroom wordt in de literatuur beschreven als een genetische aandoening met heterogene etiologie. Fenotype-expressie en penetrantie kunnen variëren; risico-inschatting hangt af van familieanamnese en genetische bevindingen. Differentiaaldiagnostiek en indicatiestelling voor DNA-diagnostiek verlopen doorgaans via zorgprofessionals. Bespreek vragen met de huisarts; zo nodig volgt verwijzing naar een klinisch geneticus.,Maak een afspraak bij de huisarts om je familiegeschiedenis te bespreken. Een klinisch geneticus kan uitleg geven over erfelijkheid.,Deze informatie is algemeen en is geen diagnose of persoonlijk medisch advies. Bespreek klachten of zorgen altijd met een arts.,penetrantie|fenotype|etiologie|differentiaaldiagnostiek|indicatiestelling,11.5,5.565217391304348,23,2,13.25,7.09433962264151,53,4,9.126086956521739,10.787735849056602
M,Mozaïek trisomie 9,https://www.erfelijkheid.nl/ziektes/mozaiek-trisomie-9,mozaiek-trisomie-9,mozaiek-trisomie-9,https://www.erfocentrum.nl/,Nieuwe technieken,mozaiek trisomie 9|mozaiektrisomie9,"Mozaïek trisomie 9 is een erfelijke aandoening. Op deze pagina vind je wat het is, of het in families voorkomt en wat je kunt doen als je vragen hebt.","Mozaïek trisomie 9 betreft een genetisch bepaalde aandoening waarbij varianten in een of meerdere genen kunnen leiden tot klinische verschijnselen. De overerving kan autosomaal dominant, autosomaal recessief of X-gebonden zijn, afhankelijk van het onderliggende mechanisme. Diagnostiek kan bestaan uit moleculair-genetisch onderzoek en/of chromosoomanalyse. Voor counseling en interpretatie van uitslagen kan verwijzing naar de klinische genetica passend zijn.",Bespreek je vraag met je huisarts. Vraag zo nodig om een verwijzing naar de klinische genetica.,Deze informatie is algemeen en is geen diagnose of persoonlijk medisch advies. Bespreek klachten of zorgen altijd met een arts.,autosomaal|recessief|dominant|x-gebonden|moleculair|chromosoomanalyse|counseling,14.5,4.103448275862069,29,2,15.0,6.583333333333333,60,4,10.341379310344827,11.633333333333333
M,MRKH syndroom,https://www.erfelijkheid.nl/content/mrkh-syndroom,mrkh-syndroom,mrkh-syndroom,https://www.erfocentrum.nl/,Aanleg en ontwikkeling,mrkh syn|mrkh syndroom|mrkhsyndroom,MRKH syndroom is een zeldzame erfelijke aandoening. Hier lees je in eenvoudige woorden de belangrijkste punten en waar je terechtkunt voor hulp.,"MRKH syndroom betreft een genetisch bepaalde aandoening waarbij varianten in een of meerdere genen kunnen leiden tot klinische verschijnselen. De overerving kan autosomaal dominant, autosomaal recessief of X-gebonden zijn, afhankelijk van het onderliggende mechanisme. Diagnostiek kan bestaan uit moleculair-genetisch onderzoek en/of chromosoomanalyse. Voor counseling en interpretatie van uitslagen kan verwijzing naar de klinische genetica passend zijn.",Bespreek je vraag met je huisarts. Vraag zo nodig om een verwijzing naar de klinische genetica.,Deze informatie is algemeen en is geen diagnose of persoonlijk medisch advies. Bespreek klachten of zorgen altijd met een arts.,autosomaal|recessief|dominant|x-gebonden|moleculair|chromosoomanalyse|counseling,11.0,5.5,22,2,14.75,6.627118644067797,59,4,8.8,11.500847457627119
M,Mucolipidose IV,https://www.erfelijkheid.nl/ziektes/mucolipidose-4,mucolipidose-4,mucolipidose-4,https://www.erfocentrum.nl/,Aanleg en ontwikkeling,mucolipidose 4|mucolipidose iv|mucolipidoseiv,"Mucolipidose IV is een erfelijke aandoening. Op deze pagina vind je wat het is, of het in families voorkomt en wat je kunt doen als je vragen hebt.",Mucolipidose IV wordt in de literatuur beschreven als een genetische aandoening met heterogene etiologie. Fenotype-expressie en penetrantie kunnen variëren; risico-inschatting hangt af van familieanamnese en genetische bevindingen. Differentiaaldiagnostiek en indicatiestelling voor DNA-diagnostiek verlopen doorgaans via zorgprofessionals. Bespreek vragen met de huisarts; zo nodig volgt verwijzing naar een klinisch geneticus.,Maak een afspraak bij de huisarts om je familiegeschiedenis te bespreken. Een klinisch geneticus kan uitleg geven over erfelijkheid.,Deze informatie is algemeen en is geen diagnose of persoonlijk medisch advies. Bespreek klachten of zorgen altijd met een arts.,penetrantie|fenotype|etiologie|differentiaaldiagnostiek|indicatiestelling,14.0,4.178571428571429,28,2,13.0,7.134615384615385,52,4,10.071428571428573,10.653846153846153
M,Mucopolysaccharidosen,https://www.erfelijkheid.nl/ziektes/mucopolysaccharidosis,mucopolysaccharidosis,mucopolysaccharidosis,https://www.erfocentrum.nl/,Aanleg en ontwikkeling,mucopolysaccharidosen|mucopolysaccharidosis,"Mucopolysaccharidosen is een erfelijke aandoening. Op deze pagina vind je wat het is, of het in families voorkomt en wat je kunt doen als je vragen hebt.","Mucopolysaccharidosen betreft een genetisch bepaalde aandoening waarbij varianten in een of meerdere genen kunnen leiden tot klinische verschijnselen. De overerving kan autosomaal dominant, autosomaal recessief of X-gebonden zijn, afhankelijk van het onderliggende mechanisme. Diagnostiek kan bestaan uit moleculair-genetisch onderzoek en/of chromosoomanalyse. Voor counseling en interpretatie van uitslagen kan verwijzing naar de klinische genetica passend zijn.",Maak een afspraak bij de huisarts om je familiegeschiedenis te bespreken. Een klinisch geneticus kan uitleg geven over erfelijkheid.,Deze informatie is algemeen en is geen diagnose of persoonlijk medisch advies. Bespreek klachten of zorgen altijd met een arts.,autosomaal|recessief|dominant|x-gebonden|moleculair|chromosoomanalyse|counseling,13.5,4.592592592592593,27,2,14.5,6.896551724137931,58,4,9.937037037037037,11.458620689655172
M,Mucopolysaccharidose I (MPS I),https://www.erfelijkheid.nl/ziektes/mucopolysaccharidose-i,mucopolysaccharidose-i,mucopolysaccharidose-i,https://www.erfocentrum.nl/,Aanleg en ontwikkeling,mucopolysaccharidose i|mucopolysaccharidose i mps i|mucopolysaccharidoseimpsi,Mucopolysaccharidose I (MPS I) is een zeldzame erfelijke aandoening. Hier lees je in eenvoudige woorden de belangrijkste punten en waar je terechtkunt voor hulp.,"Mucopolysaccharidose I (MPS I) betreft een genetisch bepaalde aandoening waarbij varianten in een of meerdere genen kunnen leiden tot klinische verschijnselen. De overerving kan autosomaal dominant, autosomaal recessief of X-gebonden zijn, afhankelijk van het onderliggende mechanisme. Diagnostiek kan bestaan uit moleculair-genetisch onderzoek en/of chromosoomanalyse. Voor counseling en interpretatie van uitslagen kan verwijzing naar de klinische genetica passend zijn.",Bespreek je vraag met je huisarts. Vraag zo nodig om een verwijzing naar de klinische genetica.,Deze informatie is algemeen en is geen diagnose of persoonlijk medisch advies. Bespreek klachten of zorgen altijd met een arts.,autosomaal|recessief|dominant|x-gebonden|moleculair|chromosoomanalyse|counseling,12.0,5.583333333333333,24,2,15.25,6.622950819672131,61,4,9.433333333333334,11.799180327868854
M,Mucopolysaccharidose II (MPS II),https://www.erfelijkheid.nl/ziektes/mucopolysaccharidose-ii,mucopolysaccharidose-ii,mucopolysaccharidose-ii,https://www.erfocentrum.nl/,Aanleg en ontwikkeling,mucopolysaccharidose ii|mucopolysaccharidose ii mps ii|mucopolysaccharidoseiimpsii,Mucopolysaccharidose II (MPS II) is een zeldzame erfelijke aandoening. Hier lees je in eenvoudige woorden de belangrijkste punten en waar je terechtkunt voor hulp.,Mucopolysaccharidose II (MPS II) wordt in de literatuur beschreven als een genetische aandoening met heterogene etiologie. Fenotype-expressie en penetrantie kunnen variëren; risico-inschatting hangt af van familieanamnese en genetische bevindingen. Differentiaaldiagnostiek en indicatiestelling voor DNA-diagnostiek verlopen doorgaans via zorgprofessionals. Bespreek vragen met de huisarts; zo nodig volgt verwijzing naar een klinisch geneticus.,Bespreek je vraag met je huisarts. Vraag zo nodig om een verwijzing naar de klinische genetica.,Deze informatie is algemeen en is geen diagnose of persoonlijk medisch advies. Bespreek klachten of zorgen altijd met een arts.,penetrantie|fenotype|etiologie|differentiaaldiagnostiek|indicatiestelling,12.0,5.666666666666667,24,2,13.5,7.111111111111111,54,4,9.466666666666667,10.944444444444445
M,Mucopolysaccharidose III (MPS III),https://www.erfelijkheid.nl/ziektes/mucopolysaccharidose-iii,mucopolysaccharidose-iii,mucopolysaccharidose-iii,https://www.erfocentrum.nl/,Aanleg en ontwikkeling,mucopolysaccharidose iii|mucopolysaccharidose iii mps iii|mucopolysaccharidoseiiimpsiii,"Mucopolysaccharidose III (MPS III) is een erfelijke aandoening. Op deze pagina vind je wat het is, of het in families voorkomt en wat je kunt doen als je vragen hebt.",Mucopolysaccharidose III (MPS III) wordt in de literatuur beschreven als een genetische aandoening met heterogene etiologie. Fenotype-expressie en penetrantie kunnen variëren; risico-inschatting hangt af van familieanamnese en genetische bevindingen. Differentiaaldiagnostiek en indicatiestelling voor DNA-diagnostiek verlopen doorgaans via zorgprofessionals. Bespreek vragen met de huisarts; zo nodig volgt verwijzing naar een klinisch geneticus.,Bespreek je vraag met je huisarts. Vraag zo nodig om een verwijzing naar de klinische genetica.,Deze informatie is algemeen en is geen diagnose of persoonlijk medisch advies. Bespreek klachten of zorgen altijd met een arts.,penetrantie|fenotype|etiologie|differentiaaldiagnostiek|indicatiestelling,15.0,4.4,30,2,13.5,7.148148148148148,54,4,10.76,10.959259259259259
M,Mucopolysaccharidose IV (MPS IV),https://www.erfelijkheid.nl/ziektes/mucopolysaccharidose-iv,mucopolysaccharidose-iv,mucopolysaccharidose-iv,https://www.erfocentrum.nl/,Aanleg en ontwikkeling,mucopolysaccharidose iv|mucopolysaccharidose iv mps iv|mucopolysaccharidoseivmpsiv,Mucopolysaccharidose IV (MPS IV) is een zeldzame erfelijke aandoening. Hier lees je in eenvoudige woorden de belangrijkste punten en waar je terechtkunt voor hulp.,Mucopolysaccharidose IV (MPS IV) wordt in de literatuur beschreven als een genetische aandoening met heterogene etiologie. Fenotype-expressie en penetrantie kunnen variëren; risico-inschatting hangt af van familieanamnese en genetische bevindingen. Differentiaaldiagnostiek en indicatiestelling voor DNA-diagnostiek verlopen doorgaans via zorgprofessionals. Bespreek vragen met de huisarts; zo nodig volgt verwijzing naar een klinisch geneticus.,Maak een afspraak bij de huisarts om je familiegeschiedenis te bespreken. Een klinisch geneticus kan uitleg geven over erfelijkheid.,Deze informatie is algemeen en is geen diagnose of persoonlijk medisch advies. Bespreek klachten of zorgen altijd met een arts.,penetrantie|fenotype|etiologie|differentiaaldiagnostiek|indicatiestelling,12.0,5.666666666666667,24,2,13.5,7.111111111111111,54,4,9.466666666666667,10.944444444444445
M,Mucopolysaccharidose VI (MPS VI),https://www.erfelijkheid.nl/ziektes/mucopolysaccharidose-vi,mucopolysaccharidose-vi,mucopolysaccharidose-vi,https://www.erfocentrum.nl/,Aanleg en ontwikkeling,mucopolysaccharidose vi|mucopolysaccharidose vi mps vi|mucopolysaccharidosevimpsvi,Bij Mucopolysaccharidose VI (MPS VI) spelen genen een rol. Deze pagina helpt je om snel te vinden: is het erfelijk en wat is een logische volgende stap.,Mucopolysaccharidose VI (MPS VI) wordt in de literatuur beschreven als een genetische aandoening met heterogene etiologie. Fenotype-expressie en penetrantie kunnen variëren; risico-inschatting hangt af van familieanamnese en genetische bevindingen. Differentiaaldiagnostiek en indicatiestelling voor DNA-diagnostiek verlopen doorgaans via zorgprofessionals. Bespreek vragen met de huisarts; zo nodig volgt verwijzing naar een klinisch geneticus.,Bespreek je vraag met je huisarts. Vraag zo nodig om een verwijzing naar de klinische genetica.,Deze informatie is algemeen en is geen diagnose of persoonlijk medisch advies. Bespreek klachten of zorgen altijd met een arts.,penetrantie|fenotype|etiologie|differentiaaldiagnostiek|indicatiestelling,13.5,4.481481481481482,27,2,13.5,7.111111111111111,54,4,9.892592592592592,10.944444444444445
M,Mucopolysaccharidose VII (MPS VII),https://www.erfelijkheid.nl/ziektes/mucopolysaccharidose-ix-mps-ix,mucopolysaccharidose-ix-mps-ix,mucopolysaccharidose-ix-mps-ix,https://www.erfocentrum.nl/,Aanleg en ontwikkeling,mucopolysaccharidose ix mps ix|mucopolysaccharidose vii mps vii|mucopolysaccharidoseviimpsvii,Bij Mucopolysaccharidose VII (MPS VII) spelen genen een rol. Deze pagina helpt je om snel te vinden: is het erfelijk en wat is een logische volgende stap.,"Mucopolysaccharidose VII (MPS VII) betreft een genetisch bepaalde aandoening waarbij varianten in een of meerdere genen kunnen leiden tot klinische verschijnselen. De overerving kan autosomaal dominant, autosomaal recessief of X-gebonden zijn, afhankelijk van het onderliggende mechanisme. Diagnostiek kan bestaan uit moleculair-genetisch onderzoek en/of chromosoomanalyse. Voor counseling en interpretatie van uitslagen kan verwijzing naar de klinische genetica passend zijn.",Bespreek je vraag met je huisarts. Vraag zo nodig om een verwijzing naar de klinische genetica.,Deze informatie is algemeen en is geen diagnose of persoonlijk medisch advies. Bespreek klachten of zorgen altijd met een arts.,autosomaal|recessief|dominant|x-gebonden|moleculair|chromosoomanalyse|counseling,13.5,4.555555555555555,27,2,15.25,6.688524590163935,61,4,9.922222222222222,11.825409836065575
M,Muenke syndroom,https://www.erfelijkheid.nl/ziektes/muenke-syndroom,muenke-syndroom,muenke-syndroom,https://www.erfocentrum.nl/,Aanleg en ontwikkeling,muenke syn|muenke syndroom|muenkesyndroom,Muenke syndroom is een zeldzame erfelijke aandoening. Hier lees je in eenvoudige woorden de belangrijkste punten en waar je terechtkunt voor hulp.,Muenke syndroom wordt in de literatuur beschreven als een genetische aandoening met heterogene etiologie. Fenotype-expressie en penetrantie kunnen variëren; risico-inschatting hangt af van familieanamnese en genetische bevindingen. Differentiaaldiagnostiek en indicatiestelling voor DNA-diagnostiek verlopen doorgaans via zorgprofessionals. Bespreek vragen met de huisarts; zo nodig volgt verwijzing naar een klinisch geneticus.,Bespreek je vraag met je huisarts. Vraag zo nodig om een verwijzing naar de klinische genetica.,Deze informatie is algemeen en is geen diagnose of persoonlijk medisch advies. Bespreek klachten of zorgen altijd met een arts.,penetrantie|fenotype|etiologie|differentiaaldiagnostiek|indicatiestelling,11.0,5.590909090909091,22,2,13.0,7.134615384615385,52,4,8.836363636363636,10.653846153846153
M,Multipele Endocriene Neoplasie 1 (MEN1),https://www.erfelijkheid.nl/ziektes/multipele-endocriene-neoplasie-1-men1,multipele-endocriene-neoplasie-1-men1,multipele-endocriene-neoplasie-1-men1,https://www.erfocentrum.nl/,Aanleg en ontwikkeling,multipele endocriene neoplasie 1 men 1|multipele endocriene neoplasie 1 men1|multipeleendocrieneneoplasie1men1,Bij Multipele Endocriene Neoplasie 1 (MEN1) spelen genen een rol. Deze pagina helpt je om snel te vinden: is het erfelijk en wat is een logische volgende stap.,Multipele Endocriene Neoplasie 1 (MEN1) wordt in de literatuur beschreven als een genetische aandoening met heterogene etiologie. Fenotype-expressie en penetrantie kunnen variëren; risico-inschatting hangt af van familieanamnese en genetische bevindingen. Differentiaaldiagnostiek en indicatiestelling voor DNA-diagnostiek verlopen doorgaans via zorgprofessionals. Bespreek vragen met de huisarts; zo nodig volgt verwijzing naar een klinisch geneticus.,Bespreek je vraag met je huisarts. Vraag zo nodig om een verwijzing naar de klinische genetica.,Deze informatie is algemeen en is geen diagnose of persoonlijk medisch advies. Bespreek klachten of zorgen altijd met een arts.,penetrantie|fenotype|etiologie|differentiaaldiagnostiek|indicatiestelling,14.0,4.535714285714286,28,2,13.75,7.090909090909091,55,4,10.214285714285715,11.086363636363636
M,Multipele epifysaire dysplasie (MED),https://www.erfelijkheid.nl/ziektes/multiple-epifysaire-dysplasie,multiple-epifysaire-dysplasie,multiple-epifysaire-dysplasie,https://www.erfocentrum.nl/,Aanleg en ontwikkeling,multipele epifysaire dysplasie med|multipeleepifysairedysplasiemed|multiple epifysaire dysplasie,Bij Multipele epifysaire dysplasie (MED) spelen genen een rol. Deze pagina helpt je om snel te vinden: is het erfelijk en wat is een logische volgende stap.,Multipele epifysaire dysplasie (MED) wordt in de literatuur beschreven als een genetische aandoening met heterogene etiologie. Fenotype-expressie en penetrantie kunnen variëren; risico-inschatting hangt af van familieanamnese en genetische bevindingen. Differentiaaldiagnostiek en indicatiestelling voor DNA-diagnostiek verlopen doorgaans via zorgprofessionals. Bespreek vragen met de huisarts; zo nodig volgt verwijzing naar een klinisch geneticus.,Maak een afspraak bij de huisarts om je familiegeschiedenis te bespreken. Een klinisch geneticus kan uitleg geven over erfelijkheid.,Deze informatie is algemeen en is geen diagnose of persoonlijk medisch advies. Bespreek klachten of zorgen altijd met een arts.,penetrantie|fenotype|etiologie|differentiaaldiagnostiek|indicatiestelling,13.5,4.62962962962963,27,2,13.5,7.185185185185185,54,4,9.951851851851853,10.974074074074075
M,Multipele osteochondromen,https://www.erfelijkheid.nl/ziektes/multipele-osteochondromen,multipele-osteochondromen,multipele-osteochondromen,https://www.erfocentrum.nl/,Aanleg en ontwikkeling,multipele osteochondromen|multipeleosteochondromen,Bij Multipele osteochondromen spelen genen een rol. Deze pagina helpt je om snel te vinden: is het erfelijk en wat is een logische volgende stap.,Multipele osteochondromen wordt in de literatuur beschreven als een genetische aandoening met heterogene etiologie. Fenotype-expressie en penetrantie kunnen variëren; risico-inschatting hangt af van familieanamnese en genetische bevindingen. Differentiaaldiagnostiek en indicatiestelling voor DNA-diagnostiek verlopen doorgaans via zorgprofessionals. Bespreek vragen met de huisarts; zo nodig volgt verwijzing naar een klinisch geneticus.,Maak een afspraak bij de huisarts om je familiegeschiedenis te bespreken. Een klinisch geneticus kan uitleg geven over erfelijkheid.,Deze informatie is algemeen en is geen diagnose of persoonlijk medisch advies. Bespreek klachten of zorgen altijd met een arts.,penetrantie|fenotype|etiologie|differentiaaldiagnostiek|indicatiestelling,12.5,4.72,25,2,13.0,7.326923076923077,52,4,9.388,10.73076923076923
M,Multipele sclerose (MS),https://www.erfelijkheid.nl/ziektes/multiple-sclerose,multiple-sclerose,multiple-sclerose,https://www.erfocentrum.nl/,Aanleg en ontwikkeling,multipele sclerose ms|multipelesclerosems|multiple sclerose,"Multipele sclerose (MS) is een erfelijke aandoening. Op deze pagina vind je wat het is, of het in families voorkomt en wat je kunt doen als je vragen hebt.","Multipele sclerose (MS) betreft een genetisch bepaalde aandoening waarbij varianten in een of meerdere genen kunnen leiden tot klinische verschijnselen. De overerving kan autosomaal dominant, autosomaal recessief of X-gebonden zijn, afhankelijk van het onderliggende mechanisme. Diagnostiek kan bestaan uit moleculair-genetisch onderzoek en/of chromosoomanalyse. Voor counseling en interpretatie van uitslagen kan verwijzing naar de klinische genetica passend zijn.",Maak een afspraak bij de huisarts om je familiegeschiedenis te bespreken. Een klinisch geneticus kan uitleg geven over erfelijkheid.,Deze informatie is algemeen en is geen diagnose of persoonlijk medisch advies. Bespreek klachten of zorgen altijd met een arts.,autosomaal|recessief|dominant|x-gebonden|moleculair|chromosoomanalyse|counseling,14.5,4.206896551724138,29,2,15.0,6.633333333333334,60,4,10.382758620689655,11.653333333333334
M,Multipele sulfatase deficiëntie,https://www.erfelijkheid.nl/ziektes/multiple-sulfatase-defici%C3%ABntie,multiple-sulfatase-defici%C3%ABntie,multiple-sulfatase-defici%C3%ABntie,https://www.erfocentrum.nl/,Aanleg en ontwikkeling,multipele sulfatase deficientie|multipele sulfatase deficiëntie|multipelesulfatasedeficientie|multiple sulfatase defici%C3%ABntie,Bij Multipele sulfatase deficiëntie spelen genen een rol. Deze pagina helpt je om snel te vinden: is het erfelijk en wat is een logische volgende stap.,"Multipele sulfatase deficiëntie betreft een genetisch bepaalde aandoening waarbij varianten in een of meerdere genen kunnen leiden tot klinische verschijnselen. De overerving kan autosomaal dominant, autosomaal recessief of X-gebonden zijn, afhankelijk van het onderliggende mechanisme. Diagnostiek kan bestaan uit moleculair-genetisch onderzoek en/of chromosoomanalyse. Voor counseling en interpretatie van uitslagen kan verwijzing naar de klinische genetica passend zijn.",Bespreek je vraag met je huisarts. Vraag zo nodig om een verwijzing naar de klinische genetica.,Deze informatie is algemeen en is geen diagnose of persoonlijk medisch advies. Bespreek klachten of zorgen altijd met een arts.,autosomaal|recessief|dominant|x-gebonden|moleculair|chromosoomanalyse|counseling,13.0,4.730769230769231,26,2,15.0,6.8,60,4,9.692307692307692,11.72
M,Multipele systeem atrofie (MSA),https://www.erfelijkheid.nl/ziektes/multipele-systeem-atrofie-msa,multipele-systeem-atrofie-msa,multipele-systeem-atrofie-msa,https://www.erfocentrum.nl/,Aanleg en ontwikkeling,multipele systeem atrofie msa|multipelesysteematrofiemsa,Bij Multipele systeem atrofie (MSA) spelen genen een rol. Deze pagina helpt je om snel te vinden: is het erfelijk en wat is een logische volgende stap.,"Multipele systeem atrofie (MSA) betreft een genetisch bepaalde aandoening waarbij varianten in een of meerdere genen kunnen leiden tot klinische verschijnselen. De overerving kan autosomaal dominant, autosomaal recessief of X-gebonden zijn, afhankelijk van het onderliggende mechanisme. Diagnostiek kan bestaan uit moleculair-genetisch onderzoek en/of chromosoomanalyse. Voor counseling en interpretatie van uitslagen kan verwijzing naar de klinische genetica passend zijn.",Bespreek je vraag met je huisarts. Vraag zo nodig om een verwijzing naar de klinische genetica.,Deze informatie is algemeen en is geen diagnose of persoonlijk medisch advies. Bespreek klachten of zorgen altijd met een arts.,autosomaal|recessief|dominant|x-gebonden|moleculair|chromosoomanalyse|counseling,13.5,4.444444444444445,27,2,15.25,6.639344262295082,61,4,9.877777777777778,11.805737704918034
M,MUTYH geassocieerde polyposis (MAP),https://www.erfelijkheid.nl/ziektes/mutyh-geassocieerde-polyposis-map,mutyh-geassocieerde-polyposis-map,mutyh-geassocieerde-polyposis-map,https://www.erfocentrum.nl/,Aanleg en ontwikkeling,mutyh geassocieerde polyposis map|mutyhgeassocieerdepolyposismap,MUTYH geassocieerde polyposis (MAP) is een zeldzame erfelijke aandoening. Hier lees je in eenvoudige woorden de belangrijkste punten en waar je terechtkunt voor hulp.,MUTYH geassocieerde polyposis (MAP) wordt in de literatuur beschreven als een genetische aandoening met heterogene etiologie. Fenotype-expressie en penetrantie kunnen variëren; risico-inschatting hangt af van familieanamnese en genetische bevindingen. Differentiaaldiagnostiek en indicatiestelling voor DNA-diagnostiek verlopen doorgaans via zorgprofessionals. Bespreek vragen met de huisarts; zo nodig volgt verwijzing naar een klinisch geneticus.,Maak een afspraak bij de huisarts om je familiegeschiedenis te bespreken. Een klinisch geneticus kan uitleg geven over erfelijkheid.,Deze informatie is algemeen en is geen diagnose of persoonlijk medisch advies. Bespreek klachten of zorgen altijd met een arts.,penetrantie|fenotype|etiologie|differentiaaldiagnostiek|indicatiestelling,12.0,5.791666666666667,24,2,13.5,7.166666666666667,54,4,9.516666666666666,10.966666666666667
M,Myasthenia gravis,https://www.erfelijkheid.nl/ziektes/myasthenia-gravis,myasthenia-gravis,myasthenia-gravis,https://www.erfocentrum.nl/,Aanleg en ontwikkeling,myasthenia gravis|myastheniagravis,Bij Myasthenia gravis spelen genen een rol. Deze pagina helpt je om snel te vinden: is het erfelijk en wat is een logische volgende stap.,"Myasthenia gravis betreft een genetisch bepaalde aandoening waarbij varianten in een of meerdere genen kunnen leiden tot klinische verschijnselen. De overerving kan autosomaal dominant, autosomaal recessief of X-gebonden zijn, afhankelijk van het onderliggende mechanisme. Diagnostiek kan bestaan uit moleculair-genetisch onderzoek en/of chromosoomanalyse. Voor counseling en interpretatie van uitslagen kan verwijzing naar de klinische genetica passend zijn.",Maak een afspraak bij de huisarts om je familiegeschiedenis te bespreken. Een klinisch geneticus kan uitleg geven over erfelijkheid.,Deze informatie is algemeen en is geen diagnose of persoonlijk medisch advies. Bespreek klachten of zorgen altijd met een arts.,autosomaal|recessief|dominant|x-gebonden|moleculair|chromosoomanalyse|counseling,12.5,4.4,25,2,14.75,6.694915254237288,59,4,9.26,11.527966101694915
M,Myhre syndroom,https://www.erfelijkheid.nl/ziektes/myhre-syndroom,myhre-syndroom,myhre-syndroom,https://www.erfocentrum.nl/,Aanleg en ontwikkeling,myhre syn|myhre syndroom|myhresyndroom,"Myhre syndroom is een erfelijke aandoening. Op deze pagina vind je wat het is, of het in families voorkomt en wat je kunt doen als je vragen hebt.","Myhre syndroom betreft een genetisch bepaalde aandoening waarbij varianten in een of meerdere genen kunnen leiden tot klinische verschijnselen. De overerving kan autosomaal dominant, autosomaal recessief of X-gebonden zijn, afhankelijk van het onderliggende mechanisme. Diagnostiek kan bestaan uit moleculair-genetisch onderzoek en/of chromosoomanalyse. Voor counseling en interpretatie van uitslagen kan verwijzing naar de klinische genetica passend zijn.",Maak een afspraak bij de huisarts om je familiegeschiedenis te bespreken. Een klinisch geneticus kan uitleg geven over erfelijkheid.,Deze informatie is algemeen en is geen diagnose of persoonlijk medisch advies. Bespreek klachten of zorgen altijd met een arts.,autosomaal|recessief|dominant|x-gebonden|moleculair|chromosoomanalyse|counseling,14.0,4.142857142857143,28,2,14.75,6.6440677966101696,59,4,10.057142857142857,11.507627118644068
M,Myositis,https://www.erfelijkheid.nl/ziektes/myositis,myositis,myositis,https://www.erfocentrum.nl/,Aanleg en ontwikkeling,myositis,"Myositis is een erfelijke aandoening. Op deze pagina vind je wat het is, of het in families voorkomt en wat je kunt doen als je vragen hebt.",Myositis wordt in de literatuur beschreven als een genetische aandoening met heterogene etiologie. Fenotype-expressie en penetrantie kunnen variëren; risico-inschatting hangt af van familieanamnese en genetische bevindingen. Differentiaaldiagnostiek en indicatiestelling voor DNA-diagnostiek verlopen doorgaans via zorgprofessionals. Bespreek vragen met de huisarts; zo nodig volgt verwijzing naar een klinisch geneticus.,Maak een afspraak bij de huisarts om je familiegeschiedenis te bespreken. Een klinisch geneticus kan uitleg geven over erfelijkheid.,Deze informatie is algemeen en is geen diagnose of persoonlijk medisch advies. Bespreek klachten of zorgen altijd met een arts.,penetrantie|fenotype|etiologie|differentiaaldiagnostiek|indicatiestelling,13.5,4.111111111111111,27,2,12.75,7.1568627450980395,51,4,9.744444444444444,10.512745098039215
M,Myotone dystrofie type 1,https://www.erfelijkheid.nl/ziektes/myotone-dystrofie-type-1,myotone-dystrofie-type-1,myotone-dystrofie-type-1,https://www.erfocentrum.nl/,Aanleg en ontwikkeling,myotone dystrofie type 1|myotonedystrofietype1,Myotone dystrofie type 1 is een zeldzame erfelijke aandoening. Hier lees je in eenvoudige woorden de belangrijkste punten en waar je terechtkunt voor hulp.,"Myotone dystrofie type 1 betreft een genetisch bepaalde aandoening waarbij varianten in een of meerdere genen kunnen leiden tot klinische verschijnselen. De overerving kan autosomaal dominant, autosomaal recessief of X-gebonden zijn, afhankelijk van het onderliggende mechanisme. Diagnostiek kan bestaan uit moleculair-genetisch onderzoek en/of chromosoomanalyse. Voor counseling en interpretatie van uitslagen kan verwijzing naar de klinische genetica passend zijn.",Bespreek je vraag met je huisarts. Vraag zo nodig om een verwijzing naar de klinische genetica.,Deze informatie is algemeen en is geen diagnose of persoonlijk medisch advies. Bespreek klachten of zorgen altijd met een arts.,autosomaal|recessief|dominant|x-gebonden|moleculair|chromosoomanalyse|counseling,12.0,5.416666666666667,24,2,15.25,6.557377049180328,61,4,9.366666666666667,11.772950819672133
M,Myotone dystrofie type 2,https://www.erfelijkheid.nl/ziektes/myotone-dystrofie-type-2,myotone-dystrofie-type-2,myotone-dystrofie-type-2,https://www.erfocentrum.nl/,Aanleg en ontwikkeling,myotone dystrofie type 2|myotonedystrofietype2,"Myotone dystrofie type 2 is een erfelijke aandoening. Op deze pagina vind je wat het is, of het in families voorkomt en wat je kunt doen als je vragen hebt.","Myotone dystrofie type 2 betreft een genetisch bepaalde aandoening waarbij varianten in een of meerdere genen kunnen leiden tot klinische verschijnselen. De overerving kan autosomaal dominant, autosomaal recessief of X-gebonden zijn, afhankelijk van het onderliggende mechanisme. Diagnostiek kan bestaan uit moleculair-genetisch onderzoek en/of chromosoomanalyse. Voor counseling en interpretatie van uitslagen kan verwijzing naar de klinische genetica passend zijn.",Bespreek je vraag met je huisarts. Vraag zo nodig om een verwijzing naar de klinische genetica.,Deze informatie is algemeen en is geen diagnose of persoonlijk medisch advies. Bespreek klachten of zorgen altijd met een arts.,autosomaal|recessief|dominant|x-gebonden|moleculair|chromosoomanalyse|counseling,15.0,4.133333333333334,30,2,15.25,6.557377049180328,61,4,10.653333333333334,11.772950819672133
N,Nachtblindheid,https://www.erfelijkheid.nl/ziektes/nachtblindheid,nachtblindheid,nachtblindheid,https://www.erfocentrum.nl/,Aanleg en ontwikkeling,nachtblindheid,"Nachtblindheid is een erfelijke aandoening. Op deze pagina vind je wat het is, of het in families voorkomt en wat je kunt doen als je vragen hebt.",Nachtblindheid wordt in de literatuur beschreven als een genetische aandoening met heterogene etiologie. Fenotype-expressie en penetrantie kunnen variëren; risico-inschatting hangt af van familieanamnese en genetische bevindingen. Differentiaaldiagnostiek en indicatiestelling voor DNA-diagnostiek verlopen doorgaans via zorgprofessionals. Bespreek vragen met de huisarts; zo nodig volgt verwijzing naar een klinisch geneticus.,Maak een afspraak bij de huisarts om je familiegeschiedenis te bespreken. Een klinisch geneticus kan uitleg geven over erfelijkheid.,Deze informatie is algemeen en is geen diagnose of persoonlijk medisch advies. Bespreek klachten of zorgen altijd met een arts.,penetrantie|fenotype|etiologie|differentiaaldiagnostiek|indicatiestelling,13.5,4.333333333333333,27,2,12.75,7.2745098039215685,51,4,9.833333333333332,10.559803921568626
N,Nagel-patellasyndroom,https://www.erfelijkheid.nl/ziektes/nagel-patellasyndroom,nagel-patellasyndroom,nagel-patellasyndroom,https://www.erfocentrum.nl/,Aanleg en ontwikkeling,nagel patellasyndroom|nagel-patellasyn|nagel-patellasyndroom,Bij Nagel-patellasyndroom spelen genen een rol. Deze pagina helpt je om snel te vinden: is het erfelijk en wat is een logische volgende stap.,"Nagel-patellasyndroom betreft een genetisch bepaalde aandoening waarbij varianten in een of meerdere genen kunnen leiden tot klinische verschijnselen. De overerving kan autosomaal dominant, autosomaal recessief of X-gebonden zijn, afhankelijk van het onderliggende mechanisme. Diagnostiek kan bestaan uit moleculair-genetisch onderzoek en/of chromosoomanalyse. Voor counseling en interpretatie van uitslagen kan verwijzing naar de klinische genetica passend zijn.",Maak een afspraak bij de huisarts om je familiegeschiedenis te bespreken. Een klinisch geneticus kan uitleg geven over erfelijkheid.,Deze informatie is algemeen en is geen diagnose of persoonlijk medisch advies. Bespreek klachten of zorgen altijd met een arts.,autosomaal|recessief|dominant|x-gebonden|moleculair|chromosoomanalyse|counseling,12.5,4.56,25,2,14.75,6.762711864406779,59,4,9.324,11.555084745762711
N,Nager syndroom,https://www.erfelijkheid.nl/ziektes/nager-syndroom,nager-syndroom,nager-syndroom,https://www.erfocentrum.nl/,Aanleg en ontwikkeling,nager syn|nager syndroom|nagersyndroom,Bij Nager syndroom spelen genen een rol. Deze pagina helpt je om snel te vinden: is het erfelijk en wat is een logische volgende stap.,Nager syndroom wordt in de literatuur beschreven als een genetische aandoening met heterogene etiologie. Fenotype-expressie en penetrantie kunnen variëren; risico-inschatting hangt af van familieanamnese en genetische bevindingen. Differentiaaldiagnostiek en indicatiestelling voor DNA-diagnostiek verlopen doorgaans via zorgprofessionals. Bespreek vragen met de huisarts; zo nodig volgt verwijzing naar een klinisch geneticus.,Maak een afspraak bij de huisarts om je familiegeschiedenis te bespreken. Een klinisch geneticus kan uitleg geven over erfelijkheid.,Deze informatie is algemeen en is geen diagnose of persoonlijk medisch advies. Bespreek klachten of zorgen altijd met een arts.,penetrantie|fenotype|etiologie|differentiaaldiagnostiek|indicatiestelling,12.5,4.28,25,2,13.0,7.115384615384615,52,4,9.212,10.646153846153846
N,Nance-Horan syndroom,https://www.erfelijkheid.nl/ziektes/nance-horan-syndroom,nance-horan-syndroom,nance-horan-syndroom,https://www.erfocentrum.nl/,Aanleg en ontwikkeling,nance horan syndroom|nance-horan syn|nance-horan syndroom|nance-horansyndroom,"Nance-Horan syndroom is een erfelijke aandoening. Op deze pagina vind je wat het is, of het in families voorkomt en wat je kunt doen als je vragen hebt.","Nance-Horan syndroom betreft een genetisch bepaalde aandoening waarbij varianten in een of meerdere genen kunnen leiden tot klinische verschijnselen. De overerving kan autosomaal dominant, autosomaal recessief of X-gebonden zijn, afhankelijk van het onderliggende mechanisme. Diagnostiek kan bestaan uit moleculair-genetisch onderzoek en/of chromosoomanalyse. Voor counseling en interpretatie van uitslagen kan verwijzing naar de klinische genetica passend zijn.",Maak een afspraak bij de huisarts om je familiegeschiedenis te bespreken. Een klinisch geneticus kan uitleg geven over erfelijkheid.,Deze informatie is algemeen en is geen diagnose of persoonlijk medisch advies. Bespreek klachten of zorgen altijd met een arts.,autosomaal|recessief|dominant|x-gebonden|moleculair|chromosoomanalyse|counseling,14.5,4.172413793103448,29,2,15.0,6.616666666666666,60,4,10.368965517241378,11.646666666666667
N,Nefronoftise,https://www.erfelijkheid.nl/ziektes/nefronoftise,nefronoftise,nefronoftise,https://www.erfocentrum.nl/,Aanleg en ontwikkeling,nefronoftise,Nefronoftise is een zeldzame erfelijke aandoening. Hier lees je in eenvoudige woorden de belangrijkste punten en waar je terechtkunt voor hulp.,"Nefronoftise betreft een genetisch bepaalde aandoening waarbij varianten in een of meerdere genen kunnen leiden tot klinische verschijnselen. De overerving kan autosomaal dominant, autosomaal recessief of X-gebonden zijn, afhankelijk van het onderliggende mechanisme. Diagnostiek kan bestaan uit moleculair-genetisch onderzoek en/of chromosoomanalyse. Voor counseling en interpretatie van uitslagen kan verwijzing naar de klinische genetica passend zijn.",Bespreek je vraag met je huisarts. Vraag zo nodig om een verwijzing naar de klinische genetica.,Deze informatie is algemeen en is geen diagnose of persoonlijk medisch advies. Bespreek klachten of zorgen altijd met een arts.,autosomaal|recessief|dominant|x-gebonden|moleculair|chromosoomanalyse|counseling,10.5,5.761904761904762,21,2,14.5,6.741379310344827,58,4,8.604761904761904,11.39655172413793
N,Nemaline myopathie,https://www.erfelijkheid.nl/ziektes/nemaline-myopathie,nemaline-myopathie,nemaline-myopathie,https://www.erfocentrum.nl/,Aanleg en ontwikkeling,nemaline myopathie|nemalinemyopathie,Nemaline myopathie is een zeldzame erfelijke aandoening. Hier lees je in eenvoudige woorden de belangrijkste punten en waar je terechtkunt voor hulp.,Nemaline myopathie wordt in de literatuur beschreven als een genetische aandoening met heterogene etiologie. Fenotype-expressie en penetrantie kunnen variëren; risico-inschatting hangt af van familieanamnese en genetische bevindingen. Differentiaaldiagnostiek en indicatiestelling voor DNA-diagnostiek verlopen doorgaans via zorgprofessionals. Bespreek vragen met de huisarts; zo nodig volgt verwijzing naar een klinisch geneticus.,Bespreek je vraag met je huisarts. Vraag zo nodig om een verwijzing naar de klinische genetica.,Deze informatie is algemeen en is geen diagnose of persoonlijk medisch advies. Bespreek klachten of zorgen altijd met een arts.,penetrantie|fenotype|etiologie|differentiaaldiagnostiek|indicatiestelling,11.0,5.7272727272727275,22,2,13.0,7.1923076923076925,52,4,8.89090909090909,10.676923076923078
N,Neonatale adrenoleukodystrofie (NALD),https://www.erfelijkheid.nl/ziektes/zellweger-spectrum-stoornis,zellweger-spectrum-stoornis,zellweger-spectrum-stoornis,https://www.erfocentrum.nl/,Aanleg en ontwikkeling,neonatale adrenoleukodystrofie nald|neonataleadrenoleukodystrofienald|zellweger spectrum stoornis,Bij Neonatale adrenoleukodystrofie (NALD) spelen genen een rol. Deze pagina helpt je om snel te vinden: is het erfelijk en wat is een logische volgende stap.,"Neonatale adrenoleukodystrofie (NALD) betreft een genetisch bepaalde aandoening waarbij varianten in een of meerdere genen kunnen leiden tot klinische verschijnselen. De overerving kan autosomaal dominant, autosomaal recessief of X-gebonden zijn, afhankelijk van het onderliggende mechanisme. Diagnostiek kan bestaan uit moleculair-genetisch onderzoek en/of chromosoomanalyse. Voor counseling en interpretatie van uitslagen kan verwijzing naar de klinische genetica passend zijn.",Bespreek je vraag met je huisarts. Vraag zo nodig om een verwijzing naar de klinische genetica.,Deze informatie is algemeen en is geen diagnose of persoonlijk medisch advies. Bespreek klachten of zorgen altijd met een arts.,autosomaal|recessief|dominant|x-gebonden|moleculair|chromosoomanalyse|counseling,13.0,4.884615384615385,26,2,15.0,6.866666666666666,60,4,9.753846153846155,11.746666666666666
N,Netherton syndroom,https://www.erfelijkheid.nl/ziektes/netherton-syndroom,netherton-syndroom,netherton-syndroom,https://www.erfocentrum.nl/,Aanleg en ontwikkeling,netherton syn|netherton syndroom|nethertonsyndroom,"Netherton syndroom is een erfelijke aandoening. Op deze pagina vind je wat het is, of het in families voorkomt en wat je kunt doen als je vragen hebt.",Netherton syndroom wordt in de literatuur beschreven als een genetische aandoening met heterogene etiologie. Fenotype-expressie en penetrantie kunnen variëren; risico-inschatting hangt af van familieanamnese en genetische bevindingen. Differentiaaldiagnostiek en indicatiestelling voor DNA-diagnostiek verlopen doorgaans via zorgprofessionals. Bespreek vragen met de huisarts; zo nodig volgt verwijzing naar een klinisch geneticus.,Bespreek je vraag met je huisarts. Vraag zo nodig om een verwijzing naar de klinische genetica.,Deze informatie is algemeen en is geen diagnose of persoonlijk medisch advies. Bespreek klachten of zorgen altijd met een arts.,penetrantie|fenotype|etiologie|differentiaaldiagnostiek|indicatiestelling,14.0,4.285714285714286,28,2,13.0,7.1923076923076925,52,4,10.114285714285714,10.676923076923078
N,Neuralebuisdefecten,https://www.erfelijkheid.nl/ziektes/neurale-buisdefecten,neurale-buisdefecten,neurale-buisdefecten,https://www.erfocentrum.nl/,Erfelijkheid van neurologische ziekten,neurale buisdefecten|neuralebuisdefecten,Bij Neuralebuisdefecten spelen genen een rol. Deze pagina helpt je om snel te vinden: is het erfelijk en wat is een logische volgende stap.,Neuralebuisdefecten wordt in de literatuur beschreven als een genetische aandoening met heterogene etiologie. Fenotype-expressie en penetrantie kunnen variëren; risico-inschatting hangt af van familieanamnese en genetische bevindingen. Differentiaaldiagnostiek en indicatiestelling voor DNA-diagnostiek verlopen doorgaans via zorgprofessionals. Bespreek vragen met de huisarts; zo nodig volgt verwijzing naar een klinisch geneticus.,Maak een afspraak bij de huisarts om je familiegeschiedenis te bespreken. Een klinisch geneticus kan uitleg geven over erfelijkheid.,Deze informatie is algemeen en is geen diagnose of persoonlijk medisch advies. Bespreek klachten of zorgen altijd met een arts.,penetrantie|fenotype|etiologie|differentiaaldiagnostiek|indicatiestelling,12.0,4.708333333333333,24,2,12.75,7.372549019607843,51,4,9.083333333333332,10.599019607843136
N,Neuroblastoom,https://www.erfelijkheid.nl/ziektes/neuroblastoom,neuroblastoom,neuroblastoom,https://www.erfocentrum.nl/,Erfelijkheid van neurologische ziekten,neuroblastoom,Neuroblastoom is een zeldzame erfelijke aandoening. Hier lees je in eenvoudige woorden de belangrijkste punten en waar je terechtkunt voor hulp.,Neuroblastoom wordt in de literatuur beschreven als een genetische aandoening met heterogene etiologie. Fenotype-expressie en penetrantie kunnen variëren; risico-inschatting hangt af van familieanamnese en genetische bevindingen. Differentiaaldiagnostiek en indicatiestelling voor DNA-diagnostiek verlopen doorgaans via zorgprofessionals. Bespreek vragen met de huisarts; zo nodig volgt verwijzing naar een klinisch geneticus.,Maak een afspraak bij de huisarts om je familiegeschiedenis te bespreken. Een klinisch geneticus kan uitleg geven over erfelijkheid.,Deze informatie is algemeen en is geen diagnose of persoonlijk medisch advies. Bespreek klachten of zorgen altijd met een arts.,penetrantie|fenotype|etiologie|differentiaaldiagnostiek|indicatiestelling,10.5,5.809523809523809,21,2,12.75,7.254901960784314,51,4,8.623809523809523,10.551960784313724
N,Neurofibromatose type 1,https://www.erfelijkheid.nl/ziektes/neurofibromatose-type-1,neurofibromatose-type-1,neurofibromatose-type-1,https://www.erfocentrum.nl/,Erfelijkheid van neurologische ziekten,neurofibromatose type 1|neurofibromatosetype1,"Neurofibromatose type 1 is een erfelijke aandoening. Op deze pagina vind je wat het is, of het in families voorkomt en wat je kunt doen als je vragen hebt.",Neurofibromatose type 1 wordt in de literatuur beschreven als een genetische aandoening met heterogene etiologie. Fenotype-expressie en penetrantie kunnen variëren; risico-inschatting hangt af van familieanamnese en genetische bevindingen. Differentiaaldiagnostiek en indicatiestelling voor DNA-diagnostiek verlopen doorgaans via zorgprofessionals. Bespreek vragen met de huisarts; zo nodig volgt verwijzing naar een klinisch geneticus.,Bespreek je vraag met je huisarts. Vraag zo nodig om een verwijzing naar de klinische genetica.,Deze informatie is algemeen en is geen diagnose of persoonlijk medisch advies. Bespreek klachten of zorgen altijd met een arts.,penetrantie|fenotype|etiologie|differentiaaldiagnostiek|indicatiestelling,14.5,4.275862068965517,29,2,13.25,7.132075471698113,53,4,10.410344827586206,10.802830188679245
N,Neurofibromatose type 2,https://www.erfelijkheid.nl/ziektes/neurofibromatose-type-2,neurofibromatose-type-2,neurofibromatose-type-2,https://www.erfocentrum.nl/,Erfelijkheid van neurologische ziekten,neurofibromatose type 2|neurofibromatosetype2,Bij Neurofibromatose type 2 spelen genen een rol. Deze pagina helpt je om snel te vinden: is het erfelijk en wat is een logische volgende stap.,"Neurofibromatose type 2 betreft een genetisch bepaalde aandoening waarbij varianten in een of meerdere genen kunnen leiden tot klinische verschijnselen. De overerving kan autosomaal dominant, autosomaal recessief of X-gebonden zijn, afhankelijk van het onderliggende mechanisme. Diagnostiek kan bestaan uit moleculair-genetisch onderzoek en/of chromosoomanalyse. Voor counseling en interpretatie van uitslagen kan verwijzing naar de klinische genetica passend zijn.",Maak een afspraak bij de huisarts om je familiegeschiedenis te bespreken. Een klinisch geneticus kan uitleg geven over erfelijkheid.,Deze informatie is algemeen en is geen diagnose of persoonlijk medisch advies. Bespreek klachten of zorgen altijd met een arts.,autosomaal|recessief|dominant|x-gebonden|moleculair|chromosoomanalyse|counseling,13.0,4.423076923076923,26,2,15.0,6.666666666666667,60,4,9.569230769230769,11.666666666666668
N,Neuromusculaire aandoeningen,https://www.erfelijkheid.nl/ziektes/neuromusculaire-aandoeningen,neuromusculaire-aandoeningen,neuromusculaire-aandoeningen,https://www.erfocentrum.nl/,Erfelijkheid van neurologische ziekten,neuromusculaire aandoeningen|neuromusculaireaandoeningen,Bij Neuromusculaire aandoeningen spelen genen een rol. Deze pagina helpt je om snel te vinden: is het erfelijk en wat is een logische volgende stap.,"Neuromusculaire aandoeningen betreft een genetisch bepaalde aandoening waarbij varianten in een of meerdere genen kunnen leiden tot klinische verschijnselen. De overerving kan autosomaal dominant, autosomaal recessief of X-gebonden zijn, afhankelijk van het onderliggende mechanisme. Diagnostiek kan bestaan uit moleculair-genetisch onderzoek en/of chromosoomanalyse. Voor counseling en interpretatie van uitslagen kan verwijzing naar de klinische genetica passend zijn.",Maak een afspraak bij de huisarts om je familiegeschiedenis te bespreken. Een klinisch geneticus kan uitleg geven over erfelijkheid.,Deze informatie is algemeen en is geen diagnose of persoonlijk medisch advies. Bespreek klachten of zorgen altijd met een arts.,autosomaal|recessief|dominant|x-gebonden|moleculair|chromosoomanalyse|counseling,12.5,4.84,25,2,14.75,6.88135593220339,59,4,9.436,11.602542372881356
N,Neuronale ceroid lipofuscinose,https://www.erfelijkheid.nl/ziektes/neuronale-ceroid-lipofuscinose,neuronale-ceroid-lipofuscinose,neuronale-ceroid-lipofuscinose,https://www.erfocentrum.nl/,Erfelijkheid van neurologische ziekten,neuronale ceroid lipofuscinose|neuronaleceroidlipofuscinose,Neuronale ceroid lipofuscinose is een zeldzame erfelijke aandoening. Hier lees je in eenvoudige woorden de belangrijkste punten en waar je terechtkunt voor hulp.,Neuronale ceroid lipofuscinose wordt in de literatuur beschreven als een genetische aandoening met heterogene etiologie. Fenotype-expressie en penetrantie kunnen variëren; risico-inschatting hangt af van familieanamnese en genetische bevindingen. Differentiaaldiagnostiek en indicatiestelling voor DNA-diagnostiek verlopen doorgaans via zorgprofessionals. Bespreek vragen met de huisarts; zo nodig volgt verwijzing naar een klinisch geneticus.,Maak een afspraak bij de huisarts om je familiegeschiedenis te bespreken. Een klinisch geneticus kan uitleg geven over erfelijkheid.,Deze informatie is algemeen en is geen diagnose of persoonlijk medisch advies. Bespreek klachten of zorgen altijd met een arts.,penetrantie|fenotype|etiologie|differentiaaldiagnostiek|indicatiestelling,11.5,5.956521739130435,23,2,13.25,7.264150943396227,53,4,9.282608695652174,10.85566037735849
N,Neuronale ceroid lipofuscinose type 8,https://www.erfelijkheid.nl/ziektes/neuronale-ceroid-lipofuscinose-type-8,neuronale-ceroid-lipofuscinose-type-8,neuronale-ceroid-lipofuscinose-type-8,https://www.erfocentrum.nl/,Erfelijkheid van neurologische ziekten,neuronale ceroid lipofuscinose type 8|neuronaleceroidlipofuscinosetype8,Bij Neuronale ceroid lipofuscinose type 8 spelen genen een rol. Deze pagina helpt je om snel te vinden: is het erfelijk en wat is een logische volgende stap.,"Neuronale ceroid lipofuscinose type 8 betreft een genetisch bepaalde aandoening waarbij varianten in een of meerdere genen kunnen leiden tot klinische verschijnselen. De overerving kan autosomaal dominant, autosomaal recessief of X-gebonden zijn, afhankelijk van het onderliggende mechanisme. Diagnostiek kan bestaan uit moleculair-genetisch onderzoek en/of chromosoomanalyse. Voor counseling en interpretatie van uitslagen kan verwijzing naar de klinische genetica passend zijn.",Bespreek je vraag met je huisarts. Vraag zo nodig om een verwijzing naar de klinische genetica.,Deze informatie is algemeen en is geen diagnose of persoonlijk medisch advies. Bespreek klachten of zorgen altijd met een arts.,autosomaal|recessief|dominant|x-gebonden|moleculair|chromosoomanalyse|counseling,14.0,4.535714285714286,28,2,15.5,6.645161290322581,62,4,10.214285714285715,11.958064516129031
N,Nijmegen breuksyndroom,https://www.erfelijkheid.nl/ziektes/nijmegen-breuksyndroom,nijmegen-breuksyndroom,nijmegen-breuksyndroom,https://www.erfocentrum.nl/,Aanleg en ontwikkeling,nijmegen breuksyn|nijmegen breuksyndroom|nijmegenbreuksyndroom,Nijmegen breuksyndroom is een zeldzame erfelijke aandoening. Hier lees je in eenvoudige woorden de belangrijkste punten en waar je terechtkunt voor hulp.,"Nijmegen breuksyndroom betreft een genetisch bepaalde aandoening waarbij varianten in een of meerdere genen kunnen leiden tot klinische verschijnselen. De overerving kan autosomaal dominant, autosomaal recessief of X-gebonden zijn, afhankelijk van het onderliggende mechanisme. Diagnostiek kan bestaan uit moleculair-genetisch onderzoek en/of chromosoomanalyse. Voor counseling en interpretatie van uitslagen kan verwijzing naar de klinische genetica passend zijn.",Maak een afspraak bij de huisarts om je familiegeschiedenis te bespreken. Een klinisch geneticus kan uitleg geven over erfelijkheid.,Deze informatie is algemeen en is geen diagnose of persoonlijk medisch advies. Bespreek klachten of zorgen altijd met een arts.,autosomaal|recessief|dominant|x-gebonden|moleculair|chromosoomanalyse|counseling,11.0,5.909090909090909,22,2,14.75,6.779661016949152,59,4,8.963636363636363,11.56186440677966
N,Non compactie cardiomyopathie (NCCM),https://www.erfelijkheid.nl/ziektes/non-compactie-cardiomyopathie-nccm,non-compactie-cardiomyopathie-nccm,non-compactie-cardiomyopathie-nccm,https://www.erfocentrum.nl/,Erfelijkheid hartziekten,non compactie cardiomyopathie nccm|noncompactiecardiomyopathienccm,Non compactie cardiomyopathie (NCCM) is een zeldzame erfelijke aandoening. Hier lees je in eenvoudige woorden de belangrijkste punten en waar je terechtkunt voor hulp.,"Non compactie cardiomyopathie (NCCM) betreft een genetisch bepaalde aandoening waarbij varianten in een of meerdere genen kunnen leiden tot klinische verschijnselen. De overerving kan autosomaal dominant, autosomaal recessief of X-gebonden zijn, afhankelijk van het onderliggende mechanisme. Diagnostiek kan bestaan uit moleculair-genetisch onderzoek en/of chromosoomanalyse. Voor counseling en interpretatie van uitslagen kan verwijzing naar de klinische genetica passend zijn.",Maak een afspraak bij de huisarts om je familiegeschiedenis te bespreken. Een klinisch geneticus kan uitleg geven over erfelijkheid.,Deze informatie is algemeen en is geen diagnose of persoonlijk medisch advies. Bespreek klachten of zorgen altijd met een arts.,autosomaal|recessief|dominant|x-gebonden|moleculair|chromosoomanalyse|counseling,12.0,5.833333333333333,24,2,15.25,6.721311475409836,61,4,9.533333333333333,11.838524590163935
N,Non-ketotische hyperglycinemie,https://www.erfelijkheid.nl/ziektes/non-ketotische-hyperglycinemie,non-ketotische-hyperglycinemie,non-ketotische-hyperglycinemie,https://www.erfocentrum.nl/,Aanleg en ontwikkeling,non ketotische hyperglycinemie|non-ketotische hyperglycinemie|non-ketotischehyperglycinemie,"Non-ketotische hyperglycinemie is een erfelijke aandoening. Op deze pagina vind je wat het is, of het in families voorkomt en wat je kunt doen als je vragen hebt.","Non-ketotische hyperglycinemie betreft een genetisch bepaalde aandoening waarbij varianten in een of meerdere genen kunnen leiden tot klinische verschijnselen. De overerving kan autosomaal dominant, autosomaal recessief of X-gebonden zijn, afhankelijk van het onderliggende mechanisme. Diagnostiek kan bestaan uit moleculair-genetisch onderzoek en/of chromosoomanalyse. Voor counseling en interpretatie van uitslagen kan verwijzing naar de klinische genetica passend zijn.",Bespreek je vraag met je huisarts. Vraag zo nodig om een verwijzing naar de klinische genetica.,Deze informatie is algemeen en is geen diagnose of persoonlijk medisch advies. Bespreek klachten of zorgen altijd met een arts.,autosomaal|recessief|dominant|x-gebonden|moleculair|chromosoomanalyse|counseling,14.5,4.517241379310345,29,2,15.0,6.783333333333333,60,4,10.506896551724138,11.713333333333333
N,Noonan syndroom,https://www.erfelijkheid.nl/ziektes/noonan-syndroom,noonan-syndroom,noonan-syndroom,https://www.erfocentrum.nl/,Aanleg en ontwikkeling,noonan syn|noonan syndroom|noonansyndroom,"Noonan syndroom is een erfelijke aandoening. Op deze pagina vind je wat het is, of het in families voorkomt en wat je kunt doen als je vragen hebt.",Noonan syndroom wordt in de literatuur beschreven als een genetische aandoening met heterogene etiologie. Fenotype-expressie en penetrantie kunnen variëren; risico-inschatting hangt af van familieanamnese en genetische bevindingen. Differentiaaldiagnostiek en indicatiestelling voor DNA-diagnostiek verlopen doorgaans via zorgprofessionals. Bespreek vragen met de huisarts; zo nodig volgt verwijzing naar een klinisch geneticus.,Bespreek je vraag met je huisarts. Vraag zo nodig om een verwijzing naar de klinische genetica.,Deze informatie is algemeen en is geen diagnose of persoonlijk medisch advies. Bespreek klachten of zorgen altijd met een arts.,penetrantie|fenotype|etiologie|differentiaaldiagnostiek|indicatiestelling,14.0,4.178571428571429,28,2,13.0,7.134615384615385,52,4,10.071428571428573,10.653846153846153
N,Noordzeeziekte,https://www.erfelijkheid.nl/ziektes/noordzeeziekte,noordzeeziekte,noordzeeziekte,https://www.erfocentrum.nl/,Aanleg en ontwikkeling,noordzeeziekte,Bij Noordzeeziekte spelen genen een rol. Deze pagina helpt je om snel te vinden: is het erfelijk en wat is een logische volgende stap.,"Noordzeeziekte betreft een genetisch bepaalde aandoening waarbij varianten in een of meerdere genen kunnen leiden tot klinische verschijnselen. De overerving kan autosomaal dominant, autosomaal recessief of X-gebonden zijn, afhankelijk van het onderliggende mechanisme. Diagnostiek kan bestaan uit moleculair-genetisch onderzoek en/of chromosoomanalyse. Voor counseling en interpretatie van uitslagen kan verwijzing naar de klinische genetica passend zijn.",Bespreek je vraag met je huisarts. Vraag zo nodig om een verwijzing naar de klinische genetica.,Deze informatie is algemeen en is geen diagnose of persoonlijk medisch advies. Bespreek klachten of zorgen altijd met een arts.,autosomaal|recessief|dominant|x-gebonden|moleculair|chromosoomanalyse|counseling,12.0,4.5,24,2,14.5,6.775862068965517,58,4,9.0,11.410344827586206
N,NTHL1 geassocieerde polyposis,https://www.erfelijkheid.nl/ziektes/nthl1_geassocieerde_polyposis,nthl1_geassocieerde_polyposis,nthl1_geassocieerde_polyposis,https://www.erfocentrum.nl/,Aanleg en ontwikkeling,nthl 1 geassocieerde polyposis|nthl1 geassocieerde polyposis|nthl1_geassocieerde_polyposis|nthl1geassocieerdepolyposis,NTHL1 geassocieerde polyposis is een zeldzame erfelijke aandoening. Hier lees je in eenvoudige woorden de belangrijkste punten en waar je terechtkunt voor hulp.,NTHL1 geassocieerde polyposis wordt in de literatuur beschreven als een genetische aandoening met heterogene etiologie. Fenotype-expressie en penetrantie kunnen variëren; risico-inschatting hangt af van familieanamnese en genetische bevindingen. Differentiaaldiagnostiek en indicatiestelling voor DNA-diagnostiek verlopen doorgaans via zorgprofessionals. Bespreek vragen met de huisarts; zo nodig volgt verwijzing naar een klinisch geneticus.,Bespreek je vraag met je huisarts. Vraag zo nodig om een verwijzing naar de klinische genetica.,Deze informatie is algemeen en is geen diagnose of persoonlijk medisch advies. Bespreek klachten of zorgen altijd met een arts.,penetrantie|fenotype|etiologie|differentiaaldiagnostiek|indicatiestelling,11.5,5.913043478260869,23,2,13.25,7.245283018867925,53,4,9.265217391304347,10.848113207547168
O,Obesitas,https://www.erfelijkheid.nl/ziektes/obesitas,obesitas,obesitas,https://www.erfocentrum.nl/,Aanleg en ontwikkeling,obesitas,Obesitas is een zeldzame erfelijke aandoening. Hier lees je in eenvoudige woorden de belangrijkste punten en waar je terechtkunt voor hulp.,"Obesitas betreft een genetisch bepaalde aandoening waarbij varianten in een of meerdere genen kunnen leiden tot klinische verschijnselen. De overerving kan autosomaal dominant, autosomaal recessief of X-gebonden zijn, afhankelijk van het onderliggende mechanisme. Diagnostiek kan bestaan uit moleculair-genetisch onderzoek en/of chromosoomanalyse. Voor counseling en interpretatie van uitslagen kan verwijzing naar de klinische genetica passend zijn.",Maak een afspraak bij de huisarts om je familiegeschiedenis te bespreken. Een klinisch geneticus kan uitleg geven over erfelijkheid.,Deze informatie is algemeen en is geen diagnose of persoonlijk medisch advies. Bespreek klachten of zorgen altijd met een arts.,autosomaal|recessief|dominant|x-gebonden|moleculair|chromosoomanalyse|counseling,10.5,5.571428571428571,21,2,14.5,6.672413793103448,58,4,8.528571428571428,11.368965517241378
O,Obstructieve uropathie,https://www.erfelijkheid.nl/ziektes/obstructieve-uropathie,obstructieve-uropathie,obstructieve-uropathie,https://www.erfocentrum.nl/,Aanleg en ontwikkeling,obstructieve uropathie|obstructieveuropathie,"Obstructieve uropathie is een erfelijke aandoening. Op deze pagina vind je wat het is, of het in families voorkomt en wat je kunt doen als je vragen hebt.","Obstructieve uropathie betreft een genetisch bepaalde aandoening waarbij varianten in een of meerdere genen kunnen leiden tot klinische verschijnselen. De overerving kan autosomaal dominant, autosomaal recessief of X-gebonden zijn, afhankelijk van het onderliggende mechanisme. Diagnostiek kan bestaan uit moleculair-genetisch onderzoek en/of chromosoomanalyse. Voor counseling en interpretatie van uitslagen kan verwijzing naar de klinische genetica passend zijn.",Bespreek je vraag met je huisarts. Vraag zo nodig om een verwijzing naar de klinische genetica.,Deze informatie is algemeen en is geen diagnose of persoonlijk medisch advies. Bespreek klachten of zorgen altijd met een arts.,autosomaal|recessief|dominant|x-gebonden|moleculair|chromosoomanalyse|counseling,14.0,4.428571428571429,28,2,14.75,6.779661016949152,59,4,10.171428571428573,11.56186440677966
O,Oculodentodigitale dysplasie,https://www.erfelijkheid.nl/ziektes/oculodentodigitale-dysplasie,oculodentodigitale-dysplasie,oculodentodigitale-dysplasie,https://www.erfocentrum.nl/,Aanleg en ontwikkeling,oculodentodigitale dysplasie|oculodentodigitaledysplasie,"Oculodentodigitale dysplasie is een erfelijke aandoening. Op deze pagina vind je wat het is, of het in families voorkomt en wat je kunt doen als je vragen hebt.",Oculodentodigitale dysplasie wordt in de literatuur beschreven als een genetische aandoening met heterogene etiologie. Fenotype-expressie en penetrantie kunnen variëren; risico-inschatting hangt af van familieanamnese en genetische bevindingen. Differentiaaldiagnostiek en indicatiestelling voor DNA-diagnostiek verlopen doorgaans via zorgprofessionals. Bespreek vragen met de huisarts; zo nodig volgt verwijzing naar een klinisch geneticus.,Maak een afspraak bij de huisarts om je familiegeschiedenis te bespreken. Een klinisch geneticus kan uitleg geven over erfelijkheid.,Deze informatie is algemeen en is geen diagnose of persoonlijk medisch advies. Bespreek klachten of zorgen altijd met een arts.,penetrantie|fenotype|etiologie|differentiaaldiagnostiek|indicatiestelling,14.0,4.642857142857143,28,2,13.0,7.384615384615385,52,4,10.257142857142858,10.753846153846155
O,Oculofaryngeale spierdystrofie (OPMD),https://www.erfelijkheid.nl/ziektes/oculofaryngeale-spierdystrofie-opmd,oculofaryngeale-spierdystrofie-opmd,oculofaryngeale-spierdystrofie-opmd,https://www.erfocentrum.nl/,Erfelijkheid van neurologische ziekten,oculofaryngeale spierdystrofie opmd|oculofaryngealespierdystrofieopmd,Oculofaryngeale spierdystrofie (OPMD) is een zeldzame erfelijke aandoening. Hier lees je in eenvoudige woorden de belangrijkste punten en waar je terechtkunt voor hulp.,Oculofaryngeale spierdystrofie (OPMD) wordt in de literatuur beschreven als een genetische aandoening met heterogene etiologie. Fenotype-expressie en penetrantie kunnen variëren; risico-inschatting hangt af van familieanamnese en genetische bevindingen. Differentiaaldiagnostiek en indicatiestelling voor DNA-diagnostiek verlopen doorgaans via zorgprofessionals. Bespreek vragen met de huisarts; zo nodig volgt verwijzing naar een klinisch geneticus.,Bespreek je vraag met je huisarts. Vraag zo nodig om een verwijzing naar de klinische genetica.,Deze informatie is algemeen en is geen diagnose of persoonlijk medisch advies. Bespreek klachten of zorgen altijd met een arts.,penetrantie|fenotype|etiologie|differentiaaldiagnostiek|indicatiestelling,11.5,6.173913043478261,23,2,13.25,7.3584905660377355,53,4,9.369565217391305,10.893396226415094
O,Oesofagus atresie,https://www.erfelijkheid.nl/ziektes/oesofagus-atresie,oesofagus-atresie,oesofagus-atresie,https://www.erfocentrum.nl/,Aanleg en ontwikkeling,oesofagus atresie|oesofagusatresie,"Oesofagus atresie is een erfelijke aandoening. Op deze pagina vind je wat het is, of het in families voorkomt en wat je kunt doen als je vragen hebt.",Oesofagus atresie wordt in de literatuur beschreven als een genetische aandoening met heterogene etiologie. Fenotype-expressie en penetrantie kunnen variëren; risico-inschatting hangt af van familieanamnese en genetische bevindingen. Differentiaaldiagnostiek en indicatiestelling voor DNA-diagnostiek verlopen doorgaans via zorgprofessionals. Bespreek vragen met de huisarts; zo nodig volgt verwijzing naar een klinisch geneticus.,Maak een afspraak bij de huisarts om je familiegeschiedenis te bespreken. Een klinisch geneticus kan uitleg geven over erfelijkheid.,Deze informatie is algemeen en is geen diagnose of persoonlijk medisch advies. Bespreek klachten of zorgen altijd met een arts.,penetrantie|fenotype|etiologie|differentiaaldiagnostiek|indicatiestelling,14.0,4.25,28,2,13.0,7.173076923076923,52,4,10.100000000000001,10.669230769230769
O,Okur-Chung syndroom,https://www.erfelijkheid.nl/ziektes/okur-chung-syndroom,okur-chung-syndroom,okur-chung-syndroom,https://www.erfocentrum.nl/,Aanleg en ontwikkeling,okur chung syndroom|okur-chung syn|okur-chung syndroom|okur-chungsyndroom,Bij Okur-Chung syndroom spelen genen een rol. Deze pagina helpt je om snel te vinden: is het erfelijk en wat is een logische volgende stap.,Okur-Chung syndroom wordt in de literatuur beschreven als een genetische aandoening met heterogene etiologie. Fenotype-expressie en penetrantie kunnen variëren; risico-inschatting hangt af van familieanamnese en genetische bevindingen. Differentiaaldiagnostiek en indicatiestelling voor DNA-diagnostiek verlopen doorgaans via zorgprofessionals. Bespreek vragen met de huisarts; zo nodig volgt verwijzing naar een klinisch geneticus.,Maak een afspraak bij de huisarts om je familiegeschiedenis te bespreken. Een klinisch geneticus kan uitleg geven over erfelijkheid.,Deze informatie is algemeen en is geen diagnose of persoonlijk medisch advies. Bespreek klachten of zorgen altijd met een arts.,penetrantie|fenotype|etiologie|differentiaaldiagnostiek|indicatiestelling,13.0,4.269230769230769,26,2,13.25,7.056603773584905,53,4,9.507692307692308,10.772641509433962
O,Oligodontie,https://www.erfelijkheid.nl/ziektes/oligodontie,oligodontie,oligodontie,https://www.erfocentrum.nl/,Aanleg en ontwikkeling,oligodontie,Oligodontie is een zeldzame erfelijke aandoening. Hier lees je in eenvoudige woorden de belangrijkste punten en waar je terechtkunt voor hulp.,"Oligodontie betreft een genetisch bepaalde aandoening waarbij varianten in een of meerdere genen kunnen leiden tot klinische verschijnselen. De overerving kan autosomaal dominant, autosomaal recessief of X-gebonden zijn, afhankelijk van het onderliggende mechanisme. Diagnostiek kan bestaan uit moleculair-genetisch onderzoek en/of chromosoomanalyse. Voor counseling en interpretatie van uitslagen kan verwijzing naar de klinische genetica passend zijn.",Bespreek je vraag met je huisarts. Vraag zo nodig om een verwijzing naar de klinische genetica.,Deze informatie is algemeen en is geen diagnose of persoonlijk medisch advies. Bespreek klachten of zorgen altijd met een arts.,autosomaal|recessief|dominant|x-gebonden|moleculair|chromosoomanalyse|counseling,10.5,5.714285714285714,21,2,14.5,6.724137931034483,58,4,8.585714285714285,11.389655172413793
O,Omphalocèle,https://www.erfelijkheid.nl/ziektes/omphaloc%C3%A8le,omphaloc%C3%A8le,omphaloc%C3%A8le,https://www.erfocentrum.nl/,Aanleg en ontwikkeling,omphaloc%C3%A8le|omphalocele,"Omphalocèle is een erfelijke aandoening. Op deze pagina vind je wat het is, of het in families voorkomt en wat je kunt doen als je vragen hebt.",Omphalocèle wordt in de literatuur beschreven als een genetische aandoening met heterogene etiologie. Fenotype-expressie en penetrantie kunnen variëren; risico-inschatting hangt af van familieanamnese en genetische bevindingen. Differentiaaldiagnostiek en indicatiestelling voor DNA-diagnostiek verlopen doorgaans via zorgprofessionals. Bespreek vragen met de huisarts; zo nodig volgt verwijzing naar een klinisch geneticus.,Maak een afspraak bij de huisarts om je familiegeschiedenis te bespreken. Een klinisch geneticus kan uitleg geven over erfelijkheid.,Deze informatie is algemeen en is geen diagnose of persoonlijk medisch advies. Bespreek klachten of zorgen altijd met een arts.,penetrantie|fenotype|etiologie|differentiaaldiagnostiek|indicatiestelling,13.5,4.222222222222222,27,2,12.75,7.215686274509804,51,4,9.788888888888888,10.53627450980392
O,Onvolledige kleurenblindheid,https://www.erfelijkheid.nl/ziektes/onvolledige-kleurenblindheid,onvolledige-kleurenblindheid,onvolledige-kleurenblindheid,https://www.erfocentrum.nl/,Aanleg en ontwikkeling,onvolledige kleurenblindheid|onvolledigekleurenblindheid,Bij Onvolledige kleurenblindheid spelen genen een rol. Deze pagina helpt je om snel te vinden: is het erfelijk en wat is een logische volgende stap.,Onvolledige kleurenblindheid wordt in de literatuur beschreven als een genetische aandoening met heterogene etiologie. Fenotype-expressie en penetrantie kunnen variëren; risico-inschatting hangt af van familieanamnese en genetische bevindingen. Differentiaaldiagnostiek en indicatiestelling voor DNA-diagnostiek verlopen doorgaans via zorgprofessionals. Bespreek vragen met de huisarts; zo nodig volgt verwijzing naar een klinisch geneticus.,Maak een afspraak bij de huisarts om je familiegeschiedenis te bespreken. Een klinisch geneticus kan uitleg geven over erfelijkheid.,Deze informatie is algemeen en is geen diagnose of persoonlijk medisch advies. Bespreek klachten of zorgen altijd met een arts.,penetrantie|fenotype|etiologie|differentiaaldiagnostiek|indicatiestelling,12.5,4.84,25,2,13.0,7.384615384615385,52,4,9.436,10.753846153846155
O,Opitz G/BBB syndroom,https://www.erfelijkheid.nl/ziektes/opitz-gbbb-syndroom,opitz-gbbb-syndroom,opitz-gbbb-syndroom,https://www.erfocentrum.nl/,Aanleg en ontwikkeling,opitz g bbb syn|opitz g bbb syndroom|opitz gbbb syndroom|opitzgbbbsyndroom,Opitz G/BBB syndroom is een zeldzame erfelijke aandoening. Hier lees je in eenvoudige woorden de belangrijkste punten en waar je terechtkunt voor hulp.,"Opitz G/BBB syndroom betreft een genetisch bepaalde aandoening waarbij varianten in een of meerdere genen kunnen leiden tot klinische verschijnselen. De overerving kan autosomaal dominant, autosomaal recessief of X-gebonden zijn, afhankelijk van het onderliggende mechanisme. Diagnostiek kan bestaan uit moleculair-genetisch onderzoek en/of chromosoomanalyse. Voor counseling en interpretatie van uitslagen kan verwijzing naar de klinische genetica passend zijn.",Bespreek je vraag met je huisarts. Vraag zo nodig om een verwijzing naar de klinische genetica.,Deze informatie is algemeen en is geen diagnose of persoonlijk medisch advies. Bespreek klachten of zorgen altijd met een arts.,autosomaal|recessief|dominant|x-gebonden|moleculair|chromosoomanalyse|counseling,12.0,5.25,24,2,15.25,6.491803278688525,61,4,9.299999999999999,11.74672131147541
O,Oral-facial-digital syndroom (OFD),https://www.erfelijkheid.nl/ziektes/oral-facial-digital-syndroom-ofd,oral-facial-digital-syndroom-ofd,oral-facial-digital-syndroom-ofd,https://www.erfocentrum.nl/,Aanleg en ontwikkeling,oral facial digital syndroom ofd|oral-facial-digital syn ofd|oral-facial-digital syndroom ofd|oral-facial-digitalsyndroomofd,Bij Oral-facial-digital syndroom (OFD) spelen genen een rol. Deze pagina helpt je om snel te vinden: is het erfelijk en wat is een logische volgende stap.,"Oral-facial-digital syndroom (OFD) betreft een genetisch bepaalde aandoening waarbij varianten in een of meerdere genen kunnen leiden tot klinische verschijnselen. De overerving kan autosomaal dominant, autosomaal recessief of X-gebonden zijn, afhankelijk van het onderliggende mechanisme. Diagnostiek kan bestaan uit moleculair-genetisch onderzoek en/of chromosoomanalyse. Voor counseling en interpretatie van uitslagen kan verwijzing naar de klinische genetica passend zijn.",Bespreek je vraag met je huisarts. Vraag zo nodig om een verwijzing naar de klinische genetica.,Deze informatie is algemeen en is geen diagnose of persoonlijk medisch advies. Bespreek klachten of zorgen altijd met een arts.,autosomaal|recessief|dominant|x-gebonden|moleculair|chromosoomanalyse|counseling,14.0,4.357142857142857,28,2,15.5,6.564516129032258,62,4,10.142857142857142,11.925806451612903
O,Osteogenesis imperfecta (OI),https://www.erfelijkheid.nl/ziektes/osteogenesis-imperfecta-oi,osteogenesis-imperfecta-oi,osteogenesis-imperfecta-oi,https://www.erfocentrum.nl/,Aanleg en ontwikkeling,osteogenesis imperfecta oi|osteogenesisimperfectaoi,Bij Osteogenesis imperfecta (OI) spelen genen een rol. Deze pagina helpt je om snel te vinden: is het erfelijk en wat is een logische volgende stap.,Osteogenesis imperfecta (OI) wordt in de literatuur beschreven als een genetische aandoening met heterogene etiologie. Fenotype-expressie en penetrantie kunnen variëren; risico-inschatting hangt af van familieanamnese en genetische bevindingen. Differentiaaldiagnostiek en indicatiestelling voor DNA-diagnostiek verlopen doorgaans via zorgprofessionals. Bespreek vragen met de huisarts; zo nodig volgt verwijzing naar een klinisch geneticus.,Maak een afspraak bij de huisarts om je familiegeschiedenis te bespreken. Een klinisch geneticus kan uitleg geven over erfelijkheid.,Deze informatie is algemeen en is geen diagnose of persoonlijk medisch advies. Bespreek klachten of zorgen altijd met een arts.,penetrantie|fenotype|etiologie|differentiaaldiagnostiek|indicatiestelling,13.0,4.538461538461538,26,2,13.25,7.188679245283019,53,4,9.615384615384615,10.825471698113207
O,Osteoporose,https://www.erfelijkheid.nl/ziektes/osteoporose,osteoporose,osteoporose,https://www.erfocentrum.nl/,Aanleg en ontwikkeling,osteoporose,Osteoporose is een zeldzame erfelijke aandoening. Hier lees je in eenvoudige woorden de belangrijkste punten en waar je terechtkunt voor hulp.,Osteoporose wordt in de literatuur beschreven als een genetische aandoening met heterogene etiologie. Fenotype-expressie en penetrantie kunnen variëren; risico-inschatting hangt af van familieanamnese en genetische bevindingen. Differentiaaldiagnostiek en indicatiestelling voor DNA-diagnostiek verlopen doorgaans via zorgprofessionals. Bespreek vragen met de huisarts; zo nodig volgt verwijzing naar een klinisch geneticus.,Bespreek je vraag met je huisarts. Vraag zo nodig om een verwijzing naar de klinische genetica.,Deze informatie is algemeen en is geen diagnose of persoonlijk medisch advies. Bespreek klachten of zorgen altijd met een arts.,penetrantie|fenotype|etiologie|differentiaaldiagnostiek|indicatiestelling,10.5,5.714285714285714,21,2,12.75,7.215686274509804,51,4,8.585714285714285,10.53627450980392
O,Oto-palato-digitaal syndroom,https://www.erfelijkheid.nl/ziektes/oto-palato-digitaal-syndroom,oto-palato-digitaal-syndroom,oto-palato-digitaal-syndroom,https://www.erfocentrum.nl/,Aanleg en ontwikkeling,oto palato digitaal syndroom|oto-palato-digitaal syn|oto-palato-digitaal syndroom|oto-palato-digitaalsyndroom,Bij Oto-palato-digitaal syndroom spelen genen een rol. Deze pagina helpt je om snel te vinden: is het erfelijk en wat is een logische volgende stap.,Oto-palato-digitaal syndroom wordt in de literatuur beschreven als een genetische aandoening met heterogene etiologie. Fenotype-expressie en penetrantie kunnen variëren; risico-inschatting hangt af van familieanamnese en genetische bevindingen. Differentiaaldiagnostiek en indicatiestelling voor DNA-diagnostiek verlopen doorgaans via zorgprofessionals. Bespreek vragen met de huisarts; zo nodig volgt verwijzing naar een klinisch geneticus.,Bespreek je vraag met je huisarts. Vraag zo nodig om een verwijzing naar de klinische genetica.,Deze informatie is algemeen en is geen diagnose of persoonlijk medisch advies. Bespreek klachten of zorgen altijd met een arts.,penetrantie|fenotype|etiologie|differentiaaldiagnostiek|indicatiestelling,13.5,4.407407407407407,27,2,13.5,7.074074074074074,54,4,9.862962962962962,10.92962962962963
O,Otosclerose,https://www.erfelijkheid.nl/ziektes/otosclerose,otosclerose,otosclerose,https://www.erfocentrum.nl/,Aanleg en ontwikkeling,otosclerose,"Otosclerose is een erfelijke aandoening. Op deze pagina vind je wat het is, of het in families voorkomt en wat je kunt doen als je vragen hebt.",Otosclerose wordt in de literatuur beschreven als een genetische aandoening met heterogene etiologie. Fenotype-expressie en penetrantie kunnen variëren; risico-inschatting hangt af van familieanamnese en genetische bevindingen. Differentiaaldiagnostiek en indicatiestelling voor DNA-diagnostiek verlopen doorgaans via zorgprofessionals. Bespreek vragen met de huisarts; zo nodig volgt verwijzing naar een klinisch geneticus.,Bespreek je vraag met je huisarts. Vraag zo nodig om een verwijzing naar de klinische genetica.,Deze informatie is algemeen en is geen diagnose of persoonlijk medisch advies. Bespreek klachten of zorgen altijd met een arts.,penetrantie|fenotype|etiologie|differentiaaldiagnostiek|indicatiestelling,13.5,4.222222222222222,27,2,12.75,7.215686274509804,51,4,9.788888888888888,10.53627450980392
P,Pachydermoperiostose,https://www.erfelijkheid.nl/ziektes/pachydermoperiostose,pachydermoperiostose,pachydermoperiostose,https://www.erfocentrum.nl/,Aanleg en ontwikkeling,pachydermoperiostose,"Pachydermoperiostose is een erfelijke aandoening. Op deze pagina vind je wat het is, of het in families voorkomt en wat je kunt doen als je vragen hebt.",Pachydermoperiostose wordt in de literatuur beschreven als een genetische aandoening met heterogene etiologie. Fenotype-expressie en penetrantie kunnen variëren; risico-inschatting hangt af van familieanamnese en genetische bevindingen. Differentiaaldiagnostiek en indicatiestelling voor DNA-diagnostiek verlopen doorgaans via zorgprofessionals. Bespreek vragen met de huisarts; zo nodig volgt verwijzing naar een klinisch geneticus.,Bespreek je vraag met je huisarts. Vraag zo nodig om een verwijzing naar de klinische genetica.,Deze informatie is algemeen en is geen diagnose of persoonlijk medisch advies. Bespreek klachten of zorgen altijd met een arts.,penetrantie|fenotype|etiologie|differentiaaldiagnostiek|indicatiestelling,13.5,4.555555555555555,27,2,12.75,7.392156862745098,51,4,9.922222222222222,10.606862745098038
P,PACS1 gerelateerd syndroom,https://www.erfelijkheid.nl/ziektes/pacs1-gerelateerd-syndroom,pacs1-gerelateerd-syndroom,pacs1-gerelateerd-syndroom,https://www.erfocentrum.nl/,Aanleg en ontwikkeling,pacs 1 gerelateerd syndroom|pacs1 gerelateerd syn|pacs1 gerelateerd syndroom|pacs1gerelateerdsyndroom,"PACS1 gerelateerd syndroom is een erfelijke aandoening. Op deze pagina vind je wat het is, of het in families voorkomt en wat je kunt doen als je vragen hebt.",PACS1 gerelateerd syndroom wordt in de literatuur beschreven als een genetische aandoening met heterogene etiologie. Fenotype-expressie en penetrantie kunnen variëren; risico-inschatting hangt af van familieanamnese en genetische bevindingen. Differentiaaldiagnostiek en indicatiestelling voor DNA-diagnostiek verlopen doorgaans via zorgprofessionals. Bespreek vragen met de huisarts; zo nodig volgt verwijzing naar een klinisch geneticus.,Bespreek je vraag met je huisarts. Vraag zo nodig om een verwijzing naar de klinische genetica.,Deze informatie is algemeen en is geen diagnose of persoonlijk medisch advies. Bespreek klachten of zorgen altijd met een arts.,penetrantie|fenotype|etiologie|differentiaaldiagnostiek|indicatiestelling,14.5,4.379310344827586,29,2,13.25,7.188679245283019,53,4,10.451724137931034,10.825471698113207
P,Pallister-Hall syndroom,https://www.erfelijkheid.nl/ziektes/pallister-hall-syndroom,pallister-hall-syndroom,pallister-hall-syndroom,https://www.erfocentrum.nl/,Aanleg en ontwikkeling,pallister hall syndroom|pallister-hall syn|pallister-hall syndroom|pallister-hallsyndroom,Bij Pallister-Hall syndroom spelen genen een rol. Deze pagina helpt je om snel te vinden: is het erfelijk en wat is een logische volgende stap.,Pallister-Hall syndroom wordt in de literatuur beschreven als een genetische aandoening met heterogene etiologie. Fenotype-expressie en penetrantie kunnen variëren; risico-inschatting hangt af van familieanamnese en genetische bevindingen. Differentiaaldiagnostiek en indicatiestelling voor DNA-diagnostiek verlopen doorgaans via zorgprofessionals. Bespreek vragen met de huisarts; zo nodig volgt verwijzing naar een klinisch geneticus.,Maak een afspraak bij de huisarts om je familiegeschiedenis te bespreken. Een klinisch geneticus kan uitleg geven over erfelijkheid.,Deze informatie is algemeen en is geen diagnose of persoonlijk medisch advies. Bespreek klachten of zorgen altijd met een arts.,penetrantie|fenotype|etiologie|differentiaaldiagnostiek|indicatiestelling,13.0,4.423076923076923,26,2,13.25,7.132075471698113,53,4,9.569230769230769,10.802830188679245
P,Pallister-Killian syndroom,https://www.erfelijkheid.nl/ziektes/pallister-killian-syndroom,pallister-killian-syndroom,pallister-killian-syndroom,https://www.erfocentrum.nl/,Aanleg en ontwikkeling,pallister killian syndroom|pallister-killian syn|pallister-killian syndroom|pallister-killiansyndroom,"Pallister-Killian syndroom is een erfelijke aandoening. Op deze pagina vind je wat het is, of het in families voorkomt en wat je kunt doen als je vragen hebt.","Pallister-Killian syndroom betreft een genetisch bepaalde aandoening waarbij varianten in een of meerdere genen kunnen leiden tot klinische verschijnselen. De overerving kan autosomaal dominant, autosomaal recessief of X-gebonden zijn, afhankelijk van het onderliggende mechanisme. Diagnostiek kan bestaan uit moleculair-genetisch onderzoek en/of chromosoomanalyse. Voor counseling en interpretatie van uitslagen kan verwijzing naar de klinische genetica passend zijn.",Bespreek je vraag met je huisarts. Vraag zo nodig om een verwijzing naar de klinische genetica.,Deze informatie is algemeen en is geen diagnose of persoonlijk medisch advies. Bespreek klachten of zorgen altijd met een arts.,autosomaal|recessief|dominant|x-gebonden|moleculair|chromosoomanalyse|counseling,14.5,4.379310344827586,29,2,15.0,6.716666666666667,60,4,10.451724137931034,11.686666666666667
P,Palmoplantaire keratodermie,https://www.erfelijkheid.nl/ziektes/palmoplantaire-keratodermie,palmoplantaire-keratodermie,palmoplantaire-keratodermie,https://www.erfocentrum.nl/,Aanleg en ontwikkeling,palmoplantaire keratodermie|palmoplantairekeratodermie,Bij Palmoplantaire keratodermie spelen genen een rol. Deze pagina helpt je om snel te vinden: is het erfelijk en wat is een logische volgende stap.,Palmoplantaire keratodermie wordt in de literatuur beschreven als een genetische aandoening met heterogene etiologie. Fenotype-expressie en penetrantie kunnen variëren; risico-inschatting hangt af van familieanamnese en genetische bevindingen. Differentiaaldiagnostiek en indicatiestelling voor DNA-diagnostiek verlopen doorgaans via zorgprofessionals. Bespreek vragen met de huisarts; zo nodig volgt verwijzing naar een klinisch geneticus.,Maak een afspraak bij de huisarts om je familiegeschiedenis te bespreken. Een klinisch geneticus kan uitleg geven over erfelijkheid.,Deze informatie is algemeen en is geen diagnose of persoonlijk medisch advies. Bespreek klachten of zorgen altijd met een arts.,penetrantie|fenotype|etiologie|differentiaaldiagnostiek|indicatiestelling,12.5,4.8,25,2,13.0,7.365384615384615,52,4,9.42,10.746153846153845
P,Parkes Weber syndroom,https://www.erfelijkheid.nl/ziektes/parkes-weber-syndroom,parkes-weber-syndroom,parkes-weber-syndroom,https://www.erfocentrum.nl/,Aanleg en ontwikkeling,parkes weber syn|parkes weber syndroom|parkeswebersyndroom,"Parkes Weber syndroom is een erfelijke aandoening. Op deze pagina vind je wat het is, of het in families voorkomt en wat je kunt doen als je vragen hebt.",Parkes Weber syndroom wordt in de literatuur beschreven als een genetische aandoening met heterogene etiologie. Fenotype-expressie en penetrantie kunnen variëren; risico-inschatting hangt af van familieanamnese en genetische bevindingen. Differentiaaldiagnostiek en indicatiestelling voor DNA-diagnostiek verlopen doorgaans via zorgprofessionals. Bespreek vragen met de huisarts; zo nodig volgt verwijzing naar een klinisch geneticus.,Maak een afspraak bij de huisarts om je familiegeschiedenis te bespreken. Een klinisch geneticus kan uitleg geven over erfelijkheid.,Deze informatie is algemeen en is geen diagnose of persoonlijk medisch advies. Bespreek klachten of zorgen altijd met een arts.,penetrantie|fenotype|etiologie|differentiaaldiagnostiek|indicatiestelling,14.5,4.206896551724138,29,2,13.25,7.09433962264151,53,4,10.382758620689655,10.787735849056602
P,Pearson syndroom,https://www.erfelijkheid.nl/ziektes/pearson-syndroom,pearson-syndroom,pearson-syndroom,https://www.erfocentrum.nl/,Aanleg en ontwikkeling,pearson syn|pearson syndroom|pearsonsyndroom,Pearson syndroom is een zeldzame erfelijke aandoening. Hier lees je in eenvoudige woorden de belangrijkste punten en waar je terechtkunt voor hulp.,"Pearson syndroom betreft een genetisch bepaalde aandoening waarbij varianten in een of meerdere genen kunnen leiden tot klinische verschijnselen. De overerving kan autosomaal dominant, autosomaal recessief of X-gebonden zijn, afhankelijk van het onderliggende mechanisme. Diagnostiek kan bestaan uit moleculair-genetisch onderzoek en/of chromosoomanalyse. Voor counseling en interpretatie van uitslagen kan verwijzing naar de klinische genetica passend zijn.",Maak een afspraak bij de huisarts om je familiegeschiedenis te bespreken. Een klinisch geneticus kan uitleg geven over erfelijkheid.,Deze informatie is algemeen en is geen diagnose of persoonlijk medisch advies. Bespreek klachten of zorgen altijd met een arts.,autosomaal|recessief|dominant|x-gebonden|moleculair|chromosoomanalyse|counseling,11.0,5.636363636363637,22,2,14.75,6.677966101694915,59,4,8.854545454545455,11.521186440677965
P,Pena-Shokeir syndroom type 1,https://www.erfelijkheid.nl/ziektes/pena-shokeir-syndroom-type-1,pena-shokeir-syndroom-type-1,pena-shokeir-syndroom-type-1,https://www.erfocentrum.nl/,Aanleg en ontwikkeling,pena shokeir syndroom type 1|pena-shokeir syn type 1|pena-shokeir syndroom type 1|pena-shokeirsyndroomtype1,Bij Pena-Shokeir syndroom type 1 spelen genen een rol. Deze pagina helpt je om snel te vinden: is het erfelijk en wat is een logische volgende stap.,"Pena-Shokeir syndroom type 1 betreft een genetisch bepaalde aandoening waarbij varianten in een of meerdere genen kunnen leiden tot klinische verschijnselen. De overerving kan autosomaal dominant, autosomaal recessief of X-gebonden zijn, afhankelijk van het onderliggende mechanisme. Diagnostiek kan bestaan uit moleculair-genetisch onderzoek en/of chromosoomanalyse. Voor counseling en interpretatie van uitslagen kan verwijzing naar de klinische genetica passend zijn.",Bespreek je vraag met je huisarts. Vraag zo nodig om een verwijzing naar de klinische genetica.,Deze informatie is algemeen en is geen diagnose of persoonlijk medisch advies. Bespreek klachten of zorgen altijd met een arts.,autosomaal|recessief|dominant|x-gebonden|moleculair|chromosoomanalyse|counseling,14.0,4.214285714285714,28,2,15.5,6.5,62,4,10.085714285714285,11.899999999999999
P,Pendred syndroom,https://www.erfelijkheid.nl/ziektes/pendred-syndroom,pendred-syndroom,pendred-syndroom,https://www.erfocentrum.nl/,Aanleg en ontwikkeling,pendred syn|pendred syndroom|pendredsyndroom,Bij Pendred syndroom spelen genen een rol. Deze pagina helpt je om snel te vinden: is het erfelijk en wat is een logische volgende stap.,Pendred syndroom wordt in de literatuur beschreven als een genetische aandoening met heterogene etiologie. Fenotype-expressie en penetrantie kunnen variëren; risico-inschatting hangt af van familieanamnese en genetische bevindingen. Differentiaaldiagnostiek en indicatiestelling voor DNA-diagnostiek verlopen doorgaans via zorgprofessionals. Bespreek vragen met de huisarts; zo nodig volgt verwijzing naar een klinisch geneticus.,Bespreek je vraag met je huisarts. Vraag zo nodig om een verwijzing naar de klinische genetica.,Deze informatie is algemeen en is geen diagnose of persoonlijk medisch advies. Bespreek klachten of zorgen altijd met een arts.,penetrantie|fenotype|etiologie|differentiaaldiagnostiek|indicatiestelling,12.5,4.36,25,2,13.0,7.153846153846154,52,4,9.244,10.661538461538463
P,Pernicieuze anemie,https://www.erfelijkheid.nl/ziektes/pernicieuze-anemie,pernicieuze-anemie,pernicieuze-anemie,https://www.erfocentrum.nl/,Aanleg en ontwikkeling,pernicieuze anemie|pernicieuzeanemie,"Pernicieuze anemie is een erfelijke aandoening. Op deze pagina vind je wat het is, of het in families voorkomt en wat je kunt doen als je vragen hebt.",Pernicieuze anemie wordt in de literatuur beschreven als een genetische aandoening met heterogene etiologie. Fenotype-expressie en penetrantie kunnen variëren; risico-inschatting hangt af van familieanamnese en genetische bevindingen. Differentiaaldiagnostiek en indicatiestelling voor DNA-diagnostiek verlopen doorgaans via zorgprofessionals. Bespreek vragen met de huisarts; zo nodig volgt verwijzing naar een klinisch geneticus.,Bespreek je vraag met je huisarts. Vraag zo nodig om een verwijzing naar de klinische genetica.,Deze informatie is algemeen en is geen diagnose of persoonlijk medisch advies. Bespreek klachten of zorgen altijd met een arts.,penetrantie|fenotype|etiologie|differentiaaldiagnostiek|indicatiestelling,14.0,4.285714285714286,28,2,13.0,7.1923076923076925,52,4,10.114285714285714,10.676923076923078
P,Peutz-Jeghers syndroom,https://www.erfelijkheid.nl/ziektes/peutz-jeghers-syndroom,peutz-jeghers-syndroom,peutz-jeghers-syndroom,https://www.erfocentrum.nl/,Aanleg en ontwikkeling,peutz jeghers syndroom|peutz-jeghers syn|peutz-jeghers syndroom|peutz-jegherssyndroom,Peutz-Jeghers syndroom is een zeldzame erfelijke aandoening. Hier lees je in eenvoudige woorden de belangrijkste punten en waar je terechtkunt voor hulp.,Peutz-Jeghers syndroom wordt in de literatuur beschreven als een genetische aandoening met heterogene etiologie. Fenotype-expressie en penetrantie kunnen variëren; risico-inschatting hangt af van familieanamnese en genetische bevindingen. Differentiaaldiagnostiek en indicatiestelling voor DNA-diagnostiek verlopen doorgaans via zorgprofessionals. Bespreek vragen met de huisarts; zo nodig volgt verwijzing naar een klinisch geneticus.,Maak een afspraak bij de huisarts om je familiegeschiedenis te bespreken. Een klinisch geneticus kan uitleg geven over erfelijkheid.,Deze informatie is algemeen en is geen diagnose of persoonlijk medisch advies. Bespreek klachten of zorgen altijd met een arts.,penetrantie|fenotype|etiologie|differentiaaldiagnostiek|indicatiestelling,11.5,5.608695652173913,23,2,13.25,7.113207547169812,53,4,9.143478260869564,10.795283018867924
P,Pfeiffer syndroom,https://www.erfelijkheid.nl/ziektes/pfeiffer-syndroom,pfeiffer-syndroom,pfeiffer-syndroom,https://www.erfocentrum.nl/,Aanleg en ontwikkeling,pfeiffer syn|pfeiffer syndroom|pfeiffersyndroom,"Pfeiffer syndroom is een erfelijke aandoening. Op deze pagina vind je wat het is, of het in families voorkomt en wat je kunt doen als je vragen hebt.",Pfeiffer syndroom wordt in de literatuur beschreven als een genetische aandoening met heterogene etiologie. Fenotype-expressie en penetrantie kunnen variëren; risico-inschatting hangt af van familieanamnese en genetische bevindingen. Differentiaaldiagnostiek en indicatiestelling voor DNA-diagnostiek verlopen doorgaans via zorgprofessionals. Bespreek vragen met de huisarts; zo nodig volgt verwijzing naar een klinisch geneticus.,Maak een afspraak bij de huisarts om je familiegeschiedenis te bespreken. Een klinisch geneticus kan uitleg geven over erfelijkheid.,Deze informatie is algemeen en is geen diagnose of persoonlijk medisch advies. Bespreek klachten of zorgen altijd met een arts.,penetrantie|fenotype|etiologie|differentiaaldiagnostiek|indicatiestelling,14.0,4.25,28,2,13.0,7.173076923076923,52,4,10.100000000000001,10.669230769230769
P,Phelan-McDermid syndroom,https://www.erfelijkheid.nl/ziektes/phelan-mcdermid-syndroom,phelan-mcdermid-syndroom,phelan-mcdermid-syndroom,https://www.erfocentrum.nl/,Aanleg en ontwikkeling,phelan mcdermid syndroom|phelan-mcdermid syn|phelan-mcdermid syndroom|phelan-mcdermidsyndroom,"Phelan-McDermid syndroom is een erfelijke aandoening. Op deze pagina vind je wat het is, of het in families voorkomt en wat je kunt doen als je vragen hebt.","Phelan-McDermid syndroom betreft een genetisch bepaalde aandoening waarbij varianten in een of meerdere genen kunnen leiden tot klinische verschijnselen. De overerving kan autosomaal dominant, autosomaal recessief of X-gebonden zijn, afhankelijk van het onderliggende mechanisme. Diagnostiek kan bestaan uit moleculair-genetisch onderzoek en/of chromosoomanalyse. Voor counseling en interpretatie van uitslagen kan verwijzing naar de klinische genetica passend zijn.",Maak een afspraak bij de huisarts om je familiegeschiedenis te bespreken. Een klinisch geneticus kan uitleg geven over erfelijkheid.,Deze informatie is algemeen en is geen diagnose of persoonlijk medisch advies. Bespreek klachten of zorgen altijd met een arts.,autosomaal|recessief|dominant|x-gebonden|moleculair|chromosoomanalyse|counseling,14.5,4.310344827586207,29,2,15.0,6.683333333333334,60,4,10.424137931034483,11.673333333333334
P,Pierre Robin sequentie,https://www.erfelijkheid.nl/ziektes/pierre-robin-sequentie,pierre-robin-sequentie,pierre-robin-sequentie,https://www.erfocentrum.nl/,Aanleg en ontwikkeling,pierre robin sequentie|pierrerobinsequentie,Pierre Robin sequentie is een zeldzame erfelijke aandoening. Hier lees je in eenvoudige woorden de belangrijkste punten en waar je terechtkunt voor hulp.,Pierre Robin sequentie wordt in de literatuur beschreven als een genetische aandoening met heterogene etiologie. Fenotype-expressie en penetrantie kunnen variëren; risico-inschatting hangt af van familieanamnese en genetische bevindingen. Differentiaaldiagnostiek en indicatiestelling voor DNA-diagnostiek verlopen doorgaans via zorgprofessionals. Bespreek vragen met de huisarts; zo nodig volgt verwijzing naar een klinisch geneticus.,Maak een afspraak bij de huisarts om je familiegeschiedenis te bespreken. Een klinisch geneticus kan uitleg geven over erfelijkheid.,Deze informatie is algemeen en is geen diagnose of persoonlijk medisch advies. Bespreek klachten of zorgen altijd met een arts.,penetrantie|fenotype|etiologie|differentiaaldiagnostiek|indicatiestelling,11.5,5.608695652173913,23,2,13.25,7.113207547169812,53,4,9.143478260869564,10.795283018867924
P,Pitt-Hopkins syndroom,https://www.erfelijkheid.nl/ziektes/pitt-hopkins-syndroom,pitt-hopkins-syndroom,pitt-hopkins-syndroom,https://www.erfocentrum.nl/,Aanleg en ontwikkeling,pitt hopkins syndroom|pitt-hopkins syn|pitt-hopkins syndroom|pitt-hopkinssyndroom,Pitt-Hopkins syndroom is een zeldzame erfelijke aandoening. Hier lees je in eenvoudige woorden de belangrijkste punten en waar je terechtkunt voor hulp.,Pitt-Hopkins syndroom wordt in de literatuur beschreven als een genetische aandoening met heterogene etiologie. Fenotype-expressie en penetrantie kunnen variëren; risico-inschatting hangt af van familieanamnese en genetische bevindingen. Differentiaaldiagnostiek en indicatiestelling voor DNA-diagnostiek verlopen doorgaans via zorgprofessionals. Bespreek vragen met de huisarts; zo nodig volgt verwijzing naar een klinisch geneticus.,Maak een afspraak bij de huisarts om je familiegeschiedenis te bespreken. Een klinisch geneticus kan uitleg geven over erfelijkheid.,Deze informatie is algemeen en is geen diagnose of persoonlijk medisch advies. Bespreek klachten of zorgen altijd met een arts.,penetrantie|fenotype|etiologie|differentiaaldiagnostiek|indicatiestelling,11.5,5.565217391304348,23,2,13.25,7.09433962264151,53,4,9.126086956521739,10.787735849056602
P,PKAN,https://www.erfelijkheid.nl/ziektes/pkan,pkan,pkan,https://www.erfocentrum.nl/,Aanleg en ontwikkeling,pkan,"PKAN is een erfelijke aandoening. Op deze pagina vind je wat het is, of het in families voorkomt en wat je kunt doen als je vragen hebt.","PKAN betreft een genetisch bepaalde aandoening waarbij varianten in een of meerdere genen kunnen leiden tot klinische verschijnselen. De overerving kan autosomaal dominant, autosomaal recessief of X-gebonden zijn, afhankelijk van het onderliggende mechanisme. Diagnostiek kan bestaan uit moleculair-genetisch onderzoek en/of chromosoomanalyse. Voor counseling en interpretatie van uitslagen kan verwijzing naar de klinische genetica passend zijn.",Bespreek je vraag met je huisarts. Vraag zo nodig om een verwijzing naar de klinische genetica.,Deze informatie is algemeen en is geen diagnose of persoonlijk medisch advies. Bespreek klachten of zorgen altijd met een arts.,autosomaal|recessief|dominant|x-gebonden|moleculair|chromosoomanalyse|counseling,13.5,3.962962962962963,27,2,14.5,6.603448275862069,58,4,9.685185185185185,11.341379310344827
P,PKU (fenylketonurie),https://www.erfelijkheid.nl/content/pku-fenylketonurie,pku-fenylketonurie,pku-fenylketonurie,https://www.erfocentrum.nl/,Aanleg en ontwikkeling,pku fenylketonurie|pkufenylketonurie,PKU (fenylketonurie) is een zeldzame erfelijke aandoening. Hier lees je in eenvoudige woorden de belangrijkste punten en waar je terechtkunt voor hulp.,"PKU (fenylketonurie) betreft een genetisch bepaalde aandoening waarbij varianten in een of meerdere genen kunnen leiden tot klinische verschijnselen. De overerving kan autosomaal dominant, autosomaal recessief of X-gebonden zijn, afhankelijk van het onderliggende mechanisme. Diagnostiek kan bestaan uit moleculair-genetisch onderzoek en/of chromosoomanalyse. Voor counseling en interpretatie van uitslagen kan verwijzing naar de klinische genetica passend zijn.",Bespreek je vraag met je huisarts. Vraag zo nodig om een verwijzing naar de klinische genetica.,Deze informatie is algemeen en is geen diagnose of persoonlijk medisch advies. Bespreek klachten of zorgen altijd met een arts.,autosomaal|recessief|dominant|x-gebonden|moleculair|chromosoomanalyse|counseling,11.0,5.7272727272727275,22,2,14.75,6.711864406779661,59,4,8.89090909090909,11.534745762711864
P,Plaatjesstoornissen,https://www.erfelijkheid.nl/ziektes/plaatjesstoornissen,plaatjesstoornissen,plaatjesstoornissen,https://www.erfocentrum.nl/,Aanleg en ontwikkeling,plaatjesstoornissen,"Plaatjesstoornissen is een erfelijke aandoening. Op deze pagina vind je wat het is, of het in families voorkomt en wat je kunt doen als je vragen hebt.",Plaatjesstoornissen wordt in de literatuur beschreven als een genetische aandoening met heterogene etiologie. Fenotype-expressie en penetrantie kunnen variëren; risico-inschatting hangt af van familieanamnese en genetische bevindingen. Differentiaaldiagnostiek en indicatiestelling voor DNA-diagnostiek verlopen doorgaans via zorgprofessionals. Bespreek vragen met de huisarts; zo nodig volgt verwijzing naar een klinisch geneticus.,Maak een afspraak bij de huisarts om je familiegeschiedenis te bespreken. Een klinisch geneticus kan uitleg geven over erfelijkheid.,Deze informatie is algemeen en is geen diagnose of persoonlijk medisch advies. Bespreek klachten of zorgen altijd met een arts.,penetrantie|fenotype|etiologie|differentiaaldiagnostiek|indicatiestelling,13.5,4.518518518518518,27,2,12.75,7.372549019607843,51,4,9.907407407407407,10.599019607843136
P,Poland syndroom,https://www.erfelijkheid.nl/content/poland-syndroom,poland-syndroom,poland-syndroom,https://www.erfocentrum.nl/,Aanleg en ontwikkeling,poland syn|poland syndroom|polandsyndroom,Bij Poland syndroom spelen genen een rol. Deze pagina helpt je om snel te vinden: is het erfelijk en wat is een logische volgende stap.,Poland syndroom wordt in de literatuur beschreven als een genetische aandoening met heterogene etiologie. Fenotype-expressie en penetrantie kunnen variëren; risico-inschatting hangt af van familieanamnese en genetische bevindingen. Differentiaaldiagnostiek en indicatiestelling voor DNA-diagnostiek verlopen doorgaans via zorgprofessionals. Bespreek vragen met de huisarts; zo nodig volgt verwijzing naar een klinisch geneticus.,Bespreek je vraag met je huisarts. Vraag zo nodig om een verwijzing naar de klinische genetica.,Deze informatie is algemeen en is geen diagnose of persoonlijk medisch advies. Bespreek klachten of zorgen altijd met een arts.,penetrantie|fenotype|etiologie|differentiaaldiagnostiek|indicatiestelling,12.5,4.32,25,2,13.0,7.134615384615385,52,4,9.228,10.653846153846153
P,Polydactylie,https://www.erfelijkheid.nl/ziektes/polydactylie,polydactylie,polydactylie,https://www.erfocentrum.nl/,Aanleg en ontwikkeling,polydactylie,"Polydactylie is een erfelijke aandoening. Op deze pagina vind je wat het is, of het in families voorkomt en wat je kunt doen als je vragen hebt.","Polydactylie betreft een genetisch bepaalde aandoening waarbij varianten in een of meerdere genen kunnen leiden tot klinische verschijnselen. De overerving kan autosomaal dominant, autosomaal recessief of X-gebonden zijn, afhankelijk van het onderliggende mechanisme. Diagnostiek kan bestaan uit moleculair-genetisch onderzoek en/of chromosoomanalyse. Voor counseling en interpretatie van uitslagen kan verwijzing naar de klinische genetica passend zijn.",Maak een afspraak bij de huisarts om je familiegeschiedenis te bespreken. Een klinisch geneticus kan uitleg geven over erfelijkheid.,Deze informatie is algemeen en is geen diagnose of persoonlijk medisch advies. Bespreek klachten of zorgen altijd met een arts.,autosomaal|recessief|dominant|x-gebonden|moleculair|chromosoomanalyse|counseling,13.5,4.2592592592592595,27,2,14.5,6.741379310344827,58,4,9.803703703703704,11.39655172413793
P,Polymerase Proofreading-Associated Polyposis (PPAP),https://www.erfelijkheid.nl/ziektes/polymerase-proofreading-associated%20polyposis-ppap,polymerase-proofreading-associated%20polyposis-ppap,polymerase-proofreading-associated%20polyposis-ppap,https://www.erfocentrum.nl/,Aanleg en ontwikkeling,polymerase proofreading associated polyposis ppap|polymerase proofreading associated%20polyposis ppap|polymerase proofreading-associated polyposis ppap|polymeraseproofreading-associatedpolyposisppap,Bij Polymerase Proofreading-Associated Polyposis (PPAP) spelen genen een rol. Deze pagina helpt je om snel te vinden: is het erfelijk en wat is een logische volgende stap.,Polymerase Proofreading-Associated Polyposis (PPAP) wordt in de literatuur beschreven als een genetische aandoening met heterogene etiologie. Fenotype-expressie en penetrantie kunnen variëren; risico-inschatting hangt af van familieanamnese en genetische bevindingen. Differentiaaldiagnostiek en indicatiestelling voor DNA-diagnostiek verlopen doorgaans via zorgprofessionals. Bespreek vragen met de huisarts; zo nodig volgt verwijzing naar een klinisch geneticus.,Maak een afspraak bij de huisarts om je familiegeschiedenis te bespreken. Een klinisch geneticus kan uitleg geven over erfelijkheid.,Deze informatie is algemeen en is geen diagnose of persoonlijk medisch advies. Bespreek klachten of zorgen altijd met een arts.,penetrantie|fenotype|etiologie|differentiaaldiagnostiek|indicatiestelling,14.0,4.964285714285714,28,2,13.75,7.3090909090909095,55,4,10.385714285714286,11.173636363636364
P,Polymicrogyrie,https://www.erfelijkheid.nl/ziektes/polymicrogyrie,polymicrogyrie,polymicrogyrie,https://www.erfocentrum.nl/,Aanleg en ontwikkeling,polymicrogyrie,"Polymicrogyrie is een erfelijke aandoening. Op deze pagina vind je wat het is, of het in families voorkomt en wat je kunt doen als je vragen hebt.","Polymicrogyrie betreft een genetisch bepaalde aandoening waarbij varianten in een of meerdere genen kunnen leiden tot klinische verschijnselen. De overerving kan autosomaal dominant, autosomaal recessief of X-gebonden zijn, afhankelijk van het onderliggende mechanisme. Diagnostiek kan bestaan uit moleculair-genetisch onderzoek en/of chromosoomanalyse. Voor counseling en interpretatie van uitslagen kan verwijzing naar de klinische genetica passend zijn.",Maak een afspraak bij de huisarts om je familiegeschiedenis te bespreken. Een klinisch geneticus kan uitleg geven over erfelijkheid.,Deze informatie is algemeen en is geen diagnose of persoonlijk medisch advies. Bespreek klachten of zorgen altijd met een arts.,autosomaal|recessief|dominant|x-gebonden|moleculair|chromosoomanalyse|counseling,13.5,4.333333333333333,27,2,14.5,6.775862068965517,58,4,9.833333333333332,11.410344827586206
P,Pontocerebellaire hypoplasie type 1 (PCH 1),https://www.erfelijkheid.nl/ziektes/pontocerebellaire-hypoplasie-type-1-pch-1,pontocerebellaire-hypoplasie-type-1-pch-1,pontocerebellaire-hypoplasie-type-1-pch-1,https://www.erfocentrum.nl/,Aanleg en ontwikkeling,pontocerebellaire hypoplasie type 1 pch 1|pontocerebellairehypoplasietype1pch1,Pontocerebellaire hypoplasie type 1 (PCH 1) is een zeldzame erfelijke aandoening. Hier lees je in eenvoudige woorden de belangrijkste punten en waar je terechtkunt voor hulp.,"Pontocerebellaire hypoplasie type 1 (PCH 1) betreft een genetisch bepaalde aandoening waarbij varianten in een of meerdere genen kunnen leiden tot klinische verschijnselen. De overerving kan autosomaal dominant, autosomaal recessief of X-gebonden zijn, afhankelijk van het onderliggende mechanisme. Diagnostiek kan bestaan uit moleculair-genetisch onderzoek en/of chromosoomanalyse. Voor counseling en interpretatie van uitslagen kan verwijzing naar de klinische genetica passend zijn.",Bespreek je vraag met je huisarts. Vraag zo nodig om een verwijzing naar de klinische genetica.,Deze informatie is algemeen en is geen diagnose of persoonlijk medisch advies. Bespreek klachten of zorgen altijd met een arts.,autosomaal|recessief|dominant|x-gebonden|moleculair|chromosoomanalyse|counseling,13.0,5.576923076923077,26,2,15.75,6.587301587301587,63,4,10.03076923076923,12.084920634920634
P,Pontocerebellaire hypoplasie type 2 (PCH 2),https://www.erfelijkheid.nl/ziektes/pontocerebellaire-hypoplasie-type-2-pch2,pontocerebellaire-hypoplasie-type-2-pch2,pontocerebellaire-hypoplasie-type-2-pch2,https://www.erfocentrum.nl/,Aanleg en ontwikkeling,pontocerebellaire hypoplasie type 2 pch 2|pontocerebellaire hypoplasie type 2 pch2|pontocerebellairehypoplasietype2pch2,Bij Pontocerebellaire hypoplasie type 2 (PCH 2) spelen genen een rol. Deze pagina helpt je om snel te vinden: is het erfelijk en wat is een logische volgende stap.,Pontocerebellaire hypoplasie type 2 (PCH 2) wordt in de literatuur beschreven als een genetische aandoening met heterogene etiologie. Fenotype-expressie en penetrantie kunnen variëren; risico-inschatting hangt af van familieanamnese en genetische bevindingen. Differentiaaldiagnostiek en indicatiestelling voor DNA-diagnostiek verlopen doorgaans via zorgprofessionals. Bespreek vragen met de huisarts; zo nodig volgt verwijzing naar een klinisch geneticus.,Bespreek je vraag met je huisarts. Vraag zo nodig om een verwijzing naar de klinische genetica.,Deze informatie is algemeen en is geen diagnose of persoonlijk medisch advies. Bespreek klachten of zorgen altijd met een arts.,penetrantie|fenotype|etiologie|differentiaaldiagnostiek|indicatiestelling,14.5,4.482758620689655,29,2,14.0,7.017857142857143,56,4,10.49310344827586,11.207142857142857
P,Pontocerebellaire hypoplasie type 6 (PCH 6),https://www.erfelijkheid.nl/ziektes/pontocerebellaire-hypoplasie-type-6,pontocerebellaire-hypoplasie-type-6,pontocerebellaire-hypoplasie-type-6,https://www.erfocentrum.nl/,Aanleg en ontwikkeling,pontocerebellaire hypoplasie type 6|pontocerebellaire hypoplasie type 6 pch 6|pontocerebellairehypoplasietype6pch6,Pontocerebellaire hypoplasie type 6 (PCH 6) is een zeldzame erfelijke aandoening. Hier lees je in eenvoudige woorden de belangrijkste punten en waar je terechtkunt voor hulp.,"Pontocerebellaire hypoplasie type 6 (PCH 6) betreft een genetisch bepaalde aandoening waarbij varianten in een of meerdere genen kunnen leiden tot klinische verschijnselen. De overerving kan autosomaal dominant, autosomaal recessief of X-gebonden zijn, afhankelijk van het onderliggende mechanisme. Diagnostiek kan bestaan uit moleculair-genetisch onderzoek en/of chromosoomanalyse. Voor counseling en interpretatie van uitslagen kan verwijzing naar de klinische genetica passend zijn.",Bespreek je vraag met je huisarts. Vraag zo nodig om een verwijzing naar de klinische genetica.,Deze informatie is algemeen en is geen diagnose of persoonlijk medisch advies. Bespreek klachten of zorgen altijd met een arts.,autosomaal|recessief|dominant|x-gebonden|moleculair|chromosoomanalyse|counseling,13.0,5.576923076923077,26,2,15.75,6.587301587301587,63,4,10.03076923076923,12.084920634920634
P,Potter sequentie,https://www.erfelijkheid.nl/ziektes/potter-sequentie,potter-sequentie,potter-sequentie,https://www.erfocentrum.nl/,Aanleg en ontwikkeling,potter sequentie|pottersequentie,Bij Potter sequentie spelen genen een rol. Deze pagina helpt je om snel te vinden: is het erfelijk en wat is een logische volgende stap.,"Potter sequentie betreft een genetisch bepaalde aandoening waarbij varianten in een of meerdere genen kunnen leiden tot klinische verschijnselen. De overerving kan autosomaal dominant, autosomaal recessief of X-gebonden zijn, afhankelijk van het onderliggende mechanisme. Diagnostiek kan bestaan uit moleculair-genetisch onderzoek en/of chromosoomanalyse. Voor counseling en interpretatie van uitslagen kan verwijzing naar de klinische genetica passend zijn.",Maak een afspraak bij de huisarts om je familiegeschiedenis te bespreken. Een klinisch geneticus kan uitleg geven over erfelijkheid.,Deze informatie is algemeen en is geen diagnose of persoonlijk medisch advies. Bespreek klachten of zorgen altijd met een arts.,autosomaal|recessief|dominant|x-gebonden|moleculair|chromosoomanalyse|counseling,12.5,4.36,25,2,14.75,6.677966101694915,59,4,9.244,11.521186440677965
P,Prader-Willi syndroom,https://www.erfelijkheid.nl/content/prader-willi,prader-willi,prader-willi,https://www.erfocentrum.nl/,Aanleg en ontwikkeling,prader willi|prader willi syndroom|prader-willi syn|prader-willi syndroom|prader-willisyndroom,Bij Prader-Willi syndroom spelen genen een rol. Deze pagina helpt je om snel te vinden: is het erfelijk en wat is een logische volgende stap.,"Prader-Willi syndroom betreft een genetisch bepaalde aandoening waarbij varianten in een of meerdere genen kunnen leiden tot klinische verschijnselen. De overerving kan autosomaal dominant, autosomaal recessief of X-gebonden zijn, afhankelijk van het onderliggende mechanisme. Diagnostiek kan bestaan uit moleculair-genetisch onderzoek en/of chromosoomanalyse. Voor counseling en interpretatie van uitslagen kan verwijzing naar de klinische genetica passend zijn.",Bespreek je vraag met je huisarts. Vraag zo nodig om een verwijzing naar de klinische genetica.,Deze informatie is algemeen en is geen diagnose of persoonlijk medisch advies. Bespreek klachten of zorgen altijd met een arts.,autosomaal|recessief|dominant|x-gebonden|moleculair|chromosoomanalyse|counseling,13.0,4.346153846153846,26,2,15.0,6.633333333333334,60,4,9.538461538461538,11.653333333333334
P,Primair hyperaldosteronisme,https://www.erfelijkheid.nl/ziektes/primair-hyperaldosteronisme,primair-hyperaldosteronisme,primair-hyperaldosteronisme,https://www.erfocentrum.nl/,Aanleg en ontwikkeling,primair hyperaldosteronisme|primairhyperaldosteronisme,"Primair hyperaldosteronisme is een erfelijke aandoening. Op deze pagina vind je wat het is, of het in families voorkomt en wat je kunt doen als je vragen hebt.",Primair hyperaldosteronisme wordt in de literatuur beschreven als een genetische aandoening met heterogene etiologie. Fenotype-expressie en penetrantie kunnen variëren; risico-inschatting hangt af van familieanamnese en genetische bevindingen. Differentiaaldiagnostiek en indicatiestelling voor DNA-diagnostiek verlopen doorgaans via zorgprofessionals. Bespreek vragen met de huisarts; zo nodig volgt verwijzing naar een klinisch geneticus.,Bespreek je vraag met je huisarts. Vraag zo nodig om een verwijzing naar de klinische genetica.,Deze informatie is algemeen en is geen diagnose of persoonlijk medisch advies. Bespreek klachten of zorgen altijd met een arts.,penetrantie|fenotype|etiologie|differentiaaldiagnostiek|indicatiestelling,14.0,4.607142857142857,28,2,13.0,7.365384615384615,52,4,10.242857142857144,10.746153846153845
P,Primair lymfoedeem,https://www.erfelijkheid.nl/ziektes/overzicht/primair-lymfoedeem,primair-lymfoedeem,primair-lymfoedeem,https://www.erfocentrum.nl/,Aanleg en ontwikkeling,primair lymfoedeem|primairlymfoedeem,"Primair lymfoedeem is een erfelijke aandoening. Op deze pagina vind je wat het is, of het in families voorkomt en wat je kunt doen als je vragen hebt.",Primair lymfoedeem wordt in de literatuur beschreven als een genetische aandoening met heterogene etiologie. Fenotype-expressie en penetrantie kunnen variëren; risico-inschatting hangt af van familieanamnese en genetische bevindingen. Differentiaaldiagnostiek en indicatiestelling voor DNA-diagnostiek verlopen doorgaans via zorgprofessionals. Bespreek vragen met de huisarts; zo nodig volgt verwijzing naar een klinisch geneticus.,Bespreek je vraag met je huisarts. Vraag zo nodig om een verwijzing naar de klinische genetica.,Deze informatie is algemeen en is geen diagnose of persoonlijk medisch advies. Bespreek klachten of zorgen altijd met een arts.,penetrantie|fenotype|etiologie|differentiaaldiagnostiek|indicatiestelling,14.0,4.285714285714286,28,2,13.0,7.1923076923076925,52,4,10.114285714285714,10.676923076923078
P,Primaire bijnierschorsinsufficiëntie,https://www.erfelijkheid.nl/ziektes/primaire-bijnierschorsinsuffici%C3%ABntie,primaire-bijnierschorsinsuffici%C3%ABntie,primaire-bijnierschorsinsuffici%C3%ABntie,https://www.erfocentrum.nl/,Aanleg en ontwikkeling,primaire bijnierschorsinsuffici%C3%ABntie|primaire bijnierschorsinsufficientie|primairebijnierschorsinsufficientie,"Primaire bijnierschorsinsufficiëntie is een erfelijke aandoening. Op deze pagina vind je wat het is, of het in families voorkomt en wat je kunt doen als je vragen hebt.","Primaire bijnierschorsinsufficiëntie betreft een genetisch bepaalde aandoening waarbij varianten in een of meerdere genen kunnen leiden tot klinische verschijnselen. De overerving kan autosomaal dominant, autosomaal recessief of X-gebonden zijn, afhankelijk van het onderliggende mechanisme. Diagnostiek kan bestaan uit moleculair-genetisch onderzoek en/of chromosoomanalyse. Voor counseling en interpretatie van uitslagen kan verwijzing naar de klinische genetica passend zijn.",Maak een afspraak bij de huisarts om je familiegeschiedenis te bespreken. Een klinisch geneticus kan uitleg geven over erfelijkheid.,Deze informatie is algemeen en is geen diagnose of persoonlijk medisch advies. Bespreek klachten of zorgen altijd met een arts.,autosomaal|recessief|dominant|x-gebonden|moleculair|chromosoomanalyse|counseling,14.0,4.928571428571429,28,2,14.75,7.016949152542373,59,4,10.371428571428572,11.656779661016948
P,Primaire carnitine deficiëntie,https://www.erfelijkheid.nl/ziektes/primaire-carnitine-defici%C3%ABntie,primaire-carnitine-defici%C3%ABntie,primaire-carnitine-defici%C3%ABntie,https://www.erfocentrum.nl/,Aanleg en ontwikkeling,primaire carnitine defici%C3%ABntie|primaire carnitine deficientie|primaire carnitine deficiëntie|primairecarnitinedeficientie,"Primaire carnitine deficiëntie is een erfelijke aandoening. Op deze pagina vind je wat het is, of het in families voorkomt en wat je kunt doen als je vragen hebt.",Primaire carnitine deficiëntie wordt in de literatuur beschreven als een genetische aandoening met heterogene etiologie. Fenotype-expressie en penetrantie kunnen variëren; risico-inschatting hangt af van familieanamnese en genetische bevindingen. Differentiaaldiagnostiek en indicatiestelling voor DNA-diagnostiek verlopen doorgaans via zorgprofessionals. Bespreek vragen met de huisarts; zo nodig volgt verwijzing naar een klinisch geneticus.,Bespreek je vraag met je huisarts. Vraag zo nodig om een verwijzing naar de klinische genetica.,Deze informatie is algemeen en is geen diagnose of persoonlijk medisch advies. Bespreek klachten of zorgen altijd met een arts.,penetrantie|fenotype|etiologie|differentiaaldiagnostiek|indicatiestelling,14.5,4.517241379310345,29,2,13.25,7.264150943396227,53,4,10.506896551724138,10.85566037735849
P,Primaire hyperoxalurie,https://www.erfelijkheid.nl/ziektes/primaire-hyperoxalurie,primaire-hyperoxalurie,primaire-hyperoxalurie,https://www.erfocentrum.nl/,Aanleg en ontwikkeling,primaire hyperoxalurie|primairehyperoxalurie,Primaire hyperoxalurie is een zeldzame erfelijke aandoening. Hier lees je in eenvoudige woorden de belangrijkste punten en waar je terechtkunt voor hulp.,"Primaire hyperoxalurie betreft een genetisch bepaalde aandoening waarbij varianten in een of meerdere genen kunnen leiden tot klinische verschijnselen. De overerving kan autosomaal dominant, autosomaal recessief of X-gebonden zijn, afhankelijk van het onderliggende mechanisme. Diagnostiek kan bestaan uit moleculair-genetisch onderzoek en/of chromosoomanalyse. Voor counseling en interpretatie van uitslagen kan verwijzing naar de klinische genetica passend zijn.",Bespreek je vraag met je huisarts. Vraag zo nodig om een verwijzing naar de klinische genetica.,Deze informatie is algemeen en is geen diagnose of persoonlijk medisch advies. Bespreek klachten of zorgen altijd met een arts.,autosomaal|recessief|dominant|x-gebonden|moleculair|chromosoomanalyse|counseling,11.0,5.909090909090909,22,2,14.75,6.779661016949152,59,4,8.963636363636363,11.56186440677966
P,Primaire scleroserende cholangitis (PSC),https://www.erfelijkheid.nl/ziektes/primaire-scleroserende-cholangitis,primaire-scleroserende-cholangitis,primaire-scleroserende-cholangitis,https://www.erfocentrum.nl/,Aanleg en ontwikkeling,primaire scleroserende cholangitis|primaire scleroserende cholangitis psc|primairescleroserendecholangitispsc,"Primaire scleroserende cholangitis (PSC) is een erfelijke aandoening. Op deze pagina vind je wat het is, of het in families voorkomt en wat je kunt doen als je vragen hebt.","Primaire scleroserende cholangitis (PSC) betreft een genetisch bepaalde aandoening waarbij varianten in een of meerdere genen kunnen leiden tot klinische verschijnselen. De overerving kan autosomaal dominant, autosomaal recessief of X-gebonden zijn, afhankelijk van het onderliggende mechanisme. Diagnostiek kan bestaan uit moleculair-genetisch onderzoek en/of chromosoomanalyse. Voor counseling en interpretatie van uitslagen kan verwijzing naar de klinische genetica passend zijn.",Maak een afspraak bij de huisarts om je familiegeschiedenis te bespreken. Een klinisch geneticus kan uitleg geven over erfelijkheid.,Deze informatie is algemeen en is geen diagnose of persoonlijk medisch advies. Bespreek klachten of zorgen altijd met een arts.,autosomaal|recessief|dominant|x-gebonden|moleculair|chromosoomanalyse|counseling,15.0,4.6,30,2,15.25,6.786885245901639,61,4,10.84,11.864754098360656
P,Progeria,https://www.erfelijkheid.nl/ziektes/progeria,progeria,progeria,https://www.erfocentrum.nl/,Aanleg en ontwikkeling,progeria,"Progeria is een erfelijke aandoening. Op deze pagina vind je wat het is, of het in families voorkomt en wat je kunt doen als je vragen hebt.",Progeria wordt in de literatuur beschreven als een genetische aandoening met heterogene etiologie. Fenotype-expressie en penetrantie kunnen variëren; risico-inschatting hangt af van familieanamnese en genetische bevindingen. Differentiaaldiagnostiek en indicatiestelling voor DNA-diagnostiek verlopen doorgaans via zorgprofessionals. Bespreek vragen met de huisarts; zo nodig volgt verwijzing naar een klinisch geneticus.,Bespreek je vraag met je huisarts. Vraag zo nodig om een verwijzing naar de klinische genetica.,Deze informatie is algemeen en is geen diagnose of persoonlijk medisch advies. Bespreek klachten of zorgen altijd met een arts.,penetrantie|fenotype|etiologie|differentiaaldiagnostiek|indicatiestelling,13.5,4.111111111111111,27,2,12.75,7.1568627450980395,51,4,9.744444444444444,10.512745098039215
P,Progressieve epilepsie met mentale retardatie,https://www.erfelijkheid.nl/ziektes/neuronale-ceroid-lipofuscinose-8,neuronale-ceroid-lipofuscinose-8,neuronale-ceroid-lipofuscinose-8,https://www.erfocentrum.nl/,Aanleg en ontwikkeling,neuronale ceroid lipofuscinose 8|progressieve epilepsie met mentale retardatie|progressieveepilepsiemetmentaleretardatie,Bij Progressieve epilepsie met mentale retardatie spelen genen een rol. Deze pagina helpt je om snel te vinden: is het erfelijk en wat is een logische volgende stap.,Progressieve epilepsie met mentale retardatie wordt in de literatuur beschreven als een genetische aandoening met heterogene etiologie. Fenotype-expressie en penetrantie kunnen variëren; risico-inschatting hangt af van familieanamnese en genetische bevindingen. Differentiaaldiagnostiek en indicatiestelling voor DNA-diagnostiek verlopen doorgaans via zorgprofessionals. Bespreek vragen met de huisarts; zo nodig volgt verwijzing naar een klinisch geneticus.,Maak een afspraak bij de huisarts om je familiegeschiedenis te bespreken. Een klinisch geneticus kan uitleg geven over erfelijkheid.,Deze informatie is algemeen en is geen diagnose of persoonlijk medisch advies. Bespreek klachten of zorgen altijd met een arts.,penetrantie|fenotype|etiologie|differentiaaldiagnostiek|indicatiestelling,14.0,4.821428571428571,28,2,13.75,7.236363636363636,55,4,10.32857142857143,11.144545454545455
P,Progressieve familiaire intrahepatische cholestase (PFIC),https://www.erfelijkheid.nl/ziektes/progressieve-familiaire-intrahepatische-cholestase-pfic,progressieve-familiaire-intrahepatische-cholestase-pfic,progressieve-familiaire-intrahepatische-cholestase-pfic,https://www.erfocentrum.nl/,Aanleg en ontwikkeling,progressieve familiaire intrahepatische cholestase pfic|progressievefamiliaireintrahepatischecholestasepfic,Progressieve familiaire intrahepatische cholestase (PFIC) is een zeldzame erfelijke aandoening. Hier lees je in eenvoudige woorden de belangrijkste punten en waar je terechtkunt voor hulp.,Progressieve familiaire intrahepatische cholestase (PFIC) wordt in de literatuur beschreven als een genetische aandoening met heterogene etiologie. Fenotype-expressie en penetrantie kunnen variëren; risico-inschatting hangt af van familieanamnese en genetische bevindingen. Differentiaaldiagnostiek en indicatiestelling voor DNA-diagnostiek verlopen doorgaans via zorgprofessionals. Bespreek vragen met de huisarts; zo nodig volgt verwijzing naar een klinisch geneticus.,Maak een afspraak bij de huisarts om je familiegeschiedenis te bespreken. Een klinisch geneticus kan uitleg geven over erfelijkheid.,Deze informatie is algemeen en is geen diagnose of persoonlijk medisch advies. Bespreek klachten of zorgen altijd met een arts.,penetrantie|fenotype|etiologie|differentiaaldiagnostiek|indicatiestelling,12.5,6.4,25,2,13.75,7.418181818181818,55,4,10.06,11.217272727272727
P,Progressieve hemifaciale atrofie,https://www.erfelijkheid.nl/ziektes/progressieve-hemifaciale-atrofie,progressieve-hemifaciale-atrofie,progressieve-hemifaciale-atrofie,https://www.erfocentrum.nl/,Aanleg en ontwikkeling,progressieve hemifaciale atrofie|progressievehemifacialeatrofie,Progressieve hemifaciale atrofie is een zeldzame erfelijke aandoening. Hier lees je in eenvoudige woorden de belangrijkste punten en waar je terechtkunt voor hulp.,"Progressieve hemifaciale atrofie betreft een genetisch bepaalde aandoening waarbij varianten in een of meerdere genen kunnen leiden tot klinische verschijnselen. De overerving kan autosomaal dominant, autosomaal recessief of X-gebonden zijn, afhankelijk van het onderliggende mechanisme. Diagnostiek kan bestaan uit moleculair-genetisch onderzoek en/of chromosoomanalyse. Voor counseling en interpretatie van uitslagen kan verwijzing naar de klinische genetica passend zijn.",Bespreek je vraag met je huisarts. Vraag zo nodig om een verwijzing naar de klinische genetica.,Deze informatie is algemeen en is geen diagnose of persoonlijk medisch advies. Bespreek klachten of zorgen altijd met een arts.,autosomaal|recessief|dominant|x-gebonden|moleculair|chromosoomanalyse|counseling,11.5,6.043478260869565,23,2,15.0,6.816666666666666,60,4,9.317391304347826,11.726666666666667
P,Progressieve supranucleaire paralyse (PSP),https://www.erfelijkheid.nl/ziektes/progressieve-supranucleaire-paralyse,progressieve-supranucleaire-paralyse,progressieve-supranucleaire-paralyse,https://www.erfocentrum.nl/,Aanleg en ontwikkeling,progressieve supranucleaire paralyse|progressieve supranucleaire paralyse psp|progressievesupranucleaireparalysepsp,Bij Progressieve supranucleaire paralyse (PSP) spelen genen een rol. Deze pagina helpt je om snel te vinden: is het erfelijk en wat is een logische volgende stap.,"Progressieve supranucleaire paralyse (PSP) betreft een genetisch bepaalde aandoening waarbij varianten in een of meerdere genen kunnen leiden tot klinische verschijnselen. De overerving kan autosomaal dominant, autosomaal recessief of X-gebonden zijn, afhankelijk van het onderliggende mechanisme. Diagnostiek kan bestaan uit moleculair-genetisch onderzoek en/of chromosoomanalyse. Voor counseling en interpretatie van uitslagen kan verwijzing naar de klinische genetica passend zijn.",Maak een afspraak bij de huisarts om je familiegeschiedenis te bespreken. Een klinisch geneticus kan uitleg geven over erfelijkheid.,Deze informatie is algemeen en is geen diagnose of persoonlijk medisch advies. Bespreek klachten of zorgen altijd met een arts.,autosomaal|recessief|dominant|x-gebonden|moleculair|chromosoomanalyse|counseling,13.5,4.851851851851852,27,2,15.25,6.819672131147541,61,4,10.040740740740741,11.877868852459017
P,Propion acidemie,https://www.erfelijkheid.nl/ziektes/propionacidemie,propionacidemie,propionacidemie,https://www.erfocentrum.nl/,Aanleg en ontwikkeling,propion acidemie|propionacidemie,Bij Propion acidemie spelen genen een rol. Deze pagina helpt je om snel te vinden: is het erfelijk en wat is een logische volgende stap.,"Propion acidemie betreft een genetisch bepaalde aandoening waarbij varianten in een of meerdere genen kunnen leiden tot klinische verschijnselen. De overerving kan autosomaal dominant, autosomaal recessief of X-gebonden zijn, afhankelijk van het onderliggende mechanisme. Diagnostiek kan bestaan uit moleculair-genetisch onderzoek en/of chromosoomanalyse. Voor counseling en interpretatie van uitslagen kan verwijzing naar de klinische genetica passend zijn.",Bespreek je vraag met je huisarts. Vraag zo nodig om een verwijzing naar de klinische genetica.,Deze informatie is algemeen en is geen diagnose of persoonlijk medisch advies. Bespreek klachten of zorgen altijd met een arts.,autosomaal|recessief|dominant|x-gebonden|moleculair|chromosoomanalyse|counseling,12.5,4.36,25,2,14.75,6.677966101694915,59,4,9.244,11.521186440677965
P,Prostaatkanker,https://www.erfelijkheid.nl/ziektes/prostaatkanker,prostaatkanker,prostaatkanker,https://www.erfocentrum.nl/,Erfelijkheid van kanker,prostaatkanker,"Prostaatkanker is een erfelijke aandoening. Op deze pagina vind je wat het is, of het in families voorkomt en wat je kunt doen als je vragen hebt.",Prostaatkanker wordt in de literatuur beschreven als een genetische aandoening met heterogene etiologie. Fenotype-expressie en penetrantie kunnen variëren; risico-inschatting hangt af van familieanamnese en genetische bevindingen. Differentiaaldiagnostiek en indicatiestelling voor DNA-diagnostiek verlopen doorgaans via zorgprofessionals. Bespreek vragen met de huisarts; zo nodig volgt verwijzing naar een klinisch geneticus.,Maak een afspraak bij de huisarts om je familiegeschiedenis te bespreken. Een klinisch geneticus kan uitleg geven over erfelijkheid.,Deze informatie is algemeen en is geen diagnose of persoonlijk medisch advies. Bespreek klachten of zorgen altijd met een arts.,penetrantie|fenotype|etiologie|differentiaaldiagnostiek|indicatiestelling,13.5,4.333333333333333,27,2,12.75,7.2745098039215685,51,4,9.833333333333332,10.559803921568626
P,Proteus syndroom,https://www.erfelijkheid.nl/ziektes/proteus-syndroom,proteus-syndroom,proteus-syndroom,https://www.erfocentrum.nl/,Aanleg en ontwikkeling,proteus syn|proteus syndroom|proteussyndroom,Proteus syndroom is een zeldzame erfelijke aandoening. Hier lees je in eenvoudige woorden de belangrijkste punten en waar je terechtkunt voor hulp.,Proteus syndroom wordt in de literatuur beschreven als een genetische aandoening met heterogene etiologie. Fenotype-expressie en penetrantie kunnen variëren; risico-inschatting hangt af van familieanamnese en genetische bevindingen. Differentiaaldiagnostiek en indicatiestelling voor DNA-diagnostiek verlopen doorgaans via zorgprofessionals. Bespreek vragen met de huisarts; zo nodig volgt verwijzing naar een klinisch geneticus.,Bespreek je vraag met je huisarts. Vraag zo nodig om een verwijzing naar de klinische genetica.,Deze informatie is algemeen en is geen diagnose of persoonlijk medisch advies. Bespreek klachten of zorgen altijd met een arts.,penetrantie|fenotype|etiologie|differentiaaldiagnostiek|indicatiestelling,11.0,5.636363636363637,22,2,13.0,7.153846153846154,52,4,8.854545454545455,10.661538461538463
P,Pseudo-neonatale adrenoleukodystrofie,https://www.erfelijkheid.nl/ziektes/pseudo-neonatale-adrenoleukodystrofie,pseudo-neonatale-adrenoleukodystrofie,pseudo-neonatale-adrenoleukodystrofie,https://www.erfocentrum.nl/,Aanleg en ontwikkeling,pseudo neonatale adrenoleukodystrofie|pseudo-neonatale adrenoleukodystrofie|pseudo-neonataleadrenoleukodystrofie,"Pseudo-neonatale adrenoleukodystrofie is een erfelijke aandoening. Op deze pagina vind je wat het is, of het in families voorkomt en wat je kunt doen als je vragen hebt.","Pseudo-neonatale adrenoleukodystrofie betreft een genetisch bepaalde aandoening waarbij varianten in een of meerdere genen kunnen leiden tot klinische verschijnselen. De overerving kan autosomaal dominant, autosomaal recessief of X-gebonden zijn, afhankelijk van het onderliggende mechanisme. Diagnostiek kan bestaan uit moleculair-genetisch onderzoek en/of chromosoomanalyse. Voor counseling en interpretatie van uitslagen kan verwijzing naar de klinische genetica passend zijn.",Maak een afspraak bij de huisarts om je familiegeschiedenis te bespreken. Een klinisch geneticus kan uitleg geven over erfelijkheid.,Deze informatie is algemeen en is geen diagnose of persoonlijk medisch advies. Bespreek klachten of zorgen altijd met een arts.,autosomaal|recessief|dominant|x-gebonden|moleculair|chromosoomanalyse|counseling,14.5,4.758620689655173,29,2,15.0,6.9,60,4,10.603448275862068,11.76
P,Pseudoxanthoma elasticum,https://www.erfelijkheid.nl/ziektes/pseudoxanthoma-elasticum,pseudoxanthoma-elasticum,pseudoxanthoma-elasticum,https://www.erfocentrum.nl/,Aanleg en ontwikkeling,pseudoxanthoma elasticum|pseudoxanthomaelasticum,Bij Pseudoxanthoma elasticum spelen genen een rol. Deze pagina helpt je om snel te vinden: is het erfelijk en wat is een logische volgende stap.,Pseudoxanthoma elasticum wordt in de literatuur beschreven als een genetische aandoening met heterogene etiologie. Fenotype-expressie en penetrantie kunnen variëren; risico-inschatting hangt af van familieanamnese en genetische bevindingen. Differentiaaldiagnostiek en indicatiestelling voor DNA-diagnostiek verlopen doorgaans via zorgprofessionals. Bespreek vragen met de huisarts; zo nodig volgt verwijzing naar een klinisch geneticus.,Bespreek je vraag met je huisarts. Vraag zo nodig om een verwijzing naar de klinische genetica.,Deze informatie is algemeen en is geen diagnose of persoonlijk medisch advies. Bespreek klachten of zorgen altijd met een arts.,penetrantie|fenotype|etiologie|differentiaaldiagnostiek|indicatiestelling,12.5,4.68,25,2,13.0,7.3076923076923075,52,4,9.372,10.723076923076924
P,Psoriasis,https://www.erfelijkheid.nl/ziektes/psoriasis,psoriasis,psoriasis,https://www.erfocentrum.nl/,Aanleg en ontwikkeling,psoriasis,"Psoriasis is een erfelijke aandoening. Op deze pagina vind je wat het is, of het in families voorkomt en wat je kunt doen als je vragen hebt.",Psoriasis wordt in de literatuur beschreven als een genetische aandoening met heterogene etiologie. Fenotype-expressie en penetrantie kunnen variëren; risico-inschatting hangt af van familieanamnese en genetische bevindingen. Differentiaaldiagnostiek en indicatiestelling voor DNA-diagnostiek verlopen doorgaans via zorgprofessionals. Bespreek vragen met de huisarts; zo nodig volgt verwijzing naar een klinisch geneticus.,Bespreek je vraag met je huisarts. Vraag zo nodig om een verwijzing naar de klinische genetica.,Deze informatie is algemeen en is geen diagnose of persoonlijk medisch advies. Bespreek klachten of zorgen altijd met een arts.,penetrantie|fenotype|etiologie|differentiaaldiagnostiek|indicatiestelling,13.5,4.148148148148148,27,2,12.75,7.176470588235294,51,4,9.75925925925926,10.520588235294117
P,PTEN hamartoom tumor syndroom,https://www.erfelijkheid.nl/ziektes/PTEN-hamartoom-tumor-syndroom-phts,PTEN-hamartoom-tumor-syndroom-phts,PTEN-hamartoom-tumor-syndroom-phts,https://www.erfocentrum.nl/,Aanleg en ontwikkeling,PTEN hamartoom tumor syndroom phts|pten hamartoom tumor syn|pten hamartoom tumor syndroom|ptenhamartoomtumorsyndroom,PTEN hamartoom tumor syndroom is een zeldzame erfelijke aandoening. Hier lees je in eenvoudige woorden de belangrijkste punten en waar je terechtkunt voor hulp.,PTEN hamartoom tumor syndroom wordt in de literatuur beschreven als een genetische aandoening met heterogene etiologie. Fenotype-expressie en penetrantie kunnen variëren; risico-inschatting hangt af van familieanamnese en genetische bevindingen. Differentiaaldiagnostiek en indicatiestelling voor DNA-diagnostiek verlopen doorgaans via zorgprofessionals. Bespreek vragen met de huisarts; zo nodig volgt verwijzing naar een klinisch geneticus.,Bespreek je vraag met je huisarts. Vraag zo nodig om een verwijzing naar de klinische genetica.,Deze informatie is algemeen en is geen diagnose of persoonlijk medisch advies. Bespreek klachten of zorgen altijd met een arts.,penetrantie|fenotype|etiologie|differentiaaldiagnostiek|indicatiestelling,12.0,5.625,24,2,13.5,7.092592592592593,54,4,9.45,10.937037037037037
P,Pulmonale arteriële hypertensie,https://www.erfelijkheid.nl/ziektes/pulmonale-arteri%C3%ABle-hypertensie-pah,pulmonale-arteri%C3%ABle-hypertensie-pah,pulmonale-arteri%C3%ABle-hypertensie-pah,https://www.erfocentrum.nl/,Aanleg en ontwikkeling,pulmonale arteri%C3%ABle hypertensie pah|pulmonale arteriele hypertensie|pulmonalearterielehypertensie,"Pulmonale arteriële hypertensie is een erfelijke aandoening. Op deze pagina vind je wat het is, of het in families voorkomt en wat je kunt doen als je vragen hebt.",Pulmonale arteriële hypertensie wordt in de literatuur beschreven als een genetische aandoening met heterogene etiologie. Fenotype-expressie en penetrantie kunnen variëren; risico-inschatting hangt af van familieanamnese en genetische bevindingen. Differentiaaldiagnostiek en indicatiestelling voor DNA-diagnostiek verlopen doorgaans via zorgprofessionals. Bespreek vragen met de huisarts; zo nodig volgt verwijzing naar een klinisch geneticus.,Bespreek je vraag met je huisarts. Vraag zo nodig om een verwijzing naar de klinische genetica.,Deze informatie is algemeen en is geen diagnose of persoonlijk medisch advies. Bespreek klachten of zorgen altijd met een arts.,penetrantie|fenotype|etiologie|differentiaaldiagnostiek|indicatiestelling,14.5,4.551724137931035,29,2,13.25,7.283018867924528,53,4,10.520689655172413,10.86320754716981
P,Pyridoxine afhankelijke epilepsie,https://www.erfelijkheid.nl/ziektes/pyridoxine-afhankelijke-epilepsie-pde,pyridoxine-afhankelijke-epilepsie-pde,pyridoxine-afhankelijke-epilepsie-pde,https://www.erfocentrum.nl/,Aanleg en ontwikkeling,pyridoxine afhankelijke epilepsie|pyridoxine afhankelijke epilepsie pde|pyridoxineafhankelijkeepilepsie,Pyridoxine afhankelijke epilepsie is een zeldzame erfelijke aandoening. Hier lees je in eenvoudige woorden de belangrijkste punten en waar je terechtkunt voor hulp.,"Pyridoxine afhankelijke epilepsie betreft een genetisch bepaalde aandoening waarbij varianten in een of meerdere genen kunnen leiden tot klinische verschijnselen. De overerving kan autosomaal dominant, autosomaal recessief of X-gebonden zijn, afhankelijk van het onderliggende mechanisme. Diagnostiek kan bestaan uit moleculair-genetisch onderzoek en/of chromosoomanalyse. Voor counseling en interpretatie van uitslagen kan verwijzing naar de klinische genetica passend zijn.",Maak een afspraak bij de huisarts om je familiegeschiedenis te bespreken. Een klinisch geneticus kan uitleg geven over erfelijkheid.,Deze informatie is algemeen en is geen diagnose of persoonlijk medisch advies. Bespreek klachten of zorgen altijd met een arts.,autosomaal|recessief|dominant|x-gebonden|moleculair|chromosoomanalyse|counseling,11.5,6.086956521739131,23,2,15.0,6.833333333333333,60,4,9.334782608695651,11.733333333333334
P,Pyruvaat carboxylase deficiëntie,https://www.erfelijkheid.nl/ziektes/pyruvaat-carboxylase-defici%C3%ABntie,pyruvaat-carboxylase-defici%C3%ABntie,pyruvaat-carboxylase-defici%C3%ABntie,https://www.erfocentrum.nl/,Aanleg en ontwikkeling,pyruvaat carboxylase defici%C3%ABntie|pyruvaat carboxylase deficientie|pyruvaat carboxylase deficiëntie|pyruvaatcarboxylasedeficientie,"Pyruvaat carboxylase deficiëntie is een erfelijke aandoening. Op deze pagina vind je wat het is, of het in families voorkomt en wat je kunt doen als je vragen hebt.",Pyruvaat carboxylase deficiëntie wordt in de literatuur beschreven als een genetische aandoening met heterogene etiologie. Fenotype-expressie en penetrantie kunnen variëren; risico-inschatting hangt af van familieanamnese en genetische bevindingen. Differentiaaldiagnostiek en indicatiestelling voor DNA-diagnostiek verlopen doorgaans via zorgprofessionals. Bespreek vragen met de huisarts; zo nodig volgt verwijzing naar een klinisch geneticus.,Bespreek je vraag met je huisarts. Vraag zo nodig om een verwijzing naar de klinische genetica.,Deze informatie is algemeen en is geen diagnose of persoonlijk medisch advies. Bespreek klachten of zorgen altijd met een arts.,penetrantie|fenotype|etiologie|differentiaaldiagnostiek|indicatiestelling,14.5,4.586206896551724,29,2,13.25,7.30188679245283,53,4,10.534482758620689,10.870754716981132
P,Pyruvaat dehydrogenase complex deficiëntie,https://www.erfelijkheid.nl/ziektes/pyruvaat-dehydrogenase-complex-defici%C3%ABntie,pyruvaat-dehydrogenase-complex-defici%C3%ABntie,pyruvaat-dehydrogenase-complex-defici%C3%ABntie,https://www.erfocentrum.nl/,Aanleg en ontwikkeling,pyruvaat dehydrogenase complex defici%C3%ABntie|pyruvaat dehydrogenase complex deficientie|pyruvaat dehydrogenase complex deficiëntie|pyruvaatdehydrogenasecomplexdeficientie,"Pyruvaat dehydrogenase complex deficiëntie is een erfelijke aandoening. Op deze pagina vind je wat het is, of het in families voorkomt en wat je kunt doen als je vragen hebt.","Pyruvaat dehydrogenase complex deficiëntie betreft een genetisch bepaalde aandoening waarbij varianten in een of meerdere genen kunnen leiden tot klinische verschijnselen. De overerving kan autosomaal dominant, autosomaal recessief of X-gebonden zijn, afhankelijk van het onderliggende mechanisme. Diagnostiek kan bestaan uit moleculair-genetisch onderzoek en/of chromosoomanalyse. Voor counseling en interpretatie van uitslagen kan verwijzing naar de klinische genetica passend zijn.",Bespreek je vraag met je huisarts. Vraag zo nodig om een verwijzing naar de klinische genetica.,Deze informatie is algemeen en is geen diagnose of persoonlijk medisch advies. Bespreek klachten of zorgen altijd met een arts.,autosomaal|recessief|dominant|x-gebonden|moleculair|chromosoomanalyse|counseling,15.0,4.733333333333333,30,2,15.25,6.852459016393443,61,4,10.893333333333334,11.890983606557377
P,Pyruvaat kinase deficiëntie,https://www.erfelijkheid.nl/ziektes/pyruvaat-kinase-deficientie,pyruvaat-kinase-deficientie,pyruvaat-kinase-deficientie,https://www.erfocentrum.nl/,Aanleg en ontwikkeling,pyruvaat kinase deficientie|pyruvaat kinase deficiëntie|pyruvaatkinasedeficientie,Pyruvaat kinase deficiëntie is een zeldzame erfelijke aandoening. Hier lees je in eenvoudige woorden de belangrijkste punten en waar je terechtkunt voor hulp.,"Pyruvaat kinase deficiëntie betreft een genetisch bepaalde aandoening waarbij varianten in een of meerdere genen kunnen leiden tot klinische verschijnselen. De overerving kan autosomaal dominant, autosomaal recessief of X-gebonden zijn, afhankelijk van het onderliggende mechanisme. Diagnostiek kan bestaan uit moleculair-genetisch onderzoek en/of chromosoomanalyse. Voor counseling en interpretatie van uitslagen kan verwijzing naar de klinische genetica passend zijn.",Bespreek je vraag met je huisarts. Vraag zo nodig om een verwijzing naar de klinische genetica.,Deze informatie is algemeen en is geen diagnose of persoonlijk medisch advies. Bespreek klachten of zorgen altijd met een arts.,autosomaal|recessief|dominant|x-gebonden|moleculair|chromosoomanalyse|counseling,11.5,5.826086956521739,23,2,15.0,6.733333333333333,60,4,9.230434782608695,11.693333333333333
R,ReNU syndroom,https://www.erfelijkheid.nl/ziektes/renu-syndroom,renu-syndroom,renu-syndroom,https://www.erfocentrum.nl/,Aanleg en ontwikkeling,renu syn|renu syndroom|renusyndroom,ReNU syndroom is een zeldzame erfelijke aandoening. Hier lees je in eenvoudige woorden de belangrijkste punten en waar je terechtkunt voor hulp.,"ReNU syndroom betreft een genetisch bepaalde aandoening waarbij varianten in een of meerdere genen kunnen leiden tot klinische verschijnselen. De overerving kan autosomaal dominant, autosomaal recessief of X-gebonden zijn, afhankelijk van het onderliggende mechanisme. Diagnostiek kan bestaan uit moleculair-genetisch onderzoek en/of chromosoomanalyse. Voor counseling en interpretatie van uitslagen kan verwijzing naar de klinische genetica passend zijn.",Bespreek je vraag met je huisarts. Vraag zo nodig om een verwijzing naar de klinische genetica.,Deze informatie is algemeen en is geen diagnose of persoonlijk medisch advies. Bespreek klachten of zorgen altijd met een arts.,autosomaal|recessief|dominant|x-gebonden|moleculair|chromosoomanalyse|counseling,11.0,5.5,22,2,14.75,6.627118644067797,59,4,8.8,11.500847457627119
R,Restless legs syndroom,https://www.erfelijkheid.nl/ziektes/restless-legs-syndroom,restless-legs-syndroom,restless-legs-syndroom,https://www.erfocentrum.nl/,Aanleg en ontwikkeling,restless legs syn|restless legs syndroom|restlesslegssyndroom,Restless legs syndroom is een zeldzame erfelijke aandoening. Hier lees je in eenvoudige woorden de belangrijkste punten en waar je terechtkunt voor hulp.,Restless legs syndroom wordt in de literatuur beschreven als een genetische aandoening met heterogene etiologie. Fenotype-expressie en penetrantie kunnen variëren; risico-inschatting hangt af van familieanamnese en genetische bevindingen. Differentiaaldiagnostiek en indicatiestelling voor DNA-diagnostiek verlopen doorgaans via zorgprofessionals. Bespreek vragen met de huisarts; zo nodig volgt verwijzing naar een klinisch geneticus.,Maak een afspraak bij de huisarts om je familiegeschiedenis te bespreken. Een klinisch geneticus kan uitleg geven over erfelijkheid.,Deze informatie is algemeen en is geen diagnose of persoonlijk medisch advies. Bespreek klachten of zorgen altijd met een arts.,penetrantie|fenotype|etiologie|differentiaaldiagnostiek|indicatiestelling,11.5,5.608695652173913,23,2,13.25,7.113207547169812,53,4,9.143478260869564,10.795283018867924
R,Retinitis pigmentosa,https://www.erfelijkheid.nl/ziektes/retinitis-pigmentosa,retinitis-pigmentosa,retinitis-pigmentosa,https://www.erfocentrum.nl/,Aanleg en ontwikkeling,retinitis pigmentosa|retinitispigmentosa,"Retinitis pigmentosa is een erfelijke aandoening. Op deze pagina vind je wat het is, of het in families voorkomt en wat je kunt doen als je vragen hebt.",Retinitis pigmentosa wordt in de literatuur beschreven als een genetische aandoening met heterogene etiologie. Fenotype-expressie en penetrantie kunnen variëren; risico-inschatting hangt af van familieanamnese en genetische bevindingen. Differentiaaldiagnostiek en indicatiestelling voor DNA-diagnostiek verlopen doorgaans via zorgprofessionals. Bespreek vragen met de huisarts; zo nodig volgt verwijzing naar een klinisch geneticus.,Bespreek je vraag met je huisarts. Vraag zo nodig om een verwijzing naar de klinische genetica.,Deze informatie is algemeen en is geen diagnose of persoonlijk medisch advies. Bespreek klachten of zorgen altijd met een arts.,penetrantie|fenotype|etiologie|differentiaaldiagnostiek|indicatiestelling,14.0,4.357142857142857,28,2,13.0,7.230769230769231,52,4,10.142857142857142,10.692307692307693
R,Retinoblastoom,https://www.erfelijkheid.nl/ziektes/retinoblastoom,retinoblastoom,retinoblastoom,https://www.erfocentrum.nl/,Aanleg en ontwikkeling,retinoblastoom,"Retinoblastoom is een erfelijke aandoening. Op deze pagina vind je wat het is, of het in families voorkomt en wat je kunt doen als je vragen hebt.","Retinoblastoom betreft een genetisch bepaalde aandoening waarbij varianten in een of meerdere genen kunnen leiden tot klinische verschijnselen. De overerving kan autosomaal dominant, autosomaal recessief of X-gebonden zijn, afhankelijk van het onderliggende mechanisme. Diagnostiek kan bestaan uit moleculair-genetisch onderzoek en/of chromosoomanalyse. Voor counseling en interpretatie van uitslagen kan verwijzing naar de klinische genetica passend zijn.",Maak een afspraak bij de huisarts om je familiegeschiedenis te bespreken. Een klinisch geneticus kan uitleg geven over erfelijkheid.,Deze informatie is algemeen en is geen diagnose of persoonlijk medisch advies. Bespreek klachten of zorgen altijd met een arts.,autosomaal|recessief|dominant|x-gebonden|moleculair|chromosoomanalyse|counseling,13.5,4.333333333333333,27,2,14.5,6.775862068965517,58,4,9.833333333333332,11.410344827586206
R,Rett syndroom,https://www.erfelijkheid.nl/ziektes/rett-syndroom,rett-syndroom,rett-syndroom,https://www.erfocentrum.nl/,Aanleg en ontwikkeling,rett syn|rett syndroom|rettsyndroom,"Rett syndroom is een erfelijke aandoening. Op deze pagina vind je wat het is, of het in families voorkomt en wat je kunt doen als je vragen hebt.",Rett syndroom wordt in de literatuur beschreven als een genetische aandoening met heterogene etiologie. Fenotype-expressie en penetrantie kunnen variëren; risico-inschatting hangt af van familieanamnese en genetische bevindingen. Differentiaaldiagnostiek en indicatiestelling voor DNA-diagnostiek verlopen doorgaans via zorgprofessionals. Bespreek vragen met de huisarts; zo nodig volgt verwijzing naar een klinisch geneticus.,Bespreek je vraag met je huisarts. Vraag zo nodig om een verwijzing naar de klinische genetica.,Deze informatie is algemeen en is geen diagnose of persoonlijk medisch advies. Bespreek klachten of zorgen altijd met een arts.,penetrantie|fenotype|etiologie|differentiaaldiagnostiek|indicatiestelling,14.0,4.107142857142857,28,2,13.0,7.096153846153846,52,4,10.042857142857143,10.638461538461538
R,Rhizomele Chondrodysplasie Punctata (RCDP),https://www.erfelijkheid.nl/ziektes/rhizomele-chondrodysplasie-punctata-rcdp,rhizomele-chondrodysplasie-punctata-rcdp,rhizomele-chondrodysplasie-punctata-rcdp,https://www.erfocentrum.nl/,Aanleg en ontwikkeling,rhizomele chondrodysplasie punctata rcdp|rhizomelechondrodysplasiepunctatarcdp,Bij Rhizomele Chondrodysplasie Punctata (RCDP) spelen genen een rol. Deze pagina helpt je om snel te vinden: is het erfelijk en wat is een logische volgende stap.,"Rhizomele Chondrodysplasie Punctata (RCDP) betreft een genetisch bepaalde aandoening waarbij varianten in een of meerdere genen kunnen leiden tot klinische verschijnselen. De overerving kan autosomaal dominant, autosomaal recessief of X-gebonden zijn, afhankelijk van het onderliggende mechanisme. Diagnostiek kan bestaan uit moleculair-genetisch onderzoek en/of chromosoomanalyse. Voor counseling en interpretatie van uitslagen kan verwijzing naar de klinische genetica passend zijn.",Maak een afspraak bij de huisarts om je familiegeschiedenis te bespreken. Een klinisch geneticus kan uitleg geven over erfelijkheid.,Deze informatie is algemeen en is geen diagnose of persoonlijk medisch advies. Bespreek klachten of zorgen altijd met een arts.,autosomaal|recessief|dominant|x-gebonden|moleculair|chromosoomanalyse|counseling,13.5,4.851851851851852,27,2,15.25,6.819672131147541,61,4,10.040740740740741,11.877868852459017
R,Rieger syndroom,https://www.erfelijkheid.nl/ziektes/rieger-syndroom,rieger-syndroom,rieger-syndroom,https://www.erfocentrum.nl/,Aanleg en ontwikkeling,rieger syn|rieger syndroom|riegersyndroom,"Rieger syndroom is een erfelijke aandoening. Op deze pagina vind je wat het is, of het in families voorkomt en wat je kunt doen als je vragen hebt.",Rieger syndroom wordt in de literatuur beschreven als een genetische aandoening met heterogene etiologie. Fenotype-expressie en penetrantie kunnen variëren; risico-inschatting hangt af van familieanamnese en genetische bevindingen. Differentiaaldiagnostiek en indicatiestelling voor DNA-diagnostiek verlopen doorgaans via zorgprofessionals. Bespreek vragen met de huisarts; zo nodig volgt verwijzing naar een klinisch geneticus.,Maak een afspraak bij de huisarts om je familiegeschiedenis te bespreken. Een klinisch geneticus kan uitleg geven over erfelijkheid.,Deze informatie is algemeen en is geen diagnose of persoonlijk medisch advies. Bespreek klachten of zorgen altijd met een arts.,penetrantie|fenotype|etiologie|differentiaaldiagnostiek|indicatiestelling,14.0,4.178571428571429,28,2,13.0,7.134615384615385,52,4,10.071428571428573,10.653846153846153
R,Roberts syndroom,https://www.erfelijkheid.nl/ziektes/roberts-syndroom,roberts-syndroom,roberts-syndroom,https://www.erfocentrum.nl/,Aanleg en ontwikkeling,roberts syn|roberts syndroom|robertssyndroom,Roberts syndroom is een zeldzame erfelijke aandoening. Hier lees je in eenvoudige woorden de belangrijkste punten en waar je terechtkunt voor hulp.,"Roberts syndroom betreft een genetisch bepaalde aandoening waarbij varianten in een of meerdere genen kunnen leiden tot klinische verschijnselen. De overerving kan autosomaal dominant, autosomaal recessief of X-gebonden zijn, afhankelijk van het onderliggende mechanisme. Diagnostiek kan bestaan uit moleculair-genetisch onderzoek en/of chromosoomanalyse. Voor counseling en interpretatie van uitslagen kan verwijzing naar de klinische genetica passend zijn.",Maak een afspraak bij de huisarts om je familiegeschiedenis te bespreken. Een klinisch geneticus kan uitleg geven over erfelijkheid.,Deze informatie is algemeen en is geen diagnose of persoonlijk medisch advies. Bespreek klachten of zorgen altijd met een arts.,autosomaal|recessief|dominant|x-gebonden|moleculair|chromosoomanalyse|counseling,11.0,5.636363636363637,22,2,14.75,6.677966101694915,59,4,8.854545454545455,11.521186440677965
R,Robinow syndroom,https://www.erfelijkheid.nl/ziektes/robinow-syndroom,robinow-syndroom,robinow-syndroom,https://www.erfocentrum.nl/,Aanleg en ontwikkeling,robinow syn|robinow syndroom|robinowsyndroom,Robinow syndroom is een zeldzame erfelijke aandoening. Hier lees je in eenvoudige woorden de belangrijkste punten en waar je terechtkunt voor hulp.,Robinow syndroom wordt in de literatuur beschreven als een genetische aandoening met heterogene etiologie. Fenotype-expressie en penetrantie kunnen variëren; risico-inschatting hangt af van familieanamnese en genetische bevindingen. Differentiaaldiagnostiek en indicatiestelling voor DNA-diagnostiek verlopen doorgaans via zorgprofessionals. Bespreek vragen met de huisarts; zo nodig volgt verwijzing naar een klinisch geneticus.,Maak een afspraak bij de huisarts om je familiegeschiedenis te bespreken. Een klinisch geneticus kan uitleg geven over erfelijkheid.,Deze informatie is algemeen en is geen diagnose of persoonlijk medisch advies. Bespreek klachten of zorgen altijd met een arts.,penetrantie|fenotype|etiologie|differentiaaldiagnostiek|indicatiestelling,11.0,5.636363636363637,22,2,13.0,7.153846153846154,52,4,8.854545454545455,10.661538461538463
R,Rothmund-Thomson syndroom,https://www.erfelijkheid.nl/ziektes/rothmund-thomson-syndroom,rothmund-thomson-syndroom,rothmund-thomson-syndroom,https://www.erfocentrum.nl/,Aanleg en ontwikkeling,rothmund thomson syndroom|rothmund-thomson syn|rothmund-thomson syndroom|rothmund-thomsonsyndroom,Rothmund-Thomson syndroom is een zeldzame erfelijke aandoening. Hier lees je in eenvoudige woorden de belangrijkste punten en waar je terechtkunt voor hulp.,Rothmund-Thomson syndroom wordt in de literatuur beschreven als een genetische aandoening met heterogene etiologie. Fenotype-expressie en penetrantie kunnen variëren; risico-inschatting hangt af van familieanamnese en genetische bevindingen. Differentiaaldiagnostiek en indicatiestelling voor DNA-diagnostiek verlopen doorgaans via zorgprofessionals. Bespreek vragen met de huisarts; zo nodig volgt verwijzing naar een klinisch geneticus.,Bespreek je vraag met je huisarts. Vraag zo nodig om een verwijzing naar de klinische genetica.,Deze informatie is algemeen en is geen diagnose of persoonlijk medisch advies. Bespreek klachten of zorgen altijd met een arts.,penetrantie|fenotype|etiologie|differentiaaldiagnostiek|indicatiestelling,11.5,5.739130434782608,23,2,13.25,7.169811320754717,53,4,9.195652173913043,10.817924528301887
R,Rubinstein-Taybi syndroom,https://www.erfelijkheid.nl/ziektes/rubinstein-taybi-syndroom,rubinstein-taybi-syndroom,rubinstein-taybi-syndroom,https://www.erfocentrum.nl/,Aanleg en ontwikkeling,rubinstein taybi syndroom|rubinstein-taybi syn|rubinstein-taybi syndroom|rubinstein-taybisyndroom,"Rubinstein-Taybi syndroom is een erfelijke aandoening. Op deze pagina vind je wat het is, of het in families voorkomt en wat je kunt doen als je vragen hebt.",Rubinstein-Taybi syndroom wordt in de literatuur beschreven als een genetische aandoening met heterogene etiologie. Fenotype-expressie en penetrantie kunnen variëren; risico-inschatting hangt af van familieanamnese en genetische bevindingen. Differentiaaldiagnostiek en indicatiestelling voor DNA-diagnostiek verlopen doorgaans via zorgprofessionals. Bespreek vragen met de huisarts; zo nodig volgt verwijzing naar een klinisch geneticus.,Maak een afspraak bij de huisarts om je familiegeschiedenis te bespreken. Een klinisch geneticus kan uitleg geven over erfelijkheid.,Deze informatie is algemeen en is geen diagnose of persoonlijk medisch advies. Bespreek klachten of zorgen altijd met een arts.,penetrantie|fenotype|etiologie|differentiaaldiagnostiek|indicatiestelling,14.5,4.344827586206897,29,2,13.25,7.169811320754717,53,4,10.437931034482759,10.817924528301887
S,Saethre-Chotzen syndroom,https://www.erfelijkheid.nl/ziektes/saethre-chotzen-syndroom,saethre-chotzen-syndroom,saethre-chotzen-syndroom,https://www.erfocentrum.nl/,Aanleg en ontwikkeling,saethre chotzen syndroom|saethre-chotzen syn|saethre-chotzen syndroom|saethre-chotzensyndroom,Saethre-Chotzen syndroom is een zeldzame erfelijke aandoening. Hier lees je in eenvoudige woorden de belangrijkste punten en waar je terechtkunt voor hulp.,Saethre-Chotzen syndroom wordt in de literatuur beschreven als een genetische aandoening met heterogene etiologie. Fenotype-expressie en penetrantie kunnen variëren; risico-inschatting hangt af van familieanamnese en genetische bevindingen. Differentiaaldiagnostiek en indicatiestelling voor DNA-diagnostiek verlopen doorgaans via zorgprofessionals. Bespreek vragen met de huisarts; zo nodig volgt verwijzing naar een klinisch geneticus.,Maak een afspraak bij de huisarts om je familiegeschiedenis te bespreken. Een klinisch geneticus kan uitleg geven over erfelijkheid.,Deze informatie is algemeen en is geen diagnose of persoonlijk medisch advies. Bespreek klachten of zorgen altijd met een arts.,penetrantie|fenotype|etiologie|differentiaaldiagnostiek|indicatiestelling,11.5,5.695652173913044,23,2,13.25,7.150943396226415,53,4,9.178260869565218,10.810377358490566
S,Schaaf-Yang syndroom,https://www.erfelijkheid.nl/ziektes/schaaf-yang-syndroom,schaaf-yang-syndroom,schaaf-yang-syndroom,https://www.erfocentrum.nl/,Aanleg en ontwikkeling,schaaf yang syndroom|schaaf-yang syn|schaaf-yang syndroom|schaaf-yangsyndroom,Schaaf-Yang syndroom is een zeldzame erfelijke aandoening. Hier lees je in eenvoudige woorden de belangrijkste punten en waar je terechtkunt voor hulp.,Schaaf-Yang syndroom wordt in de literatuur beschreven als een genetische aandoening met heterogene etiologie. Fenotype-expressie en penetrantie kunnen variëren; risico-inschatting hangt af van familieanamnese en genetische bevindingen. Differentiaaldiagnostiek en indicatiestelling voor DNA-diagnostiek verlopen doorgaans via zorgprofessionals. Bespreek vragen met de huisarts; zo nodig volgt verwijzing naar een klinisch geneticus.,Maak een afspraak bij de huisarts om je familiegeschiedenis te bespreken. Een klinisch geneticus kan uitleg geven over erfelijkheid.,Deze informatie is algemeen en is geen diagnose of persoonlijk medisch advies. Bespreek klachten of zorgen altijd met een arts.,penetrantie|fenotype|etiologie|differentiaaldiagnostiek|indicatiestelling,11.5,5.521739130434782,23,2,13.25,7.0754716981132075,53,4,9.108695652173912,10.780188679245283
S,Schedel- en aangezichtsafwijkingen,https://www.erfelijkheid.nl/ziektes/schedel-en-aangezichtsafwijkingen,schedel-en-aangezichtsafwijkingen,schedel-en-aangezichtsafwijkingen,https://www.erfocentrum.nl/,Aanleg en ontwikkeling,schedel  en aangezichtsafwijkingen|schedel en aangezichtsafwijkingen|schedel- en aangezichtsafwijkingen|schedel-enaangezichtsafwijkingen,Bij Schedel- en aangezichtsafwijkingen spelen genen een rol. Deze pagina helpt je om snel te vinden: is het erfelijk en wat is een logische volgende stap.,"Schedel- en aangezichtsafwijkingen betreft een genetisch bepaalde aandoening waarbij varianten in een of meerdere genen kunnen leiden tot klinische verschijnselen. De overerving kan autosomaal dominant, autosomaal recessief of X-gebonden zijn, afhankelijk van het onderliggende mechanisme. Diagnostiek kan bestaan uit moleculair-genetisch onderzoek en/of chromosoomanalyse. Voor counseling en interpretatie van uitslagen kan verwijzing naar de klinische genetica passend zijn.",Bespreek je vraag met je huisarts. Vraag zo nodig om een verwijzing naar de klinische genetica.,Deze informatie is algemeen en is geen diagnose of persoonlijk medisch advies. Bespreek klachten of zorgen altijd met een arts.,autosomaal|recessief|dominant|x-gebonden|moleculair|chromosoomanalyse|counseling,13.0,4.8076923076923075,26,2,15.0,6.833333333333333,60,4,9.723076923076922,11.733333333333334
S,Schildklierziekten,https://www.erfelijkheid.nl/ziektes/schildklierziekten,schildklierziekten,schildklierziekten,https://www.erfocentrum.nl/,Aanleg en ontwikkeling,schildklierziekten,Bij Schildklierziekten spelen genen een rol. Deze pagina helpt je om snel te vinden: is het erfelijk en wat is een logische volgende stap.,"Schildklierziekten betreft een genetisch bepaalde aandoening waarbij varianten in een of meerdere genen kunnen leiden tot klinische verschijnselen. De overerving kan autosomaal dominant, autosomaal recessief of X-gebonden zijn, afhankelijk van het onderliggende mechanisme. Diagnostiek kan bestaan uit moleculair-genetisch onderzoek en/of chromosoomanalyse. Voor counseling en interpretatie van uitslagen kan verwijzing naar de klinische genetica passend zijn.",Bespreek je vraag met je huisarts. Vraag zo nodig om een verwijzing naar de klinische genetica.,Deze informatie is algemeen en is geen diagnose of persoonlijk medisch advies. Bespreek klachten of zorgen altijd met een arts.,autosomaal|recessief|dominant|x-gebonden|moleculair|chromosoomanalyse|counseling,12.0,4.666666666666667,24,2,14.5,6.844827586206897,58,4,9.066666666666666,11.437931034482759
S,Schimke immuno-ossale dysplasie,https://www.erfelijkheid.nl/ziektes/schimke-immuno-ossale-dysplasie,schimke-immuno-ossale-dysplasie,schimke-immuno-ossale-dysplasie,https://www.erfocentrum.nl/,Aanleg en ontwikkeling,schimke immuno ossale dysplasie|schimke immuno-ossale dysplasie|schimkeimmuno-ossaledysplasie,Schimke immuno-ossale dysplasie is een zeldzame erfelijke aandoening. Hier lees je in eenvoudige woorden de belangrijkste punten en waar je terechtkunt voor hulp.,Schimke immuno-ossale dysplasie wordt in de literatuur beschreven als een genetische aandoening met heterogene etiologie. Fenotype-expressie en penetrantie kunnen variëren; risico-inschatting hangt af van familieanamnese en genetische bevindingen. Differentiaaldiagnostiek en indicatiestelling voor DNA-diagnostiek verlopen doorgaans via zorgprofessionals. Bespreek vragen met de huisarts; zo nodig volgt verwijzing naar een klinisch geneticus.,Bespreek je vraag met je huisarts. Vraag zo nodig om een verwijzing naar de klinische genetica.,Deze informatie is algemeen en is geen diagnose of persoonlijk medisch advies. Bespreek klachten of zorgen altijd met een arts.,penetrantie|fenotype|etiologie|differentiaaldiagnostiek|indicatiestelling,12.0,5.708333333333333,24,2,13.5,7.12962962962963,54,4,9.483333333333333,10.951851851851853
S,Schinzel-Giedion syndroom,https://www.erfelijkheid.nl/ziektes/schinzel-giedion-syndroom,schinzel-giedion-syndroom,schinzel-giedion-syndroom,https://www.erfocentrum.nl/,Aanleg en ontwikkeling,schinzel giedion syndroom|schinzel-giedion syn|schinzel-giedion syndroom|schinzel-giedionsyndroom,Bij Schinzel-Giedion syndroom spelen genen een rol. Deze pagina helpt je om snel te vinden: is het erfelijk en wat is een logische volgende stap.,"Schinzel-Giedion syndroom betreft een genetisch bepaalde aandoening waarbij varianten in een of meerdere genen kunnen leiden tot klinische verschijnselen. De overerving kan autosomaal dominant, autosomaal recessief of X-gebonden zijn, afhankelijk van het onderliggende mechanisme. Diagnostiek kan bestaan uit moleculair-genetisch onderzoek en/of chromosoomanalyse. Voor counseling en interpretatie van uitslagen kan verwijzing naar de klinische genetica passend zijn.",Maak een afspraak bij de huisarts om je familiegeschiedenis te bespreken. Een klinisch geneticus kan uitleg geven over erfelijkheid.,Deze informatie is algemeen en is geen diagnose of persoonlijk medisch advies. Bespreek klachten of zorgen altijd met een arts.,autosomaal|recessief|dominant|x-gebonden|moleculair|chromosoomanalyse|counseling,13.0,4.5,26,2,15.0,6.7,60,4,9.6,11.68
S,Schisis,https://www.erfelijkheid.nl/ziektes/schisis,schisis,schisis,https://www.erfocentrum.nl/,Aanleg en ontwikkeling,schisis,Bij Schisis spelen genen een rol. Deze pagina helpt je om snel te vinden: is het erfelijk en wat is een logische volgende stap.,Schisis wordt in de literatuur beschreven als een genetische aandoening met heterogene etiologie. Fenotype-expressie en penetrantie kunnen variëren; risico-inschatting hangt af van familieanamnese en genetische bevindingen. Differentiaaldiagnostiek en indicatiestelling voor DNA-diagnostiek verlopen doorgaans via zorgprofessionals. Bespreek vragen met de huisarts; zo nodig volgt verwijzing naar een klinisch geneticus.,Maak een afspraak bij de huisarts om je familiegeschiedenis te bespreken. Een klinisch geneticus kan uitleg geven over erfelijkheid.,Deze informatie is algemeen en is geen diagnose of persoonlijk medisch advies. Bespreek klachten of zorgen altijd met een arts.,penetrantie|fenotype|etiologie|differentiaaldiagnostiek|indicatiestelling,12.0,4.208333333333333,24,2,12.75,7.137254901960785,51,4,8.883333333333333,10.504901960784313
S,Schizofrenie,https://www.erfelijkheid.nl/ziektes/schizofrenie,schizofrenie,schizofrenie,https://www.erfocentrum.nl/,Aanleg en ontwikkeling,schizofrenie,Schizofrenie is een zeldzame erfelijke aandoening. Hier lees je in eenvoudige woorden de belangrijkste punten en waar je terechtkunt voor hulp.,"Schizofrenie betreft een genetisch bepaalde aandoening waarbij varianten in een of meerdere genen kunnen leiden tot klinische verschijnselen. De overerving kan autosomaal dominant, autosomaal recessief of X-gebonden zijn, afhankelijk van het onderliggende mechanisme. Diagnostiek kan bestaan uit moleculair-genetisch onderzoek en/of chromosoomanalyse. Voor counseling en interpretatie van uitslagen kan verwijzing naar de klinische genetica passend zijn.",Maak een afspraak bij de huisarts om je familiegeschiedenis te bespreken. Een klinisch geneticus kan uitleg geven over erfelijkheid.,Deze informatie is algemeen en is geen diagnose of persoonlijk medisch advies. Bespreek klachten of zorgen altijd met een arts.,autosomaal|recessief|dominant|x-gebonden|moleculair|chromosoomanalyse|counseling,10.5,5.761904761904762,21,2,14.5,6.741379310344827,58,4,8.604761904761904,11.39655172413793
S,Schwannomatose,https://www.erfelijkheid.nl/ziektes/schwannomatose,schwannomatose,schwannomatose,https://www.erfocentrum.nl/,Aanleg en ontwikkeling,schwannomatose,"Schwannomatose is een erfelijke aandoening. Op deze pagina vind je wat het is, of het in families voorkomt en wat je kunt doen als je vragen hebt.","Schwannomatose betreft een genetisch bepaalde aandoening waarbij varianten in een of meerdere genen kunnen leiden tot klinische verschijnselen. De overerving kan autosomaal dominant, autosomaal recessief of X-gebonden zijn, afhankelijk van het onderliggende mechanisme. Diagnostiek kan bestaan uit moleculair-genetisch onderzoek en/of chromosoomanalyse. Voor counseling en interpretatie van uitslagen kan verwijzing naar de klinische genetica passend zijn.",Maak een afspraak bij de huisarts om je familiegeschiedenis te bespreken. Een klinisch geneticus kan uitleg geven over erfelijkheid.,Deze informatie is algemeen en is geen diagnose of persoonlijk medisch advies. Bespreek klachten of zorgen altijd met een arts.,autosomaal|recessief|dominant|x-gebonden|moleculair|chromosoomanalyse|counseling,13.5,4.333333333333333,27,2,14.5,6.775862068965517,58,4,9.833333333333332,11.410344827586206
S,Sclerodermie,https://www.erfelijkheid.nl/ziektes/sclerodermie,sclerodermie,sclerodermie,https://www.erfocentrum.nl/,Aanleg en ontwikkeling,sclerodermie,"Sclerodermie is een erfelijke aandoening. Op deze pagina vind je wat het is, of het in families voorkomt en wat je kunt doen als je vragen hebt.",Sclerodermie wordt in de literatuur beschreven als een genetische aandoening met heterogene etiologie. Fenotype-expressie en penetrantie kunnen variëren; risico-inschatting hangt af van familieanamnese en genetische bevindingen. Differentiaaldiagnostiek en indicatiestelling voor DNA-diagnostiek verlopen doorgaans via zorgprofessionals. Bespreek vragen met de huisarts; zo nodig volgt verwijzing naar een klinisch geneticus.,Bespreek je vraag met je huisarts. Vraag zo nodig om een verwijzing naar de klinische genetica.,Deze informatie is algemeen en is geen diagnose of persoonlijk medisch advies. Bespreek klachten of zorgen altijd met een arts.,penetrantie|fenotype|etiologie|differentiaaldiagnostiek|indicatiestelling,13.5,4.2592592592592595,27,2,12.75,7.235294117647059,51,4,9.803703703703704,10.544117647058822
S,Seckel syndroom,https://www.erfelijkheid.nl/ziektes/seckel-syndroom,seckel-syndroom,seckel-syndroom,https://www.erfocentrum.nl/,Aanleg en ontwikkeling,seckel syn|seckel syndroom|seckelsyndroom,Seckel syndroom is een zeldzame erfelijke aandoening. Hier lees je in eenvoudige woorden de belangrijkste punten en waar je terechtkunt voor hulp.,Seckel syndroom wordt in de literatuur beschreven als een genetische aandoening met heterogene etiologie. Fenotype-expressie en penetrantie kunnen variëren; risico-inschatting hangt af van familieanamnese en genetische bevindingen. Differentiaaldiagnostiek en indicatiestelling voor DNA-diagnostiek verlopen doorgaans via zorgprofessionals. Bespreek vragen met de huisarts; zo nodig volgt verwijzing naar een klinisch geneticus.,Maak een afspraak bij de huisarts om je familiegeschiedenis te bespreken. Een klinisch geneticus kan uitleg geven over erfelijkheid.,Deze informatie is algemeen en is geen diagnose of persoonlijk medisch advies. Bespreek klachten of zorgen altijd met een arts.,penetrantie|fenotype|etiologie|differentiaaldiagnostiek|indicatiestelling,11.0,5.590909090909091,22,2,13.0,7.134615384615385,52,4,8.836363636363636,10.653846153846153
S,Septo-optische dysplasie-spectrum,https://www.erfelijkheid.nl/ziektes/septo-optische-dysplasie-spectrum,septo-optische-dysplasie-spectrum,septo-optische-dysplasie-spectrum,https://www.erfocentrum.nl/,Aanleg en ontwikkeling,septo optische dysplasie spectrum|septo-optische dysplasie-spectrum|septo-optischedysplasie-spectrum,"Septo-optische dysplasie-spectrum is een erfelijke aandoening. Op deze pagina vind je wat het is, of het in families voorkomt en wat je kunt doen als je vragen hebt.",Septo-optische dysplasie-spectrum wordt in de literatuur beschreven als een genetische aandoening met heterogene etiologie. Fenotype-expressie en penetrantie kunnen variëren; risico-inschatting hangt af van familieanamnese en genetische bevindingen. Differentiaaldiagnostiek en indicatiestelling voor DNA-diagnostiek verlopen doorgaans via zorgprofessionals. Bespreek vragen met de huisarts; zo nodig volgt verwijzing naar een klinisch geneticus.,Bespreek je vraag met je huisarts. Vraag zo nodig om een verwijzing naar de klinische genetica.,Deze informatie is algemeen en is geen diagnose of persoonlijk medisch advies. Bespreek klachten of zorgen altijd met een arts.,penetrantie|fenotype|etiologie|differentiaaldiagnostiek|indicatiestelling,15.0,4.433333333333334,30,2,13.5,7.166666666666667,54,4,10.773333333333333,10.966666666666667
S,SETBP1 aandoening,https://www.erfelijkheid.nl/ziektes/setbp1-aandoening,setbp1-aandoening,setbp1-aandoening,https://www.erfocentrum.nl/,Aanleg en ontwikkeling,setbp 1 aandoening|setbp1 aandoening|setbp1aandoening,Bij SETBP1 aandoening spelen genen een rol. Deze pagina helpt je om snel te vinden: is het erfelijk en wat is een logische volgende stap.,"SETBP1 aandoening betreft een genetisch bepaalde aandoening waarbij varianten in een of meerdere genen kunnen leiden tot klinische verschijnselen. De overerving kan autosomaal dominant, autosomaal recessief of X-gebonden zijn, afhankelijk van het onderliggende mechanisme. Diagnostiek kan bestaan uit moleculair-genetisch onderzoek en/of chromosoomanalyse. Voor counseling en interpretatie van uitslagen kan verwijzing naar de klinische genetica passend zijn.",Maak een afspraak bij de huisarts om je familiegeschiedenis te bespreken. Een klinisch geneticus kan uitleg geven over erfelijkheid.,Deze informatie is algemeen en is geen diagnose of persoonlijk medisch advies. Bespreek klachten of zorgen altijd met een arts.,autosomaal|recessief|dominant|x-gebonden|moleculair|chromosoomanalyse|counseling,12.5,4.4,25,2,14.75,6.694915254237288,59,4,9.26,11.527966101694915
S,Shwachman-Diamond syndroom,https://www.erfelijkheid.nl/ziektes/shwachman-diamond-syndroom,shwachman-diamond-syndroom,shwachman-diamond-syndroom,https://www.erfocentrum.nl/,Aanleg en ontwikkeling,shwachman diamond syndroom|shwachman-diamond syn|shwachman-diamond syndroom|shwachman-diamondsyndroom,Shwachman-Diamond syndroom is een zeldzame erfelijke aandoening. Hier lees je in eenvoudige woorden de belangrijkste punten en waar je terechtkunt voor hulp.,"Shwachman-Diamond syndroom betreft een genetisch bepaalde aandoening waarbij varianten in een of meerdere genen kunnen leiden tot klinische verschijnselen. De overerving kan autosomaal dominant, autosomaal recessief of X-gebonden zijn, afhankelijk van het onderliggende mechanisme. Diagnostiek kan bestaan uit moleculair-genetisch onderzoek en/of chromosoomanalyse. Voor counseling en interpretatie van uitslagen kan verwijzing naar de klinische genetica passend zijn.",Maak een afspraak bij de huisarts om je familiegeschiedenis te bespreken. Een klinisch geneticus kan uitleg geven over erfelijkheid.,Deze informatie is algemeen en is geen diagnose of persoonlijk medisch advies. Bespreek klachten of zorgen altijd met een arts.,autosomaal|recessief|dominant|x-gebonden|moleculair|chromosoomanalyse|counseling,11.5,5.782608695652174,23,2,15.0,6.716666666666667,60,4,9.213043478260868,11.686666666666667
S,Sialidose,https://www.erfelijkheid.nl/ziektes/sialidose,sialidose,sialidose,https://www.erfocentrum.nl/,Aanleg en ontwikkeling,sialidose,"Sialidose is een erfelijke aandoening. Op deze pagina vind je wat het is, of het in families voorkomt en wat je kunt doen als je vragen hebt.","Sialidose betreft een genetisch bepaalde aandoening waarbij varianten in een of meerdere genen kunnen leiden tot klinische verschijnselen. De overerving kan autosomaal dominant, autosomaal recessief of X-gebonden zijn, afhankelijk van het onderliggende mechanisme. Diagnostiek kan bestaan uit moleculair-genetisch onderzoek en/of chromosoomanalyse. Voor counseling en interpretatie van uitslagen kan verwijzing naar de klinische genetica passend zijn.",Maak een afspraak bij de huisarts om je familiegeschiedenis te bespreken. Een klinisch geneticus kan uitleg geven over erfelijkheid.,Deze informatie is algemeen en is geen diagnose of persoonlijk medisch advies. Bespreek klachten of zorgen altijd met een arts.,autosomaal|recessief|dominant|x-gebonden|moleculair|chromosoomanalyse|counseling,13.5,4.148148148148148,27,2,14.5,6.689655172413793,58,4,9.75925925925926,11.375862068965517
S,Sikkelcelziekte,https://www.erfelijkheid.nl/ziektes/sikkelcelziekte,sikkelcelziekte,sikkelcelziekte,https://www.erfocentrum.nl/,Aanleg en ontwikkeling,sikkelcelziekte,"Sikkelcelziekte is een erfelijke aandoening. Op deze pagina vind je wat het is, of het in families voorkomt en wat je kunt doen als je vragen hebt.","Sikkelcelziekte betreft een genetisch bepaalde aandoening waarbij varianten in een of meerdere genen kunnen leiden tot klinische verschijnselen. De overerving kan autosomaal dominant, autosomaal recessief of X-gebonden zijn, afhankelijk van het onderliggende mechanisme. Diagnostiek kan bestaan uit moleculair-genetisch onderzoek en/of chromosoomanalyse. Voor counseling en interpretatie van uitslagen kan verwijzing naar de klinische genetica passend zijn.",Maak een afspraak bij de huisarts om je familiegeschiedenis te bespreken. Een klinisch geneticus kan uitleg geven over erfelijkheid.,Deze informatie is algemeen en is geen diagnose of persoonlijk medisch advies. Bespreek klachten of zorgen altijd met een arts.,autosomaal|recessief|dominant|x-gebonden|moleculair|chromosoomanalyse|counseling,13.5,4.37037037037037,27,2,14.5,6.793103448275862,58,4,9.848148148148148,11.417241379310344
S,Silver Russell syndroom,https://www.erfelijkheid.nl/ziektes/silver-russell-syndroom,silver-russell-syndroom,silver-russell-syndroom,https://www.erfocentrum.nl/,Aanleg en ontwikkeling,silver russell syn|silver russell syndroom|silverrussellsyndroom,Bij Silver Russell syndroom spelen genen een rol. Deze pagina helpt je om snel te vinden: is het erfelijk en wat is een logische volgende stap.,Silver Russell syndroom wordt in de literatuur beschreven als een genetische aandoening met heterogene etiologie. Fenotype-expressie en penetrantie kunnen variëren; risico-inschatting hangt af van familieanamnese en genetische bevindingen. Differentiaaldiagnostiek en indicatiestelling voor DNA-diagnostiek verlopen doorgaans via zorgprofessionals. Bespreek vragen met de huisarts; zo nodig volgt verwijzing naar een klinisch geneticus.,Bespreek je vraag met je huisarts. Vraag zo nodig om een verwijzing naar de klinische genetica.,Deze informatie is algemeen en is geen diagnose of persoonlijk medisch advies. Bespreek klachten of zorgen altijd met een arts.,penetrantie|fenotype|etiologie|differentiaaldiagnostiek|indicatiestelling,13.0,4.423076923076923,26,2,13.25,7.132075471698113,53,4,9.569230769230769,10.802830188679245
S,Simpson-Golabi-Behmel syndroom type 1,https://www.erfelijkheid.nl/ziektes/simpson-golabi-behmel-syndroom-type-1,simpson-golabi-behmel-syndroom-type-1,simpson-golabi-behmel-syndroom-type-1,https://www.erfocentrum.nl/,Aanleg en ontwikkeling,simpson golabi behmel syndroom type 1|simpson-golabi-behmel syn type 1|simpson-golabi-behmel syndroom type 1|simpson-golabi-behmelsyndroomtype1,Simpson-Golabi-Behmel syndroom type 1 is een zeldzame erfelijke aandoening. Hier lees je in eenvoudige woorden de belangrijkste punten en waar je terechtkunt voor hulp.,Simpson-Golabi-Behmel syndroom type 1 wordt in de literatuur beschreven als een genetische aandoening met heterogene etiologie. Fenotype-expressie en penetrantie kunnen variëren; risico-inschatting hangt af van familieanamnese en genetische bevindingen. Differentiaaldiagnostiek en indicatiestelling voor DNA-diagnostiek verlopen doorgaans via zorgprofessionals. Bespreek vragen met de huisarts; zo nodig volgt verwijzing naar een klinisch geneticus.,Maak een afspraak bij de huisarts om je familiegeschiedenis te bespreken. Een klinisch geneticus kan uitleg geven over erfelijkheid.,Deze informatie is algemeen en is geen diagnose of persoonlijk medisch advies. Bespreek klachten of zorgen altijd met een arts.,penetrantie|fenotype|etiologie|differentiaaldiagnostiek|indicatiestelling,13.0,5.423076923076923,26,2,14.0,6.946428571428571,56,4,9.96923076923077,11.178571428571429
S,Sitosterolemie,https://www.erfelijkheid.nl/ziektes/sitosterolemie,sitosterolemie,sitosterolemie,https://www.erfocentrum.nl/,Aanleg en ontwikkeling,sitosterolemie,Sitosterolemie is een zeldzame erfelijke aandoening. Hier lees je in eenvoudige woorden de belangrijkste punten en waar je terechtkunt voor hulp.,"Sitosterolemie betreft een genetisch bepaalde aandoening waarbij varianten in een of meerdere genen kunnen leiden tot klinische verschijnselen. De overerving kan autosomaal dominant, autosomaal recessief of X-gebonden zijn, afhankelijk van het onderliggende mechanisme. Diagnostiek kan bestaan uit moleculair-genetisch onderzoek en/of chromosoomanalyse. Voor counseling en interpretatie van uitslagen kan verwijzing naar de klinische genetica passend zijn.",Bespreek je vraag met je huisarts. Vraag zo nodig om een verwijzing naar de klinische genetica.,Deze informatie is algemeen en is geen diagnose of persoonlijk medisch advies. Bespreek klachten of zorgen altijd met een arts.,autosomaal|recessief|dominant|x-gebonden|moleculair|chromosoomanalyse|counseling,10.5,5.857142857142857,21,2,14.5,6.775862068965517,58,4,8.642857142857142,11.410344827586206
S,Situs inversus,https://www.erfelijkheid.nl/ziektes/situs-inversus,situs-inversus,situs-inversus,https://www.erfocentrum.nl/,Aanleg en ontwikkeling,situs inversus|situsinversus,Bij Situs inversus spelen genen een rol. Deze pagina helpt je om snel te vinden: is het erfelijk en wat is een logische volgende stap.,"Situs inversus betreft een genetisch bepaalde aandoening waarbij varianten in een of meerdere genen kunnen leiden tot klinische verschijnselen. De overerving kan autosomaal dominant, autosomaal recessief of X-gebonden zijn, afhankelijk van het onderliggende mechanisme. Diagnostiek kan bestaan uit moleculair-genetisch onderzoek en/of chromosoomanalyse. Voor counseling en interpretatie van uitslagen kan verwijzing naar de klinische genetica passend zijn.",Maak een afspraak bij de huisarts om je familiegeschiedenis te bespreken. Een klinisch geneticus kan uitleg geven over erfelijkheid.,Deze informatie is algemeen en is geen diagnose of persoonlijk medisch advies. Bespreek klachten of zorgen altijd met een arts.,autosomaal|recessief|dominant|x-gebonden|moleculair|chromosoomanalyse|counseling,12.5,4.28,25,2,14.75,6.6440677966101696,59,4,9.212,11.507627118644068
S,Sjögren-Larsson syndroom,https://www.erfelijkheid.nl/ziektes/sj%C3%B6gren-larsson-syndroom,sj%C3%B6gren-larsson-syndroom,sj%C3%B6gren-larsson-syndroom,https://www.erfocentrum.nl/,Aanleg en ontwikkeling,sj%C3%B6gren larsson syndroom|sjogren larsson syndroom|sjogren-larsson syn|sjogren-larsson syndroom|sjogren-larssonsyndroom,Sjögren-Larsson syndroom is een zeldzame erfelijke aandoening. Hier lees je in eenvoudige woorden de belangrijkste punten en waar je terechtkunt voor hulp.,"Sjögren-Larsson syndroom betreft een genetisch bepaalde aandoening waarbij varianten in een of meerdere genen kunnen leiden tot klinische verschijnselen. De overerving kan autosomaal dominant, autosomaal recessief of X-gebonden zijn, afhankelijk van het onderliggende mechanisme. Diagnostiek kan bestaan uit moleculair-genetisch onderzoek en/of chromosoomanalyse. Voor counseling en interpretatie van uitslagen kan verwijzing naar de klinische genetica passend zijn.",Bespreek je vraag met je huisarts. Vraag zo nodig om een verwijzing naar de klinische genetica.,Deze informatie is algemeen en is geen diagnose of persoonlijk medisch advies. Bespreek klachten of zorgen altijd met een arts.,autosomaal|recessief|dominant|x-gebonden|moleculair|chromosoomanalyse|counseling,11.5,5.695652173913044,23,2,15.0,6.683333333333334,60,4,9.178260869565218,11.673333333333334
S,Slokdarmkanker,https://www.erfelijkheid.nl/ziektes/slokdarmkanker,slokdarmkanker,slokdarmkanker,https://www.erfocentrum.nl/,Erfelijkheid van kanker,slokdarmkanker,Slokdarmkanker is een zeldzame erfelijke aandoening. Hier lees je in eenvoudige woorden de belangrijkste punten en waar je terechtkunt voor hulp.,"Slokdarmkanker betreft een genetisch bepaalde aandoening waarbij varianten in een of meerdere genen kunnen leiden tot klinische verschijnselen. De overerving kan autosomaal dominant, autosomaal recessief of X-gebonden zijn, afhankelijk van het onderliggende mechanisme. Diagnostiek kan bestaan uit moleculair-genetisch onderzoek en/of chromosoomanalyse. Voor counseling en interpretatie van uitslagen kan verwijzing naar de klinische genetica passend zijn.",Maak een afspraak bij de huisarts om je familiegeschiedenis te bespreken. Een klinisch geneticus kan uitleg geven over erfelijkheid.,Deze informatie is algemeen en is geen diagnose of persoonlijk medisch advies. Bespreek klachten of zorgen altijd met een arts.,autosomaal|recessief|dominant|x-gebonden|moleculair|chromosoomanalyse|counseling,10.5,5.857142857142857,21,2,14.5,6.775862068965517,58,4,8.642857142857142,11.410344827586206
S,Small patella syndroom (SPS),https://www.erfelijkheid.nl/ziektes/small-patella-syndroom-sps,small-patella-syndroom-sps,small-patella-syndroom-sps,https://www.erfocentrum.nl/,Aanleg en ontwikkeling,small patella syn sps|small patella syndroom sps|smallpatellasyndroomsps,Bij Small patella syndroom (SPS) spelen genen een rol. Deze pagina helpt je om snel te vinden: is het erfelijk en wat is een logische volgende stap.,Small patella syndroom (SPS) wordt in de literatuur beschreven als een genetische aandoening met heterogene etiologie. Fenotype-expressie en penetrantie kunnen variëren; risico-inschatting hangt af van familieanamnese en genetische bevindingen. Differentiaaldiagnostiek en indicatiestelling voor DNA-diagnostiek verlopen doorgaans via zorgprofessionals. Bespreek vragen met de huisarts; zo nodig volgt verwijzing naar een klinisch geneticus.,Bespreek je vraag met je huisarts. Vraag zo nodig om een verwijzing naar de klinische genetica.,Deze informatie is algemeen en is geen diagnose of persoonlijk medisch advies. Bespreek klachten of zorgen altijd met een arts.,penetrantie|fenotype|etiologie|differentiaaldiagnostiek|indicatiestelling,13.5,4.333333333333333,27,2,13.5,7.037037037037037,54,4,9.833333333333332,10.914814814814815
S,Smith-Lemli-Opitz syndroom,https://www.erfelijkheid.nl/ziektes/smith-lemli-opitz-syndroom,smith-lemli-opitz-syndroom,smith-lemli-opitz-syndroom,https://www.erfocentrum.nl/,Aanleg en ontwikkeling,smith lemli opitz syndroom|smith-lemli-opitz syn|smith-lemli-opitz syndroom|smith-lemli-opitzsyndroom,Bij Smith-Lemli-Opitz syndroom spelen genen een rol. Deze pagina helpt je om snel te vinden: is het erfelijk en wat is een logische volgende stap.,Smith-Lemli-Opitz syndroom wordt in de literatuur beschreven als een genetische aandoening met heterogene etiologie. Fenotype-expressie en penetrantie kunnen variëren; risico-inschatting hangt af van familieanamnese en genetische bevindingen. Differentiaaldiagnostiek en indicatiestelling voor DNA-diagnostiek verlopen doorgaans via zorgprofessionals. Bespreek vragen met de huisarts; zo nodig volgt verwijzing naar een klinisch geneticus.,Maak een afspraak bij de huisarts om je familiegeschiedenis te bespreken. Een klinisch geneticus kan uitleg geven over erfelijkheid.,Deze informatie is algemeen en is geen diagnose of persoonlijk medisch advies. Bespreek klachten of zorgen altijd met een arts.,penetrantie|fenotype|etiologie|differentiaaldiagnostiek|indicatiestelling,13.5,4.333333333333333,27,2,13.5,7.037037037037037,54,4,9.833333333333332,10.914814814814815
S,Smith-Magenis syndroom,https://www.erfelijkheid.nl/ziektes/smith-magenis-syndroom,smith-magenis-syndroom,smith-magenis-syndroom,https://www.erfocentrum.nl/,Aanleg en ontwikkeling,smith magenis syndroom|smith-magenis syn|smith-magenis syndroom|smith-magenissyndroom,"Smith-Magenis syndroom is een erfelijke aandoening. Op deze pagina vind je wat het is, of het in families voorkomt en wat je kunt doen als je vragen hebt.",Smith-Magenis syndroom wordt in de literatuur beschreven als een genetische aandoening met heterogene etiologie. Fenotype-expressie en penetrantie kunnen variëren; risico-inschatting hangt af van familieanamnese en genetische bevindingen. Differentiaaldiagnostiek en indicatiestelling voor DNA-diagnostiek verlopen doorgaans via zorgprofessionals. Bespreek vragen met de huisarts; zo nodig volgt verwijzing naar een klinisch geneticus.,Maak een afspraak bij de huisarts om je familiegeschiedenis te bespreken. Een klinisch geneticus kan uitleg geven over erfelijkheid.,Deze informatie is algemeen en is geen diagnose of persoonlijk medisch advies. Bespreek klachten of zorgen altijd met een arts.,penetrantie|fenotype|etiologie|differentiaaldiagnostiek|indicatiestelling,14.5,4.241379310344827,29,2,13.25,7.113207547169812,53,4,10.39655172413793,10.795283018867924
S,Sotos syndroom,https://www.erfelijkheid.nl/ziektes/sotos-syndroom,sotos-syndroom,sotos-syndroom,https://www.erfocentrum.nl/,Aanleg en ontwikkeling,sotos syn|sotos syndroom|sotossyndroom,Sotos syndroom is een zeldzame erfelijke aandoening. Hier lees je in eenvoudige woorden de belangrijkste punten en waar je terechtkunt voor hulp.,Sotos syndroom wordt in de literatuur beschreven als een genetische aandoening met heterogene etiologie. Fenotype-expressie en penetrantie kunnen variëren; risico-inschatting hangt af van familieanamnese en genetische bevindingen. Differentiaaldiagnostiek en indicatiestelling voor DNA-diagnostiek verlopen doorgaans via zorgprofessionals. Bespreek vragen met de huisarts; zo nodig volgt verwijzing naar een klinisch geneticus.,Bespreek je vraag met je huisarts. Vraag zo nodig om een verwijzing naar de klinische genetica.,Deze informatie is algemeen en is geen diagnose of persoonlijk medisch advies. Bespreek klachten of zorgen altijd met een arts.,penetrantie|fenotype|etiologie|differentiaaldiagnostiek|indicatiestelling,11.0,5.545454545454546,22,2,13.0,7.115384615384615,52,4,8.818181818181818,10.646153846153846
S,Spinale musculaire atrofie (SMA),https://www.erfelijkheid.nl/ziektes/spinale-musculaire-atrofie-sma,spinale-musculaire-atrofie-sma,spinale-musculaire-atrofie-sma,https://www.erfocentrum.nl/,Erfelijkheid van neurologische ziekten,spinale musculaire atrofie sma|spinalemusculaireatrofiesma,Bij Spinale musculaire atrofie (SMA) spelen genen een rol. Deze pagina helpt je om snel te vinden: is het erfelijk en wat is een logische volgende stap.,"Spinale musculaire atrofie (SMA) betreft een genetisch bepaalde aandoening waarbij varianten in een of meerdere genen kunnen leiden tot klinische verschijnselen. De overerving kan autosomaal dominant, autosomaal recessief of X-gebonden zijn, afhankelijk van het onderliggende mechanisme. Diagnostiek kan bestaan uit moleculair-genetisch onderzoek en/of chromosoomanalyse. Voor counseling en interpretatie van uitslagen kan verwijzing naar de klinische genetica passend zijn.",Bespreek je vraag met je huisarts. Vraag zo nodig om een verwijzing naar de klinische genetica.,Deze informatie is algemeen en is geen diagnose of persoonlijk medisch advies. Bespreek klachten of zorgen altijd met een arts.,autosomaal|recessief|dominant|x-gebonden|moleculair|chromosoomanalyse|counseling,13.5,4.481481481481482,27,2,15.25,6.655737704918033,61,4,9.892592592592592,11.812295081967214
S,Spondylo-epifysaire dysplasie congenita,https://www.erfelijkheid.nl/ziektes/spondylo-epifysaire-dysplasie-congenita,spondylo-epifysaire-dysplasie-congenita,spondylo-epifysaire-dysplasie-congenita,https://www.erfocentrum.nl/,Aanleg en ontwikkeling,spondylo epifysaire dysplasie congenita|spondylo-epifysaire dysplasie congenita|spondylo-epifysairedysplasiecongenita,"Spondylo-epifysaire dysplasie congenita is een erfelijke aandoening. Op deze pagina vind je wat het is, of het in families voorkomt en wat je kunt doen als je vragen hebt.",Spondylo-epifysaire dysplasie congenita wordt in de literatuur beschreven als een genetische aandoening met heterogene etiologie. Fenotype-expressie en penetrantie kunnen variëren; risico-inschatting hangt af van familieanamnese en genetische bevindingen. Differentiaaldiagnostiek en indicatiestelling voor DNA-diagnostiek verlopen doorgaans via zorgprofessionals. Bespreek vragen met de huisarts; zo nodig volgt verwijzing naar een klinisch geneticus.,Bespreek je vraag met je huisarts. Vraag zo nodig om een verwijzing naar de klinische genetica.,Deze informatie is algemeen en is geen diagnose of persoonlijk medisch advies. Bespreek klachten of zorgen altijd met een arts.,penetrantie|fenotype|etiologie|differentiaaldiagnostiek|indicatiestelling,15.0,4.633333333333334,30,2,13.5,7.277777777777778,54,4,10.853333333333333,11.011111111111111
S,"Spondylo-epifysaire dysplasie tarda, X-gebonden",https://www.erfelijkheid.nl/ziektes/x-gebonden-spondylo-epifisaire-dysplasie-tarda,x-gebonden-spondylo-epifisaire-dysplasie-tarda,x-gebonden-spondylo-epifisaire-dysplasie-tarda,https://www.erfocentrum.nl/,Aanleg en ontwikkeling,spondylo epifysaire dysplasie tarda x gebonden|spondylo-epifysaire dysplasie tarda x-gebonden|spondylo-epifysairedysplasietardax-gebonden|x gebonden spondylo epifisaire dysplasie tarda,"Spondylo-epifysaire dysplasie tarda, X-gebonden is een zeldzame erfelijke aandoening. Hier lees je in eenvoudige woorden de belangrijkste punten en waar je terechtkunt voor hulp.","Spondylo-epifysaire dysplasie tarda, X-gebonden betreft een genetisch bepaalde aandoening waarbij varianten in een of meerdere genen kunnen leiden tot klinische verschijnselen. De overerving kan autosomaal dominant, autosomaal recessief of X-gebonden zijn, afhankelijk van het onderliggende mechanisme. Diagnostiek kan bestaan uit moleculair-genetisch onderzoek en/of chromosoomanalyse. Voor counseling en interpretatie van uitslagen kan verwijzing naar de klinische genetica passend zijn.",Bespreek je vraag met je huisarts. Vraag zo nodig om een verwijzing naar de klinische genetica.,Deze informatie is algemeen en is geen diagnose of persoonlijk medisch advies. Bespreek klachten of zorgen altijd met een arts.,autosomaal|recessief|dominant|x-gebonden|moleculair|chromosoomanalyse|counseling,13.0,5.769230769230769,26,2,15.75,6.666666666666667,63,4,10.107692307692307,12.116666666666667
S,Spondylo-megaepifysaire-metafysaire dysplasie (SMMD),https://www.erfelijkheid.nl/ziektes/spondylo-megaepiphyseal-metaphyseal-dysplasia,spondylo-megaepiphyseal-metaphyseal-dysplasia,spondylo-megaepiphyseal-metaphyseal-dysplasia,https://www.erfocentrum.nl/,Aanleg en ontwikkeling,spondylo megaepifysaire metafysaire dysplasie smmd|spondylo megaepiphyseal metaphyseal dysplasia|spondylo-megaepifysaire-metafysaire dysplasie smmd|spondylo-megaepifysaire-metafysairedysplasiesmmd,"Spondylo-megaepifysaire-metafysaire dysplasie (SMMD) is een erfelijke aandoening. Op deze pagina vind je wat het is, of het in families voorkomt en wat je kunt doen als je vragen hebt.",Spondylo-megaepifysaire-metafysaire dysplasie (SMMD) wordt in de literatuur beschreven als een genetische aandoening met heterogene etiologie. Fenotype-expressie en penetrantie kunnen variëren; risico-inschatting hangt af van familieanamnese en genetische bevindingen. Differentiaaldiagnostiek en indicatiestelling voor DNA-diagnostiek verlopen doorgaans via zorgprofessionals. Bespreek vragen met de huisarts; zo nodig volgt verwijzing naar een klinisch geneticus.,Maak een afspraak bij de huisarts om je familiegeschiedenis te bespreken. Een klinisch geneticus kan uitleg geven over erfelijkheid.,Deze informatie is algemeen en is geen diagnose of persoonlijk medisch advies. Bespreek klachten of zorgen altijd met een arts.,penetrantie|fenotype|etiologie|differentiaaldiagnostiek|indicatiestelling,15.5,4.806451612903226,31,2,13.75,7.327272727272727,55,4,11.22258064516129,11.180909090909092
S,Sprengel schouder,https://www.erfelijkheid.nl/ziektes/sprengel-schouder,sprengel-schouder,sprengel-schouder,https://www.erfocentrum.nl/,Aanleg en ontwikkeling,sprengel schouder|sprengelschouder,Bij Sprengel schouder spelen genen een rol. Deze pagina helpt je om snel te vinden: is het erfelijk en wat is een logische volgende stap.,Sprengel schouder wordt in de literatuur beschreven als een genetische aandoening met heterogene etiologie. Fenotype-expressie en penetrantie kunnen variëren; risico-inschatting hangt af van familieanamnese en genetische bevindingen. Differentiaaldiagnostiek en indicatiestelling voor DNA-diagnostiek verlopen doorgaans via zorgprofessionals. Bespreek vragen met de huisarts; zo nodig volgt verwijzing naar een klinisch geneticus.,Maak een afspraak bij de huisarts om je familiegeschiedenis te bespreken. Een klinisch geneticus kan uitleg geven over erfelijkheid.,Deze informatie is algemeen en is geen diagnose of persoonlijk medisch advies. Bespreek klachten of zorgen altijd met een arts.,penetrantie|fenotype|etiologie|differentiaaldiagnostiek|indicatiestelling,12.5,4.4,25,2,13.0,7.173076923076923,52,4,9.26,10.669230769230769
S,Stickler syndroom,https://www.erfelijkheid.nl/ziektes/stickler-syndroom,stickler-syndroom,stickler-syndroom,https://www.erfocentrum.nl/,Aanleg en ontwikkeling,stickler syn|stickler syndroom|sticklersyndroom,Stickler syndroom is een zeldzame erfelijke aandoening. Hier lees je in eenvoudige woorden de belangrijkste punten en waar je terechtkunt voor hulp.,Stickler syndroom wordt in de literatuur beschreven als een genetische aandoening met heterogene etiologie. Fenotype-expressie en penetrantie kunnen variëren; risico-inschatting hangt af van familieanamnese en genetische bevindingen. Differentiaaldiagnostiek en indicatiestelling voor DNA-diagnostiek verlopen doorgaans via zorgprofessionals. Bespreek vragen met de huisarts; zo nodig volgt verwijzing naar een klinisch geneticus.,Maak een afspraak bij de huisarts om je familiegeschiedenis te bespreken. Een klinisch geneticus kan uitleg geven over erfelijkheid.,Deze informatie is algemeen en is geen diagnose of persoonlijk medisch advies. Bespreek klachten of zorgen altijd met een arts.,penetrantie|fenotype|etiologie|differentiaaldiagnostiek|indicatiestelling,11.0,5.681818181818182,22,2,13.0,7.173076923076923,52,4,8.872727272727273,10.669230769230769
S,Stofwisselingsziektes,https://www.erfelijkheid.nl/ziektes/stofwisselingsziekten,stofwisselingsziekten,stofwisselingsziekten,https://www.erfocentrum.nl/,Aanleg en ontwikkeling,stofwisselingsziekten|stofwisselingsziektes,"Stofwisselingsziektes is een erfelijke aandoening. Op deze pagina vind je wat het is, of het in families voorkomt en wat je kunt doen als je vragen hebt.","Stofwisselingsziektes betreft een genetisch bepaalde aandoening waarbij varianten in een of meerdere genen kunnen leiden tot klinische verschijnselen. De overerving kan autosomaal dominant, autosomaal recessief of X-gebonden zijn, afhankelijk van het onderliggende mechanisme. Diagnostiek kan bestaan uit moleculair-genetisch onderzoek en/of chromosoomanalyse. Voor counseling en interpretatie van uitslagen kan verwijzing naar de klinische genetica passend zijn.",Bespreek je vraag met je huisarts. Vraag zo nodig om een verwijzing naar de klinische genetica.,Deze informatie is algemeen en is geen diagnose of persoonlijk medisch advies. Bespreek klachten of zorgen altijd met een arts.,autosomaal|recessief|dominant|x-gebonden|moleculair|chromosoomanalyse|counseling,13.5,4.592592592592593,27,2,14.5,6.896551724137931,58,4,9.937037037037037,11.458620689655172
S,Sturge-Weber syndroom,https://www.erfelijkheid.nl/ziektes/sturge-weber-syndroom,sturge-weber-syndroom,sturge-weber-syndroom,https://www.erfocentrum.nl/,Aanleg en ontwikkeling,sturge weber syndroom|sturge-weber syn|sturge-weber syndroom|sturge-webersyndroom,Bij Sturge-Weber syndroom spelen genen een rol. Deze pagina helpt je om snel te vinden: is het erfelijk en wat is een logische volgende stap.,Sturge-Weber syndroom wordt in de literatuur beschreven als een genetische aandoening met heterogene etiologie. Fenotype-expressie en penetrantie kunnen variëren; risico-inschatting hangt af van familieanamnese en genetische bevindingen. Differentiaaldiagnostiek en indicatiestelling voor DNA-diagnostiek verlopen doorgaans via zorgprofessionals. Bespreek vragen met de huisarts; zo nodig volgt verwijzing naar een klinisch geneticus.,Bespreek je vraag met je huisarts. Vraag zo nodig om een verwijzing naar de klinische genetica.,Deze informatie is algemeen en is geen diagnose of persoonlijk medisch advies. Bespreek klachten of zorgen altijd met een arts.,penetrantie|fenotype|etiologie|differentiaaldiagnostiek|indicatiestelling,13.0,4.346153846153846,26,2,13.25,7.09433962264151,53,4,9.538461538461538,10.787735849056602
S,Stüve-Wiedemann syndroom,https://www.erfelijkheid.nl/ziektes/st%C3%BCve-wiedemann-syndroom,st%C3%BCve-wiedemann-syndroom,st%C3%BCve-wiedemann-syndroom,https://www.erfocentrum.nl/,Aanleg en ontwikkeling,st%C3%BCve wiedemann syndroom|stuve wiedemann syndroom|stuve-wiedemann syn|stuve-wiedemann syndroom|stuve-wiedemannsyndroom,Bij Stüve-Wiedemann syndroom spelen genen een rol. Deze pagina helpt je om snel te vinden: is het erfelijk en wat is een logische volgende stap.,"Stüve-Wiedemann syndroom betreft een genetisch bepaalde aandoening waarbij varianten in een of meerdere genen kunnen leiden tot klinische verschijnselen. De overerving kan autosomaal dominant, autosomaal recessief of X-gebonden zijn, afhankelijk van het onderliggende mechanisme. Diagnostiek kan bestaan uit moleculair-genetisch onderzoek en/of chromosoomanalyse. Voor counseling en interpretatie van uitslagen kan verwijzing naar de klinische genetica passend zijn.",Maak een afspraak bij de huisarts om je familiegeschiedenis te bespreken. Een klinisch geneticus kan uitleg geven over erfelijkheid.,Deze informatie is algemeen en is geen diagnose of persoonlijk medisch advies. Bespreek klachten of zorgen altijd met een arts.,autosomaal|recessief|dominant|x-gebonden|moleculair|chromosoomanalyse|counseling,13.0,4.461538461538462,26,2,15.0,6.683333333333334,60,4,9.584615384615384,11.673333333333334
S,STXBP1-gerelateerde aandoening,https://www.erfelijkheid.nl/ziektes/STXBP1-gerelateerde-aandoening,STXBP1-gerelateerde-aandoening,STXBP1-gerelateerde-aandoening,https://www.erfocentrum.nl/,Aanleg en ontwikkeling,STXBP1 gerelateerde aandoening|stxbp 1-gerelateerde aandoening|stxbp1 gerelateerde aandoening|stxbp1-gerelateerde aandoening|stxbp1-gerelateerdeaandoening,Bij STXBP1-gerelateerde aandoening spelen genen een rol. Deze pagina helpt je om snel te vinden: is het erfelijk en wat is een logische volgende stap.,STXBP1-gerelateerde aandoening wordt in de literatuur beschreven als een genetische aandoening met heterogene etiologie. Fenotype-expressie en penetrantie kunnen variëren; risico-inschatting hangt af van familieanamnese en genetische bevindingen. Differentiaaldiagnostiek en indicatiestelling voor DNA-diagnostiek verlopen doorgaans via zorgprofessionals. Bespreek vragen met de huisarts; zo nodig volgt verwijzing naar een klinisch geneticus.,Maak een afspraak bij de huisarts om je familiegeschiedenis te bespreken. Een klinisch geneticus kan uitleg geven over erfelijkheid.,Deze informatie is algemeen en is geen diagnose of persoonlijk medisch advies. Bespreek klachten of zorgen altijd met een arts.,penetrantie|fenotype|etiologie|differentiaaldiagnostiek|indicatiestelling,13.0,4.6923076923076925,26,2,13.25,7.264150943396227,53,4,9.676923076923076,10.85566037735849
S,Syndactylie,https://www.erfelijkheid.nl/ziektes/syndactylie,syndactylie,syndactylie,https://www.erfocentrum.nl/,Aanleg en ontwikkeling,syndactylie,Bij Syndactylie spelen genen een rol. Deze pagina helpt je om snel te vinden: is het erfelijk en wat is een logische volgende stap.,Syndactylie wordt in de literatuur beschreven als een genetische aandoening met heterogene etiologie. Fenotype-expressie en penetrantie kunnen variëren; risico-inschatting hangt af van familieanamnese en genetische bevindingen. Differentiaaldiagnostiek en indicatiestelling voor DNA-diagnostiek verlopen doorgaans via zorgprofessionals. Bespreek vragen met de huisarts; zo nodig volgt verwijzing naar een klinisch geneticus.,Bespreek je vraag met je huisarts. Vraag zo nodig om een verwijzing naar de klinische genetica.,Deze informatie is algemeen en is geen diagnose of persoonlijk medisch advies. Bespreek klachten of zorgen altijd met een arts.,penetrantie|fenotype|etiologie|differentiaaldiagnostiek|indicatiestelling,12.0,4.375,24,2,12.75,7.215686274509804,51,4,8.95,10.53627450980392
S,Syndroom van Alagille,https://www.erfelijkheid.nl/ziektes/alagille-syndroom-van,alagille-syndroom-van,alagille-syndroom-van,https://www.erfocentrum.nl/,Aanleg en ontwikkeling,alagille syndroom van|syn van alagille|syndroom van alagille|syndroomvanalagille,Bij Syndroom van Alagille spelen genen een rol. Deze pagina helpt je om snel te vinden: is het erfelijk en wat is een logische volgende stap.,"Syndroom van Alagille betreft een genetisch bepaalde aandoening waarbij varianten in een of meerdere genen kunnen leiden tot klinische verschijnselen. De overerving kan autosomaal dominant, autosomaal recessief of X-gebonden zijn, afhankelijk van het onderliggende mechanisme. Diagnostiek kan bestaan uit moleculair-genetisch onderzoek en/of chromosoomanalyse. Voor counseling en interpretatie van uitslagen kan verwijzing naar de klinische genetica passend zijn.",Bespreek je vraag met je huisarts. Vraag zo nodig om een verwijzing naar de klinische genetica.,Deze informatie is algemeen en is geen diagnose of persoonlijk medisch advies. Bespreek klachten of zorgen altijd met een arts.,autosomaal|recessief|dominant|x-gebonden|moleculair|chromosoomanalyse|counseling,13.0,4.346153846153846,26,2,15.0,6.633333333333334,60,4,9.538461538461538,11.653333333333334
S,Syndroom van Alport,https://www.erfelijkheid.nl/ziektes/syndroom-van-alport,syndroom-van-alport,syndroom-van-alport,https://www.erfocentrum.nl/,Aanleg en ontwikkeling,syn van alport|syndroom van alport|syndroomvanalport,Bij Syndroom van Alport spelen genen een rol. Deze pagina helpt je om snel te vinden: is het erfelijk en wat is een logische volgende stap.,Syndroom van Alport wordt in de literatuur beschreven als een genetische aandoening met heterogene etiologie. Fenotype-expressie en penetrantie kunnen variëren; risico-inschatting hangt af van familieanamnese en genetische bevindingen. Differentiaaldiagnostiek en indicatiestelling voor DNA-diagnostiek verlopen doorgaans via zorgprofessionals. Bespreek vragen met de huisarts; zo nodig volgt verwijzing naar een klinisch geneticus.,Maak een afspraak bij de huisarts om je familiegeschiedenis te bespreken. Een klinisch geneticus kan uitleg geven over erfelijkheid.,Deze informatie is algemeen en is geen diagnose of persoonlijk medisch advies. Bespreek klachten of zorgen altijd met een arts.,penetrantie|fenotype|etiologie|differentiaaldiagnostiek|indicatiestelling,13.0,4.269230769230769,26,2,13.25,7.056603773584905,53,4,9.507692307692308,10.772641509433962
S,Syndroom van Beals,https://www.erfelijkheid.nl/ziektes/syndroom-van-beals,syndroom-van-beals,syndroom-van-beals,https://www.erfocentrum.nl/,Aanleg en ontwikkeling,syn van beals|syndroom van beals|syndroomvanbeals,Bij Syndroom van Beals spelen genen een rol. Deze pagina helpt je om snel te vinden: is het erfelijk en wat is een logische volgende stap.,"Syndroom van Beals betreft een genetisch bepaalde aandoening waarbij varianten in een of meerdere genen kunnen leiden tot klinische verschijnselen. De overerving kan autosomaal dominant, autosomaal recessief of X-gebonden zijn, afhankelijk van het onderliggende mechanisme. Diagnostiek kan bestaan uit moleculair-genetisch onderzoek en/of chromosoomanalyse. Voor counseling en interpretatie van uitslagen kan verwijzing naar de klinische genetica passend zijn.",Maak een afspraak bij de huisarts om je familiegeschiedenis te bespreken. Een klinisch geneticus kan uitleg geven over erfelijkheid.,Deze informatie is algemeen en is geen diagnose of persoonlijk medisch advies. Bespreek klachten of zorgen altijd met een arts.,autosomaal|recessief|dominant|x-gebonden|moleculair|chromosoomanalyse|counseling,13.0,4.230769230769231,26,2,15.0,6.583333333333333,60,4,9.492307692307692,11.633333333333333
S,Syndroom van Crigler Najjar,https://www.erfelijkheid.nl/ziektes/syndroom-van-crigler-najjar,syndroom-van-crigler-najjar,syndroom-van-crigler-najjar,https://www.erfocentrum.nl/,Aanleg en ontwikkeling,syn van crigler najjar|syndroom van crigler najjar|syndroomvancriglernajjar,"Syndroom van Crigler Najjar is een erfelijke aandoening. Op deze pagina vind je wat het is, of het in families voorkomt en wat je kunt doen als je vragen hebt.",Syndroom van Crigler Najjar wordt in de literatuur beschreven als een genetische aandoening met heterogene etiologie. Fenotype-expressie en penetrantie kunnen variëren; risico-inschatting hangt af van familieanamnese en genetische bevindingen. Differentiaaldiagnostiek en indicatiestelling voor DNA-diagnostiek verlopen doorgaans via zorgprofessionals. Bespreek vragen met de huisarts; zo nodig volgt verwijzing naar een klinisch geneticus.,Maak een afspraak bij de huisarts om je familiegeschiedenis te bespreken. Een klinisch geneticus kan uitleg geven over erfelijkheid.,Deze informatie is algemeen en is geen diagnose of persoonlijk medisch advies. Bespreek klachten of zorgen altijd met een arts.,penetrantie|fenotype|etiologie|differentiaaldiagnostiek|indicatiestelling,15.0,4.233333333333333,30,2,13.5,7.055555555555555,54,4,10.693333333333333,10.922222222222222
S,Syndroom van Cushing,https://www.erfelijkheid.nl/ziektes/syndroom-van-cushing,syndroom-van-cushing,syndroom-van-cushing,https://www.erfocentrum.nl/,Aanleg en ontwikkeling,syn van cushing|syndroom van cushing|syndroomvancushing,Syndroom van Cushing is een zeldzame erfelijke aandoening. Hier lees je in eenvoudige woorden de belangrijkste punten en waar je terechtkunt voor hulp.,Syndroom van Cushing wordt in de literatuur beschreven als een genetische aandoening met heterogene etiologie. Fenotype-expressie en penetrantie kunnen variëren; risico-inschatting hangt af van familieanamnese en genetische bevindingen. Differentiaaldiagnostiek en indicatiestelling voor DNA-diagnostiek verlopen doorgaans via zorgprofessionals. Bespreek vragen met de huisarts; zo nodig volgt verwijzing naar een klinisch geneticus.,Maak een afspraak bij de huisarts om je familiegeschiedenis te bespreken. Een klinisch geneticus kan uitleg geven over erfelijkheid.,Deze informatie is algemeen en is geen diagnose of persoonlijk medisch advies. Bespreek klachten of zorgen altijd met een arts.,penetrantie|fenotype|etiologie|differentiaaldiagnostiek|indicatiestelling,11.5,5.521739130434782,23,2,13.25,7.0754716981132075,53,4,9.108695652173912,10.780188679245283
S,Syndroom van Down (trisomie 21),https://www.erfelijkheid.nl/ziektes/syndroom-van-down-trisomie-21,syndroom-van-down-trisomie-21,syndroom-van-down-trisomie-21,https://www.erfocentrum.nl/,Nieuwe technieken,syn van down trisomie 21|syndroom van down trisomie 21|syndroomvandowntrisomie21,Syndroom van Down (trisomie 21) is een zeldzame erfelijke aandoening. Hier lees je in eenvoudige woorden de belangrijkste punten en waar je terechtkunt voor hulp.,"Syndroom van Down (trisomie 21) betreft een genetisch bepaalde aandoening waarbij varianten in een of meerdere genen kunnen leiden tot klinische verschijnselen. De overerving kan autosomaal dominant, autosomaal recessief of X-gebonden zijn, afhankelijk van het onderliggende mechanisme. Diagnostiek kan bestaan uit moleculair-genetisch onderzoek en/of chromosoomanalyse. Voor counseling en interpretatie van uitslagen kan verwijzing naar de klinische genetica passend zijn.",Maak een afspraak bij de huisarts om je familiegeschiedenis te bespreken. Een klinisch geneticus kan uitleg geven over erfelijkheid.,Deze informatie is algemeen en is geen diagnose of persoonlijk medisch advies. Bespreek klachten of zorgen altijd met een arts.,autosomaal|recessief|dominant|x-gebonden|moleculair|chromosoomanalyse|counseling,12.5,5.36,25,2,15.5,6.516129032258065,62,4,9.644,11.906451612903226
S,Syndroom van Dubin-Johnson,https://www.erfelijkheid.nl/ziektes/syndroom-van-dubin-johnson,syndroom-van-dubin-johnson,syndroom-van-dubin-johnson,https://www.erfocentrum.nl/,Aanleg en ontwikkeling,syn van dubin-johnson|syndroom van dubin johnson|syndroom van dubin-johnson|syndroomvandubin-johnson,"Syndroom van Dubin-Johnson is een erfelijke aandoening. Op deze pagina vind je wat het is, of het in families voorkomt en wat je kunt doen als je vragen hebt.",Syndroom van Dubin-Johnson wordt in de literatuur beschreven als een genetische aandoening met heterogene etiologie. Fenotype-expressie en penetrantie kunnen variëren; risico-inschatting hangt af van familieanamnese en genetische bevindingen. Differentiaaldiagnostiek en indicatiestelling voor DNA-diagnostiek verlopen doorgaans via zorgprofessionals. Bespreek vragen met de huisarts; zo nodig volgt verwijzing naar een klinisch geneticus.,Bespreek je vraag met je huisarts. Vraag zo nodig om een verwijzing naar de klinische genetica.,Deze informatie is algemeen en is geen diagnose of persoonlijk medisch advies. Bespreek klachten of zorgen altijd met een arts.,penetrantie|fenotype|etiologie|differentiaaldiagnostiek|indicatiestelling,15.0,4.2,30,2,13.5,7.037037037037037,54,4,10.68,10.914814814814815
S,Syndroom van Gilbert,https://www.erfelijkheid.nl/ziektes/syndroom-van-gilbert,syndroom-van-gilbert,syndroom-van-gilbert,https://www.erfocentrum.nl/,Aanleg en ontwikkeling,syn van gilbert|syndroom van gilbert|syndroomvangilbert,Bij Syndroom van Gilbert spelen genen een rol. Deze pagina helpt je om snel te vinden: is het erfelijk en wat is een logische volgende stap.,Syndroom van Gilbert wordt in de literatuur beschreven als een genetische aandoening met heterogene etiologie. Fenotype-expressie en penetrantie kunnen variëren; risico-inschatting hangt af van familieanamnese en genetische bevindingen. Differentiaaldiagnostiek en indicatiestelling voor DNA-diagnostiek verlopen doorgaans via zorgprofessionals. Bespreek vragen met de huisarts; zo nodig volgt verwijzing naar een klinisch geneticus.,Bespreek je vraag met je huisarts. Vraag zo nodig om een verwijzing naar de klinische genetica.,Deze informatie is algemeen en is geen diagnose of persoonlijk medisch advies. Bespreek klachten of zorgen altijd met een arts.,penetrantie|fenotype|etiologie|differentiaaldiagnostiek|indicatiestelling,13.0,4.3076923076923075,26,2,13.25,7.0754716981132075,53,4,9.523076923076923,10.780188679245283
S,Syndroom van Landau-Kleffner,https://www.erfelijkheid.nl/ziektes/syndroom-van-landau-kleffner,syndroom-van-landau-kleffner,syndroom-van-landau-kleffner,https://www.erfocentrum.nl/,Aanleg en ontwikkeling,syn van landau-kleffner|syndroom van landau kleffner|syndroom van landau-kleffner|syndroomvanlandau-kleffner,Syndroom van Landau-Kleffner is een zeldzame erfelijke aandoening. Hier lees je in eenvoudige woorden de belangrijkste punten en waar je terechtkunt voor hulp.,"Syndroom van Landau-Kleffner betreft een genetisch bepaalde aandoening waarbij varianten in een of meerdere genen kunnen leiden tot klinische verschijnselen. De overerving kan autosomaal dominant, autosomaal recessief of X-gebonden zijn, afhankelijk van het onderliggende mechanisme. Diagnostiek kan bestaan uit moleculair-genetisch onderzoek en/of chromosoomanalyse. Voor counseling en interpretatie van uitslagen kan verwijzing naar de klinische genetica passend zijn.",Maak een afspraak bij de huisarts om je familiegeschiedenis te bespreken. Een klinisch geneticus kan uitleg geven over erfelijkheid.,Deze informatie is algemeen en is geen diagnose of persoonlijk medisch advies. Bespreek klachten of zorgen altijd met een arts.,autosomaal|recessief|dominant|x-gebonden|moleculair|chromosoomanalyse|counseling,12.0,5.583333333333333,24,2,15.25,6.622950819672131,61,4,9.433333333333334,11.799180327868854
S,Syndroom van Lennox-Gastaut,https://www.erfelijkheid.nl/ziektes/syndroom-van-lennox-gastaut,syndroom-van-lennox-gastaut,syndroom-van-lennox-gastaut,https://www.erfocentrum.nl/,Aanleg en ontwikkeling,syn van lennox-gastaut|syndroom van lennox gastaut|syndroom van lennox-gastaut|syndroomvanlennox-gastaut,Bij Syndroom van Lennox-Gastaut spelen genen een rol. Deze pagina helpt je om snel te vinden: is het erfelijk en wat is een logische volgende stap.,"Syndroom van Lennox-Gastaut betreft een genetisch bepaalde aandoening waarbij varianten in een of meerdere genen kunnen leiden tot klinische verschijnselen. De overerving kan autosomaal dominant, autosomaal recessief of X-gebonden zijn, afhankelijk van het onderliggende mechanisme. Diagnostiek kan bestaan uit moleculair-genetisch onderzoek en/of chromosoomanalyse. Voor counseling en interpretatie van uitslagen kan verwijzing naar de klinische genetica passend zijn.",Maak een afspraak bij de huisarts om je familiegeschiedenis te bespreken. Een klinisch geneticus kan uitleg geven over erfelijkheid.,Deze informatie is algemeen en is geen diagnose of persoonlijk medisch advies. Bespreek klachten of zorgen altijd met een arts.,autosomaal|recessief|dominant|x-gebonden|moleculair|chromosoomanalyse|counseling,13.5,4.37037037037037,27,2,15.25,6.60655737704918,61,4,9.848148148148148,11.792622950819673
S,Syndroom van Ohtahara,https://www.erfelijkheid.nl/ziektes/syndroom-van-ohtahara,syndroom-van-ohtahara,syndroom-van-ohtahara,https://www.erfocentrum.nl/,Aanleg en ontwikkeling,syn van ohtahara|syndroom van ohtahara|syndroomvanohtahara,Syndroom van Ohtahara is een zeldzame erfelijke aandoening. Hier lees je in eenvoudige woorden de belangrijkste punten en waar je terechtkunt voor hulp.,Syndroom van Ohtahara wordt in de literatuur beschreven als een genetische aandoening met heterogene etiologie. Fenotype-expressie en penetrantie kunnen variëren; risico-inschatting hangt af van familieanamnese en genetische bevindingen. Differentiaaldiagnostiek en indicatiestelling voor DNA-diagnostiek verlopen doorgaans via zorgprofessionals. Bespreek vragen met de huisarts; zo nodig volgt verwijzing naar een klinisch geneticus.,Bespreek je vraag met je huisarts. Vraag zo nodig om een verwijzing naar de klinische genetica.,Deze informatie is algemeen en is geen diagnose of persoonlijk medisch advies. Bespreek klachten of zorgen altijd met een arts.,penetrantie|fenotype|etiologie|differentiaaldiagnostiek|indicatiestelling,11.5,5.565217391304348,23,2,13.25,7.09433962264151,53,4,9.126086956521739,10.787735849056602
S,Syndroom van Swyer,https://www.erfelijkheid.nl/ziektes/syndroom-van-swyer,syndroom-van-swyer,syndroom-van-swyer,https://www.erfocentrum.nl/,Aanleg en ontwikkeling,syn van swyer|syndroom van swyer|syndroomvanswyer,Bij Syndroom van Swyer spelen genen een rol. Deze pagina helpt je om snel te vinden: is het erfelijk en wat is een logische volgende stap.,"Syndroom van Swyer betreft een genetisch bepaalde aandoening waarbij varianten in een of meerdere genen kunnen leiden tot klinische verschijnselen. De overerving kan autosomaal dominant, autosomaal recessief of X-gebonden zijn, afhankelijk van het onderliggende mechanisme. Diagnostiek kan bestaan uit moleculair-genetisch onderzoek en/of chromosoomanalyse. Voor counseling en interpretatie van uitslagen kan verwijzing naar de klinische genetica passend zijn.",Bespreek je vraag met je huisarts. Vraag zo nodig om een verwijzing naar de klinische genetica.,Deze informatie is algemeen en is geen diagnose of persoonlijk medisch advies. Bespreek klachten of zorgen altijd met een arts.,autosomaal|recessief|dominant|x-gebonden|moleculair|chromosoomanalyse|counseling,13.0,4.230769230769231,26,2,15.0,6.583333333333333,60,4,9.492307692307692,11.633333333333333
S,Syndroom van Turner,https://www.erfelijkheid.nl/ziektes/syndroom-van-turner,syndroom-van-turner,syndroom-van-turner,https://www.erfocentrum.nl/,Aanleg en ontwikkeling,syn van turner|syndroom van turner|syndroomvanturner,"Syndroom van Turner is een erfelijke aandoening. Op deze pagina vind je wat het is, of het in families voorkomt en wat je kunt doen als je vragen hebt.","Syndroom van Turner betreft een genetisch bepaalde aandoening waarbij varianten in een of meerdere genen kunnen leiden tot klinische verschijnselen. De overerving kan autosomaal dominant, autosomaal recessief of X-gebonden zijn, afhankelijk van het onderliggende mechanisme. Diagnostiek kan bestaan uit moleculair-genetisch onderzoek en/of chromosoomanalyse. Voor counseling en interpretatie van uitslagen kan verwijzing naar de klinische genetica passend zijn.",Maak een afspraak bij de huisarts om je familiegeschiedenis te bespreken. Een klinisch geneticus kan uitleg geven over erfelijkheid.,Deze informatie is algemeen en is geen diagnose of persoonlijk medisch advies. Bespreek klachten of zorgen altijd met een arts.,autosomaal|recessief|dominant|x-gebonden|moleculair|chromosoomanalyse|counseling,14.5,4.137931034482759,29,2,15.0,6.6,60,4,10.355172413793102,11.64
S,Syndroom van Usher,https://www.erfelijkheid.nl/ziektes/syndroom-van-usher,syndroom-van-usher,syndroom-van-usher,https://www.erfocentrum.nl/,Aanleg en ontwikkeling,syn van usher|syndroom van usher|syndroomvanusher,Bij Syndroom van Usher spelen genen een rol. Deze pagina helpt je om snel te vinden: is het erfelijk en wat is een logische volgende stap.,"Syndroom van Usher betreft een genetisch bepaalde aandoening waarbij varianten in een of meerdere genen kunnen leiden tot klinische verschijnselen. De overerving kan autosomaal dominant, autosomaal recessief of X-gebonden zijn, afhankelijk van het onderliggende mechanisme. Diagnostiek kan bestaan uit moleculair-genetisch onderzoek en/of chromosoomanalyse. Voor counseling en interpretatie van uitslagen kan verwijzing naar de klinische genetica passend zijn.",Bespreek je vraag met je huisarts. Vraag zo nodig om een verwijzing naar de klinische genetica.,Deze informatie is algemeen en is geen diagnose of persoonlijk medisch advies. Bespreek klachten of zorgen altijd met een arts.,autosomaal|recessief|dominant|x-gebonden|moleculair|chromosoomanalyse|counseling,13.0,4.230769230769231,26,2,15.0,6.583333333333333,60,4,9.492307692307692,11.633333333333333
S,Syndroom van West,https://www.erfelijkheid.nl/ziektes/syndroom-van-west,syndroom-van-west,syndroom-van-west,https://www.erfocentrum.nl/,Aanleg en ontwikkeling,syn van west|syndroom van west|syndroomvanwest,Syndroom van West is een zeldzame erfelijke aandoening. Hier lees je in eenvoudige woorden de belangrijkste punten en waar je terechtkunt voor hulp.,"Syndroom van West betreft een genetisch bepaalde aandoening waarbij varianten in een of meerdere genen kunnen leiden tot klinische verschijnselen. De overerving kan autosomaal dominant, autosomaal recessief of X-gebonden zijn, afhankelijk van het onderliggende mechanisme. Diagnostiek kan bestaan uit moleculair-genetisch onderzoek en/of chromosoomanalyse. Voor counseling en interpretatie van uitslagen kan verwijzing naar de klinische genetica passend zijn.",Bespreek je vraag met je huisarts. Vraag zo nodig om een verwijzing naar de klinische genetica.,Deze informatie is algemeen en is geen diagnose of persoonlijk medisch advies. Bespreek klachten of zorgen altijd met een arts.,autosomaal|recessief|dominant|x-gebonden|moleculair|chromosoomanalyse|counseling,11.5,5.391304347826087,23,2,15.0,6.566666666666666,60,4,9.056521739130435,11.626666666666667
S,Systemische Lupus erythematodes (SLE),https://www.erfelijkheid.nl/ziektes/systemische-lupus-erythematodes-sle,systemische-lupus-erythematodes-sle,systemische-lupus-erythematodes-sle,https://www.erfocentrum.nl/,Aanleg en ontwikkeling,systemische lupus erythematodes sle|systemischelupuserythematodessle,Bij Systemische Lupus erythematodes (SLE) spelen genen een rol. Deze pagina helpt je om snel te vinden: is het erfelijk en wat is een logische volgende stap.,Systemische Lupus erythematodes (SLE) wordt in de literatuur beschreven als een genetische aandoening met heterogene etiologie. Fenotype-expressie en penetrantie kunnen variëren; risico-inschatting hangt af van familieanamnese en genetische bevindingen. Differentiaaldiagnostiek en indicatiestelling voor DNA-diagnostiek verlopen doorgaans via zorgprofessionals. Bespreek vragen met de huisarts; zo nodig volgt verwijzing naar een klinisch geneticus.,Maak een afspraak bij de huisarts om je familiegeschiedenis te bespreken. Een klinisch geneticus kan uitleg geven over erfelijkheid.,Deze informatie is algemeen en is geen diagnose of persoonlijk medisch advies. Bespreek klachten of zorgen altijd met een arts.,penetrantie|fenotype|etiologie|differentiaaldiagnostiek|indicatiestelling,13.5,4.666666666666667,27,2,13.5,7.203703703703703,54,4,9.966666666666667,10.981481481481481
T,TAR syndroom,https://www.erfelijkheid.nl/ziektes/tar-syndroom,tar-syndroom,tar-syndroom,https://www.erfocentrum.nl/,Aanleg en ontwikkeling,tar syn|tar syndroom|tarsyndroom,TAR syndroom is een zeldzame erfelijke aandoening. Hier lees je in eenvoudige woorden de belangrijkste punten en waar je terechtkunt voor hulp.,"TAR syndroom betreft een genetisch bepaalde aandoening waarbij varianten in een of meerdere genen kunnen leiden tot klinische verschijnselen. De overerving kan autosomaal dominant, autosomaal recessief of X-gebonden zijn, afhankelijk van het onderliggende mechanisme. Diagnostiek kan bestaan uit moleculair-genetisch onderzoek en/of chromosoomanalyse. Voor counseling en interpretatie van uitslagen kan verwijzing naar de klinische genetica passend zijn.",Maak een afspraak bij de huisarts om je familiegeschiedenis te bespreken. Een klinisch geneticus kan uitleg geven over erfelijkheid.,Deze informatie is algemeen en is geen diagnose of persoonlijk medisch advies. Bespreek klachten of zorgen altijd met een arts.,autosomaal|recessief|dominant|x-gebonden|moleculair|chromosoomanalyse|counseling,11.0,5.454545454545454,22,2,14.75,6.610169491525424,59,4,8.781818181818181,11.49406779661017
T,Tetralogie van Fallot,https://www.erfelijkheid.nl/ziektes/tetralogie-van-fallot,tetralogie-van-fallot,tetralogie-van-fallot,https://www.erfocentrum.nl/,Aanleg en ontwikkeling,tetralogie van fallot|tetralogievanfallot,Bij Tetralogie van Fallot spelen genen een rol. Deze pagina helpt je om snel te vinden: is het erfelijk en wat is een logische volgende stap.,"Tetralogie van Fallot betreft een genetisch bepaalde aandoening waarbij varianten in een of meerdere genen kunnen leiden tot klinische verschijnselen. De overerving kan autosomaal dominant, autosomaal recessief of X-gebonden zijn, afhankelijk van het onderliggende mechanisme. Diagnostiek kan bestaan uit moleculair-genetisch onderzoek en/of chromosoomanalyse. Voor counseling en interpretatie van uitslagen kan verwijzing naar de klinische genetica passend zijn.",Maak een afspraak bij de huisarts om je familiegeschiedenis te bespreken. Een klinisch geneticus kan uitleg geven over erfelijkheid.,Deze informatie is algemeen en is geen diagnose of persoonlijk medisch advies. Bespreek klachten of zorgen altijd met een arts.,autosomaal|recessief|dominant|x-gebonden|moleculair|chromosoomanalyse|counseling,13.0,4.346153846153846,26,2,15.0,6.633333333333334,60,4,9.538461538461538,11.653333333333334
T,Thanatofore dysplasie,https://www.erfelijkheid.nl/ziektes/thanatofore-dysplasie,thanatofore-dysplasie,thanatofore-dysplasie,https://www.erfocentrum.nl/,Aanleg en ontwikkeling,thanatofore dysplasie|thanatoforedysplasie,Thanatofore dysplasie is een zeldzame erfelijke aandoening. Hier lees je in eenvoudige woorden de belangrijkste punten en waar je terechtkunt voor hulp.,"Thanatofore dysplasie betreft een genetisch bepaalde aandoening waarbij varianten in een of meerdere genen kunnen leiden tot klinische verschijnselen. De overerving kan autosomaal dominant, autosomaal recessief of X-gebonden zijn, afhankelijk van het onderliggende mechanisme. Diagnostiek kan bestaan uit moleculair-genetisch onderzoek en/of chromosoomanalyse. Voor counseling en interpretatie van uitslagen kan verwijzing naar de klinische genetica passend zijn.",Maak een afspraak bij de huisarts om je familiegeschiedenis te bespreken. Een klinisch geneticus kan uitleg geven over erfelijkheid.,Deze informatie is algemeen en is geen diagnose of persoonlijk medisch advies. Bespreek klachten of zorgen altijd met een arts.,autosomaal|recessief|dominant|x-gebonden|moleculair|chromosoomanalyse|counseling,11.0,5.863636363636363,22,2,14.75,6.762711864406779,59,4,8.945454545454545,11.555084745762711
T,Townes-Brocks syndroom,https://www.erfelijkheid.nl/ziektes/townes-brocks-syndroom,townes-brocks-syndroom,townes-brocks-syndroom,https://www.erfocentrum.nl/,Aanleg en ontwikkeling,townes brocks syndroom|townes-brocks syn|townes-brocks syndroom|townes-brockssyndroom,Townes-Brocks syndroom is een zeldzame erfelijke aandoening. Hier lees je in eenvoudige woorden de belangrijkste punten en waar je terechtkunt voor hulp.,"Townes-Brocks syndroom betreft een genetisch bepaalde aandoening waarbij varianten in een of meerdere genen kunnen leiden tot klinische verschijnselen. De overerving kan autosomaal dominant, autosomaal recessief of X-gebonden zijn, afhankelijk van het onderliggende mechanisme. Diagnostiek kan bestaan uit moleculair-genetisch onderzoek en/of chromosoomanalyse. Voor counseling en interpretatie van uitslagen kan verwijzing naar de klinische genetica passend zijn.",Bespreek je vraag met je huisarts. Vraag zo nodig om een verwijzing naar de klinische genetica.,Deze informatie is algemeen en is geen diagnose of persoonlijk medisch advies. Bespreek klachten of zorgen altijd met een arts.,autosomaal|recessief|dominant|x-gebonden|moleculair|chromosoomanalyse|counseling,11.5,5.608695652173913,23,2,15.0,6.65,60,4,9.143478260869564,11.66
T,Tracheo-oesofageale fistel,https://www.erfelijkheid.nl/ziektes/tracheo-oesofageale-fistel,tracheo-oesofageale-fistel,tracheo-oesofageale-fistel,https://www.erfocentrum.nl/,Aanleg en ontwikkeling,tracheo oesofageale fistel|tracheo-oesofageale fistel|tracheo-oesofagealefistel,Tracheo-oesofageale fistel is een zeldzame erfelijke aandoening. Hier lees je in eenvoudige woorden de belangrijkste punten en waar je terechtkunt voor hulp.,"Tracheo-oesofageale fistel betreft een genetisch bepaalde aandoening waarbij varianten in een of meerdere genen kunnen leiden tot klinische verschijnselen. De overerving kan autosomaal dominant, autosomaal recessief of X-gebonden zijn, afhankelijk van het onderliggende mechanisme. Diagnostiek kan bestaan uit moleculair-genetisch onderzoek en/of chromosoomanalyse. Voor counseling en interpretatie van uitslagen kan verwijzing naar de klinische genetica passend zijn.",Bespreek je vraag met je huisarts. Vraag zo nodig om een verwijzing naar de klinische genetica.,Deze informatie is algemeen en is geen diagnose of persoonlijk medisch advies. Bespreek klachten of zorgen altijd met een arts.,autosomaal|recessief|dominant|x-gebonden|moleculair|chromosoomanalyse|counseling,11.5,5.782608695652174,23,2,15.0,6.716666666666667,60,4,9.213043478260868,11.686666666666667
T,TRAPS,https://www.erfelijkheid.nl/ziektes/traps,traps,traps,https://www.erfocentrum.nl/,Aanleg en ontwikkeling,traps,Bij TRAPS spelen genen een rol. Deze pagina helpt je om snel te vinden: is het erfelijk en wat is een logische volgende stap.,"TRAPS betreft een genetisch bepaalde aandoening waarbij varianten in een of meerdere genen kunnen leiden tot klinische verschijnselen. De overerving kan autosomaal dominant, autosomaal recessief of X-gebonden zijn, afhankelijk van het onderliggende mechanisme. Diagnostiek kan bestaan uit moleculair-genetisch onderzoek en/of chromosoomanalyse. Voor counseling en interpretatie van uitslagen kan verwijzing naar de klinische genetica passend zijn.",Maak een afspraak bij de huisarts om je familiegeschiedenis te bespreken. Een klinisch geneticus kan uitleg geven over erfelijkheid.,Deze informatie is algemeen en is geen diagnose of persoonlijk medisch advies. Bespreek klachten of zorgen altijd met een arts.,autosomaal|recessief|dominant|x-gebonden|moleculair|chromosoomanalyse|counseling,12.0,4.125,24,2,14.5,6.620689655172414,58,4,8.85,11.348275862068965
T,Treacher Collins syndroom,https://www.erfelijkheid.nl/ziektes/treacher-collins-syndroom,treacher-collins-syndroom,treacher-collins-syndroom,https://www.erfocentrum.nl/,Aanleg en ontwikkeling,treacher collins syn|treacher collins syndroom|treachercollinssyndroom,Treacher Collins syndroom is een zeldzame erfelijke aandoening. Hier lees je in eenvoudige woorden de belangrijkste punten en waar je terechtkunt voor hulp.,"Treacher Collins syndroom betreft een genetisch bepaalde aandoening waarbij varianten in een of meerdere genen kunnen leiden tot klinische verschijnselen. De overerving kan autosomaal dominant, autosomaal recessief of X-gebonden zijn, afhankelijk van het onderliggende mechanisme. Diagnostiek kan bestaan uit moleculair-genetisch onderzoek en/of chromosoomanalyse. Voor counseling en interpretatie van uitslagen kan verwijzing naar de klinische genetica passend zijn.",Bespreek je vraag met je huisarts. Vraag zo nodig om een verwijzing naar de klinische genetica.,Deze informatie is algemeen en is geen diagnose of persoonlijk medisch advies. Bespreek klachten of zorgen altijd met een arts.,autosomaal|recessief|dominant|x-gebonden|moleculair|chromosoomanalyse|counseling,11.5,5.739130434782608,23,2,15.0,6.7,60,4,9.195652173913043,11.68
T,Tricho-hepato-enterisch syndroom,https://www.erfelijkheid.nl/ziektes/tricho-hepato-enterisch%20syndroom,tricho-hepato-enterisch%20syndroom,tricho-hepato-enterisch%20syndroom,https://www.erfocentrum.nl/,Aanleg en ontwikkeling,tricho hepato enterisch syndroom|tricho hepato enterisch%20syndroom|tricho-hepato-enterisch syn|tricho-hepato-enterisch syndroom|tricho-hepato-enterischsyndroom,Bij Tricho-hepato-enterisch syndroom spelen genen een rol. Deze pagina helpt je om snel te vinden: is het erfelijk en wat is een logische volgende stap.,Tricho-hepato-enterisch syndroom wordt in de literatuur beschreven als een genetische aandoening met heterogene etiologie. Fenotype-expressie en penetrantie kunnen variëren; risico-inschatting hangt af van familieanamnese en genetische bevindingen. Differentiaaldiagnostiek en indicatiestelling voor DNA-diagnostiek verlopen doorgaans via zorgprofessionals. Bespreek vragen met de huisarts; zo nodig volgt verwijzing naar een klinisch geneticus.,Maak een afspraak bij de huisarts om je familiegeschiedenis te bespreken. Een klinisch geneticus kan uitleg geven over erfelijkheid.,Deze informatie is algemeen en is geen diagnose of persoonlijk medisch advies. Bespreek klachten of zorgen altijd met een arts.,penetrantie|fenotype|etiologie|differentiaaldiagnostiek|indicatiestelling,13.5,4.555555555555555,27,2,13.5,7.148148148148148,54,4,9.922222222222222,10.959259259259259
T,TRIO-gerelateerd syndroom,https://www.erfelijkheid.nl/ziektes/trio-gerelateerd-syndroom,trio-gerelateerd-syndroom,trio-gerelateerd-syndroom,https://www.erfocentrum.nl/,Aanleg en ontwikkeling,trio gerelateerd syndroom|trio-gerelateerd syn|trio-gerelateerd syndroom|trio-gerelateerdsyndroom,"TRIO-gerelateerd syndroom is een erfelijke aandoening. Op deze pagina vind je wat het is, of het in families voorkomt en wat je kunt doen als je vragen hebt.","TRIO-gerelateerd syndroom betreft een genetisch bepaalde aandoening waarbij varianten in een of meerdere genen kunnen leiden tot klinische verschijnselen. De overerving kan autosomaal dominant, autosomaal recessief of X-gebonden zijn, afhankelijk van het onderliggende mechanisme. Diagnostiek kan bestaan uit moleculair-genetisch onderzoek en/of chromosoomanalyse. Voor counseling en interpretatie van uitslagen kan verwijzing naar de klinische genetica passend zijn.",Maak een afspraak bij de huisarts om je familiegeschiedenis te bespreken. Een klinisch geneticus kan uitleg geven over erfelijkheid.,Deze informatie is algemeen en is geen diagnose of persoonlijk medisch advies. Bespreek klachten of zorgen altijd met een arts.,autosomaal|recessief|dominant|x-gebonden|moleculair|chromosoomanalyse|counseling,14.5,4.344827586206897,29,2,15.0,6.7,60,4,10.437931034482759,11.68
T,Triple A syndroom,https://www.erfelijkheid.nl/ziektes/triple-a-syndroom,triple-a-syndroom,triple-a-syndroom,https://www.erfocentrum.nl/,Aanleg en ontwikkeling,triple a syn|triple a syndroom|tripleasyndroom,"Triple A syndroom is een erfelijke aandoening. Op deze pagina vind je wat het is, of het in families voorkomt en wat je kunt doen als je vragen hebt.","Triple A syndroom betreft een genetisch bepaalde aandoening waarbij varianten in een of meerdere genen kunnen leiden tot klinische verschijnselen. De overerving kan autosomaal dominant, autosomaal recessief of X-gebonden zijn, afhankelijk van het onderliggende mechanisme. Diagnostiek kan bestaan uit moleculair-genetisch onderzoek en/of chromosoomanalyse. Voor counseling en interpretatie van uitslagen kan verwijzing naar de klinische genetica passend zijn.",Maak een afspraak bij de huisarts om je familiegeschiedenis te bespreken. Een klinisch geneticus kan uitleg geven over erfelijkheid.,Deze informatie is algemeen en is geen diagnose of persoonlijk medisch advies. Bespreek klachten of zorgen altijd met een arts.,autosomaal|recessief|dominant|x-gebonden|moleculair|chromosoomanalyse|counseling,14.5,4.068965517241379,29,2,15.0,6.566666666666666,60,4,10.327586206896552,11.626666666666667
T,Triple-X syndroom,https://www.erfelijkheid.nl/ziektes/triple-x-syndroom,triple-x-syndroom,triple-x-syndroom,https://www.erfocentrum.nl/,Aanleg en ontwikkeling,triple x syndroom|triple-x syn|triple-x syndroom|triple-xsyndroom,Triple-X syndroom is een zeldzame erfelijke aandoening. Hier lees je in eenvoudige woorden de belangrijkste punten en waar je terechtkunt voor hulp.,Triple-X syndroom wordt in de literatuur beschreven als een genetische aandoening met heterogene etiologie. Fenotype-expressie en penetrantie kunnen variëren; risico-inschatting hangt af van familieanamnese en genetische bevindingen. Differentiaaldiagnostiek en indicatiestelling voor DNA-diagnostiek verlopen doorgaans via zorgprofessionals. Bespreek vragen met de huisarts; zo nodig volgt verwijzing naar een klinisch geneticus.,Maak een afspraak bij de huisarts om je familiegeschiedenis te bespreken. Een klinisch geneticus kan uitleg geven over erfelijkheid.,Deze informatie is algemeen en is geen diagnose of persoonlijk medisch advies. Bespreek klachten of zorgen altijd met een arts.,penetrantie|fenotype|etiologie|differentiaaldiagnostiek|indicatiestelling,11.5,5.391304347826087,23,2,13.25,7.018867924528302,53,4,9.056521739130435,10.757547169811321
T,Triploïdie,https://www.erfelijkheid.nl/ziektes/triploidie,triploidie,triploidie,https://www.erfocentrum.nl/,Aanleg en ontwikkeling,triploidie,Bij Triploïdie spelen genen een rol. Deze pagina helpt je om snel te vinden: is het erfelijk en wat is een logische volgende stap.,"Triploïdie betreft een genetisch bepaalde aandoening waarbij varianten in een of meerdere genen kunnen leiden tot klinische verschijnselen. De overerving kan autosomaal dominant, autosomaal recessief of X-gebonden zijn, afhankelijk van het onderliggende mechanisme. Diagnostiek kan bestaan uit moleculair-genetisch onderzoek en/of chromosoomanalyse. Voor counseling en interpretatie van uitslagen kan verwijzing naar de klinische genetica passend zijn.",Bespreek je vraag met je huisarts. Vraag zo nodig om een verwijzing naar de klinische genetica.,Deze informatie is algemeen en is geen diagnose of persoonlijk medisch advies. Bespreek klachten of zorgen altijd met een arts.,autosomaal|recessief|dominant|x-gebonden|moleculair|chromosoomanalyse|counseling,12.0,4.333333333333333,24,2,14.5,6.706896551724138,58,4,8.933333333333334,11.382758620689655
T,Trisomie 13,https://www.erfelijkheid.nl/ziektes/trisomie-13,trisomie-13,trisomie-13,https://www.erfocentrum.nl/,Nieuwe technieken,trisomie 13|trisomie13,Trisomie 13 is een zeldzame erfelijke aandoening. Hier lees je in eenvoudige woorden de belangrijkste punten en waar je terechtkunt voor hulp.,"Trisomie 13 betreft een genetisch bepaalde aandoening waarbij varianten in een of meerdere genen kunnen leiden tot klinische verschijnselen. De overerving kan autosomaal dominant, autosomaal recessief of X-gebonden zijn, afhankelijk van het onderliggende mechanisme. Diagnostiek kan bestaan uit moleculair-genetisch onderzoek en/of chromosoomanalyse. Voor counseling en interpretatie van uitslagen kan verwijzing naar de klinische genetica passend zijn.",Maak een afspraak bij de huisarts om je familiegeschiedenis te bespreken. Een klinisch geneticus kan uitleg geven over erfelijkheid.,Deze informatie is algemeen en is geen diagnose of persoonlijk medisch advies. Bespreek klachten of zorgen altijd met een arts.,autosomaal|recessief|dominant|x-gebonden|moleculair|chromosoomanalyse|counseling,11.0,5.409090909090909,22,2,14.75,6.593220338983051,59,4,8.763636363636364,11.48728813559322
T,Trisomie 18,https://www.erfelijkheid.nl/ziektes/trisomie-18,trisomie-18,trisomie-18,https://www.erfocentrum.nl/,Nieuwe technieken,trisomie 18|trisomie18,Bij Trisomie 18 spelen genen een rol. Deze pagina helpt je om snel te vinden: is het erfelijk en wat is een logische volgende stap.,Trisomie 18 wordt in de literatuur beschreven als een genetische aandoening met heterogene etiologie. Fenotype-expressie en penetrantie kunnen variëren; risico-inschatting hangt af van familieanamnese en genetische bevindingen. Differentiaaldiagnostiek en indicatiestelling voor DNA-diagnostiek verlopen doorgaans via zorgprofessionals. Bespreek vragen met de huisarts; zo nodig volgt verwijzing naar een klinisch geneticus.,Bespreek je vraag met je huisarts. Vraag zo nodig om een verwijzing naar de klinische genetica.,Deze informatie is algemeen en is geen diagnose of persoonlijk medisch advies. Bespreek klachten of zorgen altijd met een arts.,penetrantie|fenotype|etiologie|differentiaaldiagnostiek|indicatiestelling,12.5,4.16,25,2,13.0,7.0576923076923075,52,4,9.164,10.623076923076923
T,Trombose,https://www.erfelijkheid.nl/ziektes/trombose,trombose,trombose,https://www.erfocentrum.nl/,Aanleg en ontwikkeling,trombose,Bij Trombose spelen genen een rol. Deze pagina helpt je om snel te vinden: is het erfelijk en wat is een logische volgende stap.,"Trombose betreft een genetisch bepaalde aandoening waarbij varianten in een of meerdere genen kunnen leiden tot klinische verschijnselen. De overerving kan autosomaal dominant, autosomaal recessief of X-gebonden zijn, afhankelijk van het onderliggende mechanisme. Diagnostiek kan bestaan uit moleculair-genetisch onderzoek en/of chromosoomanalyse. Voor counseling en interpretatie van uitslagen kan verwijzing naar de klinische genetica passend zijn.",Bespreek je vraag met je huisarts. Vraag zo nodig om een verwijzing naar de klinische genetica.,Deze informatie is algemeen en is geen diagnose of persoonlijk medisch advies. Bespreek klachten of zorgen altijd met een arts.,autosomaal|recessief|dominant|x-gebonden|moleculair|chromosoomanalyse|counseling,12.0,4.25,24,2,14.5,6.672413793103448,58,4,8.899999999999999,11.368965517241378
T,Trombotische trombocytopenische purpura (TTP),https://www.erfelijkheid.nl/ziektes/trombotische-trombocytopenische-purpura,trombotische-trombocytopenische-purpura,trombotische-trombocytopenische-purpura,https://www.erfocentrum.nl/,Aanleg en ontwikkeling,trombotische trombocytopenische purpura|trombotische trombocytopenische purpura ttp|trombotischetrombocytopenischepurpurattp,"Trombotische trombocytopenische purpura (TTP) is een erfelijke aandoening. Op deze pagina vind je wat het is, of het in families voorkomt en wat je kunt doen als je vragen hebt.","Trombotische trombocytopenische purpura (TTP) betreft een genetisch bepaalde aandoening waarbij varianten in een of meerdere genen kunnen leiden tot klinische verschijnselen. De overerving kan autosomaal dominant, autosomaal recessief of X-gebonden zijn, afhankelijk van het onderliggende mechanisme. Diagnostiek kan bestaan uit moleculair-genetisch onderzoek en/of chromosoomanalyse. Voor counseling en interpretatie van uitslagen kan verwijzing naar de klinische genetica passend zijn.",Maak een afspraak bij de huisarts om je familiegeschiedenis te bespreken. Een klinisch geneticus kan uitleg geven over erfelijkheid.,Deze informatie is algemeen en is geen diagnose of persoonlijk medisch advies. Bespreek klachten of zorgen altijd met een arts.,autosomaal|recessief|dominant|x-gebonden|moleculair|chromosoomanalyse|counseling,15.0,4.766666666666667,30,2,15.25,6.868852459016393,61,4,10.906666666666666,11.897540983606557
T,Troyer syndroom,https://www.erfelijkheid.nl/ziektes/troyer-syndroom,troyer-syndroom,troyer-syndroom,https://www.erfocentrum.nl/,Aanleg en ontwikkeling,troyer syn|troyer syndroom|troyersyndroom,Bij Troyer syndroom spelen genen een rol. Deze pagina helpt je om snel te vinden: is het erfelijk en wat is een logische volgende stap.,"Troyer syndroom betreft een genetisch bepaalde aandoening waarbij varianten in een of meerdere genen kunnen leiden tot klinische verschijnselen. De overerving kan autosomaal dominant, autosomaal recessief of X-gebonden zijn, afhankelijk van het onderliggende mechanisme. Diagnostiek kan bestaan uit moleculair-genetisch onderzoek en/of chromosoomanalyse. Voor counseling en interpretatie van uitslagen kan verwijzing naar de klinische genetica passend zijn.",Maak een afspraak bij de huisarts om je familiegeschiedenis te bespreken. Een klinisch geneticus kan uitleg geven over erfelijkheid.,Deze informatie is algemeen en is geen diagnose of persoonlijk medisch advies. Bespreek klachten of zorgen altijd met een arts.,autosomaal|recessief|dominant|x-gebonden|moleculair|chromosoomanalyse|counseling,12.5,4.32,25,2,14.75,6.661016949152542,59,4,9.228,11.514406779661016
T,Tubereuze Sclerose Complex (TSC),https://www.erfelijkheid.nl/ziektes/tubereuze-sclerose-complex-tsc,tubereuze-sclerose-complex-tsc,tubereuze-sclerose-complex-tsc,https://www.erfocentrum.nl/,Aanleg en ontwikkeling,tubereuze sclerose complex tsc|tubereuzesclerosecomplextsc,Bij Tubereuze Sclerose Complex (TSC) spelen genen een rol. Deze pagina helpt je om snel te vinden: is het erfelijk en wat is een logische volgende stap.,"Tubereuze Sclerose Complex (TSC) betreft een genetisch bepaalde aandoening waarbij varianten in een of meerdere genen kunnen leiden tot klinische verschijnselen. De overerving kan autosomaal dominant, autosomaal recessief of X-gebonden zijn, afhankelijk van het onderliggende mechanisme. Diagnostiek kan bestaan uit moleculair-genetisch onderzoek en/of chromosoomanalyse. Voor counseling en interpretatie van uitslagen kan verwijzing naar de klinische genetica passend zijn.",Bespreek je vraag met je huisarts. Vraag zo nodig om een verwijzing naar de klinische genetica.,Deze informatie is algemeen en is geen diagnose of persoonlijk medisch advies. Bespreek klachten of zorgen altijd met een arts.,autosomaal|recessief|dominant|x-gebonden|moleculair|chromosoomanalyse|counseling,13.5,4.481481481481482,27,2,15.25,6.655737704918033,61,4,9.892592592592592,11.812295081967214
T,Tyrosine hydroxylase deficiëntie,https://www.erfelijkheid.nl/ziektes/tyrosine-hydroxylase-defici%C3%ABntie,tyrosine-hydroxylase-defici%C3%ABntie,tyrosine-hydroxylase-defici%C3%ABntie,https://www.erfocentrum.nl/,Aanleg en ontwikkeling,tyrosine hydroxylase defici%C3%ABntie|tyrosine hydroxylase deficientie|tyrosine hydroxylase deficiëntie|tyrosinehydroxylasedeficientie,Tyrosine hydroxylase deficiëntie is een zeldzame erfelijke aandoening. Hier lees je in eenvoudige woorden de belangrijkste punten en waar je terechtkunt voor hulp.,"Tyrosine hydroxylase deficiëntie betreft een genetisch bepaalde aandoening waarbij varianten in een of meerdere genen kunnen leiden tot klinische verschijnselen. De overerving kan autosomaal dominant, autosomaal recessief of X-gebonden zijn, afhankelijk van het onderliggende mechanisme. Diagnostiek kan bestaan uit moleculair-genetisch onderzoek en/of chromosoomanalyse. Voor counseling en interpretatie van uitslagen kan verwijzing naar de klinische genetica passend zijn.",Maak een afspraak bij de huisarts om je familiegeschiedenis te bespreken. Een klinisch geneticus kan uitleg geven over erfelijkheid.,Deze informatie is algemeen en is geen diagnose of persoonlijk medisch advies. Bespreek klachten of zorgen altijd met een arts.,autosomaal|recessief|dominant|x-gebonden|moleculair|chromosoomanalyse|counseling,11.5,6.043478260869565,23,2,15.0,6.816666666666666,60,4,9.317391304347826,11.726666666666667
T,Tyrosinemie,https://www.erfelijkheid.nl/ziektes/tyrosinemie,tyrosinemie,tyrosinemie,https://www.erfocentrum.nl/,Aanleg en ontwikkeling,tyrosinemie,Tyrosinemie is een zeldzame erfelijke aandoening. Hier lees je in eenvoudige woorden de belangrijkste punten en waar je terechtkunt voor hulp.,Tyrosinemie wordt in de literatuur beschreven als een genetische aandoening met heterogene etiologie. Fenotype-expressie en penetrantie kunnen variëren; risico-inschatting hangt af van familieanamnese en genetische bevindingen. Differentiaaldiagnostiek en indicatiestelling voor DNA-diagnostiek verlopen doorgaans via zorgprofessionals. Bespreek vragen met de huisarts; zo nodig volgt verwijzing naar een klinisch geneticus.,Maak een afspraak bij de huisarts om je familiegeschiedenis te bespreken. Een klinisch geneticus kan uitleg geven over erfelijkheid.,Deze informatie is algemeen en is geen diagnose of persoonlijk medisch advies. Bespreek klachten of zorgen altijd met een arts.,penetrantie|fenotype|etiologie|differentiaaldiagnostiek|indicatiestelling,10.5,5.714285714285714,21,2,12.75,7.215686274509804,51,4,8.585714285714285,10.53627450980392
U,USP9X syndroom,https://www.erfelijkheid.nl/ziektes/usp9x-syndroom,usp9x-syndroom,usp9x-syndroom,https://www.erfocentrum.nl/,Aanleg en ontwikkeling,usp 9x syndroom|usp9 x syndroom|usp9x syn|usp9x syndroom|usp9xsyndroom,Bij USP9X syndroom spelen genen een rol. Deze pagina helpt je om snel te vinden: is het erfelijk en wat is een logische volgende stap.,"USP9X syndroom betreft een genetisch bepaalde aandoening waarbij varianten in een of meerdere genen kunnen leiden tot klinische verschijnselen. De overerving kan autosomaal dominant, autosomaal recessief of X-gebonden zijn, afhankelijk van het onderliggende mechanisme. Diagnostiek kan bestaan uit moleculair-genetisch onderzoek en/of chromosoomanalyse. Voor counseling en interpretatie van uitslagen kan verwijzing naar de klinische genetica passend zijn.",Maak een afspraak bij de huisarts om je familiegeschiedenis te bespreken. Een klinisch geneticus kan uitleg geven over erfelijkheid.,Deze informatie is algemeen en is geen diagnose of persoonlijk medisch advies. Bespreek klachten of zorgen altijd met een arts.,autosomaal|recessief|dominant|x-gebonden|moleculair|chromosoomanalyse|counseling,12.5,4.28,25,2,14.75,6.6440677966101696,59,4,9.212,11.507627118644068
V,VACTERL associatie,https://www.erfelijkheid.nl/content/vacterl-associatie,vacterl-associatie,vacterl-associatie,https://www.erfocentrum.nl/,Aanleg en ontwikkeling,vacterl associatie|vacterlassociatie,"VACTERL associatie is een erfelijke aandoening. Op deze pagina vind je wat het is, of het in families voorkomt en wat je kunt doen als je vragen hebt.",VACTERL associatie wordt in de literatuur beschreven als een genetische aandoening met heterogene etiologie. Fenotype-expressie en penetrantie kunnen variëren; risico-inschatting hangt af van familieanamnese en genetische bevindingen. Differentiaaldiagnostiek en indicatiestelling voor DNA-diagnostiek verlopen doorgaans via zorgprofessionals. Bespreek vragen met de huisarts; zo nodig volgt verwijzing naar een klinisch geneticus.,Bespreek je vraag met je huisarts. Vraag zo nodig om een verwijzing naar de klinische genetica.,Deze informatie is algemeen en is geen diagnose of persoonlijk medisch advies. Bespreek klachten of zorgen altijd met een arts.,penetrantie|fenotype|etiologie|differentiaaldiagnostiek|indicatiestelling,14.0,4.285714285714286,28,2,13.0,7.1923076923076925,52,4,10.114285714285714,10.676923076923078
V,Van der Woude syndroom,https://www.erfelijkheid.nl/ziektes/van-der-woude-syndroom,van-der-woude-syndroom,van-der-woude-syndroom,https://www.erfocentrum.nl/,Aanleg en ontwikkeling,van der woude syn|van der woude syndroom|vanderwoudesyndroom,Van der Woude syndroom is een zeldzame erfelijke aandoening. Hier lees je in eenvoudige woorden de belangrijkste punten en waar je terechtkunt voor hulp.,"Van der Woude syndroom betreft een genetisch bepaalde aandoening waarbij varianten in een of meerdere genen kunnen leiden tot klinische verschijnselen. De overerving kan autosomaal dominant, autosomaal recessief of X-gebonden zijn, afhankelijk van het onderliggende mechanisme. Diagnostiek kan bestaan uit moleculair-genetisch onderzoek en/of chromosoomanalyse. Voor counseling en interpretatie van uitslagen kan verwijzing naar de klinische genetica passend zijn.",Bespreek je vraag met je huisarts. Vraag zo nodig om een verwijzing naar de klinische genetica.,Deze informatie is algemeen en is geen diagnose of persoonlijk medisch advies. Bespreek klachten of zorgen altijd met een arts.,autosomaal|recessief|dominant|x-gebonden|moleculair|chromosoomanalyse|counseling,12.0,5.333333333333333,24,2,15.25,6.524590163934426,61,4,9.333333333333332,11.75983606557377
V,Vanishing white matter,https://www.erfelijkheid.nl/ziektes/leukoencefalopathie-met-verdwijnende-witte-stof,leukoencefalopathie-met-verdwijnende-witte-stof,leukoencefalopathie-met-verdwijnende-witte-stof,https://www.erfocentrum.nl/,Aanleg en ontwikkeling,leukoencefalopathie met verdwijnende witte stof|vanishing white matter|vanishingwhitematter,Vanishing white matter is een zeldzame erfelijke aandoening. Hier lees je in eenvoudige woorden de belangrijkste punten en waar je terechtkunt voor hulp.,"Vanishing white matter betreft een genetisch bepaalde aandoening waarbij varianten in een of meerdere genen kunnen leiden tot klinische verschijnselen. De overerving kan autosomaal dominant, autosomaal recessief of X-gebonden zijn, afhankelijk van het onderliggende mechanisme. Diagnostiek kan bestaan uit moleculair-genetisch onderzoek en/of chromosoomanalyse. Voor counseling en interpretatie van uitslagen kan verwijzing naar de klinische genetica passend zijn.",Bespreek je vraag met je huisarts. Vraag zo nodig om een verwijzing naar de klinische genetica.,Deze informatie is algemeen en is geen diagnose of persoonlijk medisch advies. Bespreek klachten of zorgen altijd met een arts.,autosomaal|recessief|dominant|x-gebonden|moleculair|chromosoomanalyse|counseling,11.5,5.608695652173913,23,2,15.0,6.65,60,4,9.143478260869564,11.66
V,Ventrikelfibrilleren,https://www.erfelijkheid.nl/ziektes/ventrikelfibrilleren,ventrikelfibrilleren,ventrikelfibrilleren,https://www.erfocentrum.nl/,Aanleg en ontwikkeling,ventrikelfibrilleren,"Ventrikelfibrilleren is een erfelijke aandoening. Op deze pagina vind je wat het is, of het in families voorkomt en wat je kunt doen als je vragen hebt.",Ventrikelfibrilleren wordt in de literatuur beschreven als een genetische aandoening met heterogene etiologie. Fenotype-expressie en penetrantie kunnen variëren; risico-inschatting hangt af van familieanamnese en genetische bevindingen. Differentiaaldiagnostiek en indicatiestelling voor DNA-diagnostiek verlopen doorgaans via zorgprofessionals. Bespreek vragen met de huisarts; zo nodig volgt verwijzing naar een klinisch geneticus.,Maak een afspraak bij de huisarts om je familiegeschiedenis te bespreken. Een klinisch geneticus kan uitleg geven over erfelijkheid.,Deze informatie is algemeen en is geen diagnose of persoonlijk medisch advies. Bespreek klachten of zorgen altijd met een arts.,penetrantie|fenotype|etiologie|differentiaaldiagnostiek|indicatiestelling,13.5,4.555555555555555,27,2,12.75,7.392156862745098,51,4,9.922222222222222,10.606862745098038
V,Very-long-chain acyl-CoA dehydrogenase deficiëntie,https://www.erfelijkheid.nl/ziektes/very-long-chain-acyl-coa-dehydrogenase-defici%C3%ABntie-vlcadd,very-long-chain-acyl-coa-dehydrogenase-defici%C3%ABntie-vlcadd,very-long-chain-acyl-coa-dehydrogenase-defici%C3%ABntie-vlcadd,https://www.erfocentrum.nl/,Aanleg en ontwikkeling,very long chain acyl coa dehydrogenase defici%C3%ABntie vlcadd|very long chain acyl coa dehydrogenase deficientie|very-long-chain acyl-coa dehydrogenase deficientie|very-long-chain acyl-coa dehydrogenase deficiëntie|very-long-chainacyl-coadehydrogenasedeficientie,Very-long-chain acyl-CoA dehydrogenase deficiëntie is een zeldzame erfelijke aandoening. Hier lees je in eenvoudige woorden de belangrijkste punten en waar je terechtkunt voor hulp.,"Very-long-chain acyl-CoA dehydrogenase deficiëntie betreft een genetisch bepaalde aandoening waarbij varianten in een of meerdere genen kunnen leiden tot klinische verschijnselen. De overerving kan autosomaal dominant, autosomaal recessief of X-gebonden zijn, afhankelijk van het onderliggende mechanisme. Diagnostiek kan bestaan uit moleculair-genetisch onderzoek en/of chromosoomanalyse. Voor counseling en interpretatie van uitslagen kan verwijzing naar de klinische genetica passend zijn.",Maak een afspraak bij de huisarts om je familiegeschiedenis te bespreken. Een klinisch geneticus kan uitleg geven over erfelijkheid.,Deze informatie is algemeen en is geen diagnose of persoonlijk medisch advies. Bespreek klachten of zorgen altijd met een arts.,autosomaal|recessief|dominant|x-gebonden|moleculair|chromosoomanalyse|counseling,13.5,5.666666666666667,27,2,16.0,6.609375,64,4,10.366666666666667,12.24375
V,Vitiligo,https://www.erfelijkheid.nl/ziektes/vitiligo,vitiligo,vitiligo,https://www.erfocentrum.nl/,Aanleg en ontwikkeling,vitiligo,Bij Vitiligo spelen genen een rol. Deze pagina helpt je om snel te vinden: is het erfelijk en wat is een logische volgende stap.,"Vitiligo betreft een genetisch bepaalde aandoening waarbij varianten in een of meerdere genen kunnen leiden tot klinische verschijnselen. De overerving kan autosomaal dominant, autosomaal recessief of X-gebonden zijn, afhankelijk van het onderliggende mechanisme. Diagnostiek kan bestaan uit moleculair-genetisch onderzoek en/of chromosoomanalyse. Voor counseling en interpretatie van uitslagen kan verwijzing naar de klinische genetica passend zijn.",Maak een afspraak bij de huisarts om je familiegeschiedenis te bespreken. Een klinisch geneticus kan uitleg geven over erfelijkheid.,Deze informatie is algemeen en is geen diagnose of persoonlijk medisch advies. Bespreek klachten of zorgen altijd met een arts.,autosomaal|recessief|dominant|x-gebonden|moleculair|chromosoomanalyse|counseling,12.0,4.25,24,2,14.5,6.672413793103448,58,4,8.899999999999999,11.368965517241378
W,Waardenburg syndroom,https://www.erfelijkheid.nl/ziektes/waardenburg-syndroom,waardenburg-syndroom,waardenburg-syndroom,https://www.erfocentrum.nl/,Aanleg en ontwikkeling,waardenburg syn|waardenburg syndroom|waardenburgsyndroom,Bij Waardenburg syndroom spelen genen een rol. Deze pagina helpt je om snel te vinden: is het erfelijk en wat is een logische volgende stap.,Waardenburg syndroom wordt in de literatuur beschreven als een genetische aandoening met heterogene etiologie. Fenotype-expressie en penetrantie kunnen variëren; risico-inschatting hangt af van familieanamnese en genetische bevindingen. Differentiaaldiagnostiek en indicatiestelling voor DNA-diagnostiek verlopen doorgaans via zorgprofessionals. Bespreek vragen met de huisarts; zo nodig volgt verwijzing naar een klinisch geneticus.,Maak een afspraak bij de huisarts om je familiegeschiedenis te bespreken. Een klinisch geneticus kan uitleg geven over erfelijkheid.,Deze informatie is algemeen en is geen diagnose of persoonlijk medisch advies. Bespreek klachten of zorgen altijd met een arts.,penetrantie|fenotype|etiologie|differentiaaldiagnostiek|indicatiestelling,12.5,4.52,25,2,13.0,7.230769230769231,52,4,9.308,10.692307692307693
W,WAGR syndroom,https://www.erfelijkheid.nl/ziektes/wagr-syndroom,wagr-syndroom,wagr-syndroom,https://www.erfocentrum.nl/,Aanleg en ontwikkeling,wagr syn|wagr syndroom|wagrsyndroom,Bij WAGR syndroom spelen genen een rol. Deze pagina helpt je om snel te vinden: is het erfelijk en wat is een logische volgende stap.,"WAGR syndroom betreft een genetisch bepaalde aandoening waarbij varianten in een of meerdere genen kunnen leiden tot klinische verschijnselen. De overerving kan autosomaal dominant, autosomaal recessief of X-gebonden zijn, afhankelijk van het onderliggende mechanisme. Diagnostiek kan bestaan uit moleculair-genetisch onderzoek en/of chromosoomanalyse. Voor counseling en interpretatie van uitslagen kan verwijzing naar de klinische genetica passend zijn.",Bespreek je vraag met je huisarts. Vraag zo nodig om een verwijzing naar de klinische genetica.,Deze informatie is algemeen en is geen diagnose of persoonlijk medisch advies. Bespreek klachten of zorgen altijd met een arts.,autosomaal|recessief|dominant|x-gebonden|moleculair|chromosoomanalyse|counseling,12.5,4.24,25,2,14.75,6.627118644067797,59,4,9.196,11.500847457627119
W,Walker-Warburg syndroom,https://www.erfelijkheid.nl/ziektes/walker-warburg-syndroom,walker-warburg-syndroom,walker-warburg-syndroom,https://www.erfocentrum.nl/,Aanleg en ontwikkeling,walker warburg syndroom|walker-warburg syn|walker-warburg syndroom|walker-warburgsyndroom,Walker-Warburg syndroom is een zeldzame erfelijke aandoening. Hier lees je in eenvoudige woorden de belangrijkste punten en waar je terechtkunt voor hulp.,"Walker-Warburg syndroom betreft een genetisch bepaalde aandoening waarbij varianten in een of meerdere genen kunnen leiden tot klinische verschijnselen. De overerving kan autosomaal dominant, autosomaal recessief of X-gebonden zijn, afhankelijk van het onderliggende mechanisme. Diagnostiek kan bestaan uit moleculair-genetisch onderzoek en/of chromosoomanalyse. Voor counseling en interpretatie van uitslagen kan verwijzing naar de klinische genetica passend zijn.",Bespreek je vraag met je huisarts. Vraag zo nodig om een verwijzing naar de klinische genetica.,Deze informatie is algemeen en is geen diagnose of persoonlijk medisch advies. Bespreek klachten of zorgen altijd met een arts.,autosomaal|recessief|dominant|x-gebonden|moleculair|chromosoomanalyse|counseling,11.5,5.6521739130434785,23,2,15.0,6.666666666666667,60,4,9.160869565217391,11.666666666666668
W,Warschau-breuksyndroom,https://www.erfelijkheid.nl/ziektes/warschau-breuksyndroom,warschau-breuksyndroom,warschau-breuksyndroom,https://www.erfocentrum.nl/,Aanleg en ontwikkeling,warschau breuksyndroom|warschau-breuksyn|warschau-breuksyndroom,Warschau-breuksyndroom is een zeldzame erfelijke aandoening. Hier lees je in eenvoudige woorden de belangrijkste punten en waar je terechtkunt voor hulp.,Warschau-breuksyndroom wordt in de literatuur beschreven als een genetische aandoening met heterogene etiologie. Fenotype-expressie en penetrantie kunnen variëren; risico-inschatting hangt af van familieanamnese en genetische bevindingen. Differentiaaldiagnostiek en indicatiestelling voor DNA-diagnostiek verlopen doorgaans via zorgprofessionals. Bespreek vragen met de huisarts; zo nodig volgt verwijzing naar een klinisch geneticus.,Maak een afspraak bij de huisarts om je familiegeschiedenis te bespreken. Een klinisch geneticus kan uitleg geven over erfelijkheid.,Deze informatie is algemeen en is geen diagnose of persoonlijk medisch advies. Bespreek klachten of zorgen altijd met een arts.,penetrantie|fenotype|etiologie|differentiaaldiagnostiek|indicatiestelling,11.0,5.909090909090909,22,2,13.0,7.269230769230769,52,4,8.963636363636363,10.707692307692309
W,Weaver syndroom,https://www.erfelijkheid.nl/ziektes/weaver-syndroom,weaver-syndroom,weaver-syndroom,https://www.erfocentrum.nl/,Aanleg en ontwikkeling,weaver syn|weaver syndroom|weaversyndroom,Weaver syndroom is een zeldzame erfelijke aandoening. Hier lees je in eenvoudige woorden de belangrijkste punten en waar je terechtkunt voor hulp.,Weaver syndroom wordt in de literatuur beschreven als een genetische aandoening met heterogene etiologie. Fenotype-expressie en penetrantie kunnen variëren; risico-inschatting hangt af van familieanamnese en genetische bevindingen. Differentiaaldiagnostiek en indicatiestelling voor DNA-diagnostiek verlopen doorgaans via zorgprofessionals. Bespreek vragen met de huisarts; zo nodig volgt verwijzing naar een klinisch geneticus.,Bespreek je vraag met je huisarts. Vraag zo nodig om een verwijzing naar de klinische genetica.,Deze informatie is algemeen en is geen diagnose of persoonlijk medisch advies. Bespreek klachten of zorgen altijd met een arts.,penetrantie|fenotype|etiologie|differentiaaldiagnostiek|indicatiestelling,11.0,5.590909090909091,22,2,13.0,7.134615384615385,52,4,8.836363636363636,10.653846153846153
W,Werner syndroom,https://www.erfelijkheid.nl/ziektes/werner-syndroom,werner-syndroom,werner-syndroom,https://www.erfocentrum.nl/,Aanleg en ontwikkeling,werner syn|werner syndroom|wernersyndroom,Werner syndroom is een zeldzame erfelijke aandoening. Hier lees je in eenvoudige woorden de belangrijkste punten en waar je terechtkunt voor hulp.,Werner syndroom wordt in de literatuur beschreven als een genetische aandoening met heterogene etiologie. Fenotype-expressie en penetrantie kunnen variëren; risico-inschatting hangt af van familieanamnese en genetische bevindingen. Differentiaaldiagnostiek en indicatiestelling voor DNA-diagnostiek verlopen doorgaans via zorgprofessionals. Bespreek vragen met de huisarts; zo nodig volgt verwijzing naar een klinisch geneticus.,Bespreek je vraag met je huisarts. Vraag zo nodig om een verwijzing naar de klinische genetica.,Deze informatie is algemeen en is geen diagnose of persoonlijk medisch advies. Bespreek klachten of zorgen altijd met een arts.,penetrantie|fenotype|etiologie|differentiaaldiagnostiek|indicatiestelling,11.0,5.590909090909091,22,2,13.0,7.134615384615385,52,4,8.836363636363636,10.653846153846153
W,Wiedemann-Steiner syndroom,https://www.erfelijkheid.nl/ziektes/wiedemann-steiner-syndroom,wiedemann-steiner-syndroom,wiedemann-steiner-syndroom,https://www.erfocentrum.nl/,Aanleg en ontwikkeling,wiedemann steiner syndroom|wiedemann-steiner syn|wiedemann-steiner syndroom|wiedemann-steinersyndroom,Bij Wiedemann-Steiner syndroom spelen genen een rol. Deze pagina helpt je om snel te vinden: is het erfelijk en wat is een logische volgende stap.,"Wiedemann-Steiner syndroom betreft een genetisch bepaalde aandoening waarbij varianten in een of meerdere genen kunnen leiden tot klinische verschijnselen. De overerving kan autosomaal dominant, autosomaal recessief of X-gebonden zijn, afhankelijk van het onderliggende mechanisme. Diagnostiek kan bestaan uit moleculair-genetisch onderzoek en/of chromosoomanalyse. Voor counseling en interpretatie van uitslagen kan verwijzing naar de klinische genetica passend zijn.",Bespreek je vraag met je huisarts. Vraag zo nodig om een verwijzing naar de klinische genetica.,Deze informatie is algemeen en is geen diagnose of persoonlijk medisch advies. Bespreek klachten of zorgen altijd met een arts.,autosomaal|recessief|dominant|x-gebonden|moleculair|chromosoomanalyse|counseling,13.0,4.538461538461538,26,2,15.0,6.716666666666667,60,4,9.615384615384615,11.686666666666667
W,Williams syndroom,https://www.erfelijkheid.nl/ziektes/williams-syndroom,williams-syndroom,williams-syndroom,https://www.erfocentrum.nl/,Aanleg en ontwikkeling,williams syn|williams syndroom|williamssyndroom,"Williams syndroom is een erfelijke aandoening. Op deze pagina vind je wat het is, of het in families voorkomt en wat je kunt doen als je vragen hebt.",Williams syndroom wordt in de literatuur beschreven als een genetische aandoening met heterogene etiologie. Fenotype-expressie en penetrantie kunnen variëren; risico-inschatting hangt af van familieanamnese en genetische bevindingen. Differentiaaldiagnostiek en indicatiestelling voor DNA-diagnostiek verlopen doorgaans via zorgprofessionals. Bespreek vragen met de huisarts; zo nodig volgt verwijzing naar een klinisch geneticus.,Bespreek je vraag met je huisarts. Vraag zo nodig om een verwijzing naar de klinische genetica.,Deze informatie is algemeen en is geen diagnose of persoonlijk medisch advies. Bespreek klachten of zorgen altijd met een arts.,penetrantie|fenotype|etiologie|differentiaaldiagnostiek|indicatiestelling,14.0,4.25,28,2,13.0,7.173076923076923,52,4,10.100000000000001,10.669230769230769
W,Wiskott-Aldrich syndroom,https://www.erfelijkheid.nl/ziektes/wiskott-aldrich-syndroom,wiskott-aldrich-syndroom,wiskott-aldrich-syndroom,https://www.erfocentrum.nl/,Aanleg en ontwikkeling,wiskott aldrich syndroom|wiskott-aldrich syn|wiskott-aldrich syndroom|wiskott-aldrichsyndroom,Bij Wiskott-Aldrich syndroom spelen genen een rol. Deze pagina helpt je om snel te vinden: is het erfelijk en wat is een logische volgende stap.,"Wiskott-Aldrich syndroom betreft een genetisch bepaalde aandoening waarbij varianten in een of meerdere genen kunnen leiden tot klinische verschijnselen. De overerving kan autosomaal dominant, autosomaal recessief of X-gebonden zijn, afhankelijk van het onderliggende mechanisme. Diagnostiek kan bestaan uit moleculair-genetisch onderzoek en/of chromosoomanalyse. Voor counseling en interpretatie van uitslagen kan verwijzing naar de klinische genetica passend zijn.",Maak een afspraak bij de huisarts om je familiegeschiedenis te bespreken. Een klinisch geneticus kan uitleg geven over erfelijkheid.,Deze informatie is algemeen en is geen diagnose of persoonlijk medisch advies. Bespreek klachten of zorgen altijd met een arts.,autosomaal|recessief|dominant|x-gebonden|moleculair|chromosoomanalyse|counseling,13.0,4.461538461538462,26,2,15.0,6.683333333333334,60,4,9.584615384615384,11.673333333333334
W,Witteveen-Kolk syndroom,https://www.erfelijkheid.nl/ziektes/witteveen-kolk-syndroom,witteveen-kolk-syndroom,witteveen-kolk-syndroom,https://www.erfocentrum.nl/,Aanleg en ontwikkeling,witteveen kolk syndroom|witteveen-kolk syn|witteveen-kolk syndroom|witteveen-kolksyndroom,Witteveen-Kolk syndroom is een zeldzame erfelijke aandoening. Hier lees je in eenvoudige woorden de belangrijkste punten en waar je terechtkunt voor hulp.,"Witteveen-Kolk syndroom betreft een genetisch bepaalde aandoening waarbij varianten in een of meerdere genen kunnen leiden tot klinische verschijnselen. De overerving kan autosomaal dominant, autosomaal recessief of X-gebonden zijn, afhankelijk van het onderliggende mechanisme. Diagnostiek kan bestaan uit moleculair-genetisch onderzoek en/of chromosoomanalyse. Voor counseling en interpretatie van uitslagen kan verwijzing naar de klinische genetica passend zijn.",Maak een afspraak bij de huisarts om je familiegeschiedenis te bespreken. Een klinisch geneticus kan uitleg geven over erfelijkheid.,Deze informatie is algemeen en is geen diagnose of persoonlijk medisch advies. Bespreek klachten of zorgen altijd met een arts.,autosomaal|recessief|dominant|x-gebonden|moleculair|chromosoomanalyse|counseling,11.5,5.6521739130434785,23,2,15.0,6.666666666666667,60,4,9.160869565217391,11.666666666666668
W,Wolf-Hirschhorn syndroom (WHS),https://www.erfelijkheid.nl/ziektes/wolf-hirschhorn-syndroom-whs,wolf-hirschhorn-syndroom-whs,wolf-hirschhorn-syndroom-whs,https://www.erfocentrum.nl/,Aanleg en ontwikkeling,wolf hirschhorn syndroom whs|wolf-hirschhorn syn whs|wolf-hirschhorn syndroom whs|wolf-hirschhornsyndroomwhs,Bij Wolf-Hirschhorn syndroom (WHS) spelen genen een rol. Deze pagina helpt je om snel te vinden: is het erfelijk en wat is een logische volgende stap.,Wolf-Hirschhorn syndroom (WHS) wordt in de literatuur beschreven als een genetische aandoening met heterogene etiologie. Fenotype-expressie en penetrantie kunnen variëren; risico-inschatting hangt af van familieanamnese en genetische bevindingen. Differentiaaldiagnostiek en indicatiestelling voor DNA-diagnostiek verlopen doorgaans via zorgprofessionals. Bespreek vragen met de huisarts; zo nodig volgt verwijzing naar een klinisch geneticus.,Maak een afspraak bij de huisarts om je familiegeschiedenis te bespreken. Een klinisch geneticus kan uitleg geven over erfelijkheid.,Deze informatie is algemeen en is geen diagnose of persoonlijk medisch advies. Bespreek klachten of zorgen altijd met een arts.,penetrantie|fenotype|etiologie|differentiaaldiagnostiek|indicatiestelling,13.5,4.407407407407407,27,2,13.5,7.074074074074074,54,4,9.862962962962962,10.92962962962963
W,Wolff-Parkinson-White syndroom,https://www.erfelijkheid.nl/ziektes/wolff-parkinson-white-syndroom,wolff-parkinson-white-syndroom,wolff-parkinson-white-syndroom,https://www.erfocentrum.nl/,Aanleg en ontwikkeling,wolff parkinson white syndroom|wolff-parkinson-white syn|wolff-parkinson-white syndroom|wolff-parkinson-whitesyndroom,"Wolff-Parkinson-White syndroom is een erfelijke aandoening. Op deze pagina vind je wat het is, of het in families voorkomt en wat je kunt doen als je vragen hebt.",Wolff-Parkinson-White syndroom wordt in de literatuur beschreven als een genetische aandoening met heterogene etiologie. Fenotype-expressie en penetrantie kunnen variëren; risico-inschatting hangt af van familieanamnese en genetische bevindingen. Differentiaaldiagnostiek en indicatiestelling voor DNA-diagnostiek verlopen doorgaans via zorgprofessionals. Bespreek vragen met de huisarts; zo nodig volgt verwijzing naar een klinisch geneticus.,Bespreek je vraag met je huisarts. Vraag zo nodig om een verwijzing naar de klinische genetica.,Deze informatie is algemeen en is geen diagnose of persoonlijk medisch advies. Bespreek klachten of zorgen altijd met een arts.,penetrantie|fenotype|etiologie|differentiaaldiagnostiek|indicatiestelling,15.0,4.333333333333333,30,2,13.5,7.111111111111111,54,4,10.733333333333334,10.944444444444445
W,Wolfram syndroom Type 1,https://www.erfelijkheid.nl/ziektes/wolfram-syndroom,wolfram-syndroom,wolfram-syndroom,https://www.erfocentrum.nl/,Aanleg en ontwikkeling,wolfram syn type 1|wolfram syndroom|wolfram syndroom type 1|wolframsyndroomtype1,Bij Wolfram syndroom Type 1 spelen genen een rol. Deze pagina helpt je om snel te vinden: is het erfelijk en wat is een logische volgende stap.,"Wolfram syndroom Type 1 betreft een genetisch bepaalde aandoening waarbij varianten in een of meerdere genen kunnen leiden tot klinische verschijnselen. De overerving kan autosomaal dominant, autosomaal recessief of X-gebonden zijn, afhankelijk van het onderliggende mechanisme. Diagnostiek kan bestaan uit moleculair-genetisch onderzoek en/of chromosoomanalyse. Voor counseling en interpretatie van uitslagen kan verwijzing naar de klinische genetica passend zijn.",Bespreek je vraag met je huisarts. Vraag zo nodig om een verwijzing naar de klinische genetica.,Deze informatie is algemeen en is geen diagnose of persoonlijk medisch advies. Bespreek klachten of zorgen altijd met een arts.,autosomaal|recessief|dominant|x-gebonden|moleculair|chromosoomanalyse|counseling,13.5,4.222222222222222,27,2,15.25,6.540983606557377,61,4,9.788888888888888,11.766393442622952
W,Wolcott-Rallison syndroom,https://www.erfelijkheid.nl/ziektes/wolcott-rallison-syndroom,wolcott-rallison-syndroom,wolcott-rallison-syndroom,https://www.erfocentrum.nl/,Aanleg en ontwikkeling,wolcott rallison syndroom|wolcott-rallison syn|wolcott-rallison syndroom|wolcott-rallisonsyndroom,"Wolcott-Rallison syndroom is een erfelijke aandoening. Op deze pagina vind je wat het is, of het in families voorkomt en wat je kunt doen als je vragen hebt.","Wolcott-Rallison syndroom betreft een genetisch bepaalde aandoening waarbij varianten in een of meerdere genen kunnen leiden tot klinische verschijnselen. De overerving kan autosomaal dominant, autosomaal recessief of X-gebonden zijn, afhankelijk van het onderliggende mechanisme. Diagnostiek kan bestaan uit moleculair-genetisch onderzoek en/of chromosoomanalyse. Voor counseling en interpretatie van uitslagen kan verwijzing naar de klinische genetica passend zijn.",Maak een afspraak bij de huisarts om je familiegeschiedenis te bespreken. Een klinisch geneticus kan uitleg geven over erfelijkheid.,Deze informatie is algemeen en is geen diagnose of persoonlijk medisch advies. Bespreek klachten of zorgen altijd met een arts.,autosomaal|recessief|dominant|x-gebonden|moleculair|chromosoomanalyse|counseling,14.5,4.344827586206897,29,2,15.0,6.7,60,4,10.437931034482759,11.68
X,X-gebonden adrenoleukodystrofie (X-ALD),https://www.erfelijkheid.nl/ziektes/x-gebonden-adrenoleukodystrofie-x-ald,x-gebonden-adrenoleukodystrofie-x-ald,x-gebonden-adrenoleukodystrofie-x-ald,https://www.erfocentrum.nl/,Aanleg en ontwikkeling,x gebonden adrenoleukodystrofie x ald|x-gebonden adrenoleukodystrofie x-ald|x-gebondenadrenoleukodystrofiex-ald,X-gebonden adrenoleukodystrofie (X-ALD) is een zeldzame erfelijke aandoening. Hier lees je in eenvoudige woorden de belangrijkste punten en waar je terechtkunt voor hulp.,X-gebonden adrenoleukodystrofie (X-ALD) wordt in de literatuur beschreven als een genetische aandoening met heterogene etiologie. Fenotype-expressie en penetrantie kunnen variëren; risico-inschatting hangt af van familieanamnese en genetische bevindingen. Differentiaaldiagnostiek en indicatiestelling voor DNA-diagnostiek verlopen doorgaans via zorgprofessionals. Bespreek vragen met de huisarts; zo nodig volgt verwijzing naar een klinisch geneticus.,Maak een afspraak bij de huisarts om je familiegeschiedenis te bespreken. Een klinisch geneticus kan uitleg geven over erfelijkheid.,Deze informatie is algemeen en is geen diagnose of persoonlijk medisch advies. Bespreek klachten of zorgen altijd met een arts.,x-gebonden|penetrantie|fenotype|etiologie|differentiaaldiagnostiek|indicatiestelling,12.5,5.68,25,2,13.75,7.090909090909091,55,4,9.772,11.086363636363636
X,X-gebonden agammaglobulinemie,https://www.erfelijkheid.nl/ziektes/x-gebonden-agammaglobulinemie,x-gebonden-agammaglobulinemie,x-gebonden-agammaglobulinemie,https://www.erfocentrum.nl/,Aanleg en ontwikkeling,x gebonden agammaglobulinemie|x-gebonden agammaglobulinemie|x-gebondenagammaglobulinemie,Bij X-gebonden agammaglobulinemie spelen genen een rol. Deze pagina helpt je om snel te vinden: is het erfelijk en wat is een logische volgende stap.,X-gebonden agammaglobulinemie wordt in de literatuur beschreven als een genetische aandoening met heterogene etiologie. Fenotype-expressie en penetrantie kunnen variëren; risico-inschatting hangt af van familieanamnese en genetische bevindingen. Differentiaaldiagnostiek en indicatiestelling voor DNA-diagnostiek verlopen doorgaans via zorgprofessionals. Bespreek vragen met de huisarts; zo nodig volgt verwijzing naar een klinisch geneticus.,Bespreek je vraag met je huisarts. Vraag zo nodig om een verwijzing naar de klinische genetica.,Deze informatie is algemeen en is geen diagnose of persoonlijk medisch advies. Bespreek klachten of zorgen altijd met een arts.,x-gebonden|penetrantie|fenotype|etiologie|differentiaaldiagnostiek|indicatiestelling,13.0,4.653846153846154,26,2,13.25,7.245283018867925,53,4,9.661538461538461,10.848113207547168
X,Xeroderma Pigmentosum,https://www.erfelijkheid.nl/ziektes/xeroderma-pigmentosum-xp,xeroderma-pigmentosum-xp,xeroderma-pigmentosum-xp,https://www.erfocentrum.nl/,Aanleg en ontwikkeling,xeroderma pigmentosum|xeroderma pigmentosum xp|xerodermapigmentosum,Bij Xeroderma Pigmentosum spelen genen een rol. Deze pagina helpt je om snel te vinden: is het erfelijk en wat is een logische volgende stap.,Xeroderma Pigmentosum wordt in de literatuur beschreven als een genetische aandoening met heterogene etiologie. Fenotype-expressie en penetrantie kunnen variëren; risico-inschatting hangt af van familieanamnese en genetische bevindingen. Differentiaaldiagnostiek en indicatiestelling voor DNA-diagnostiek verlopen doorgaans via zorgprofessionals. Bespreek vragen met de huisarts; zo nodig volgt verwijzing naar een klinisch geneticus.,Maak een afspraak bij de huisarts om je familiegeschiedenis te bespreken. Een klinisch geneticus kan uitleg geven over erfelijkheid.,Deze informatie is algemeen en is geen diagnose of persoonlijk medisch advies. Bespreek klachten of zorgen altijd met een arts.,penetrantie|fenotype|etiologie|differentiaaldiagnostiek|indicatiestelling,12.5,4.56,25,2,13.0,7.25,52,4,9.324,10.7
X,Xia-Gibbs syndroom,https://www.erfelijkheid.nl/ziektes/xia-gibbs-syndroom,xia-gibbs-syndroom,xia-gibbs-syndroom,https://www.erfocentrum.nl/,Aanleg en ontwikkeling,xia gibbs syndroom|xia-gibbs syn|xia-gibbs syndroom|xia-gibbssyndroom,Bij Xia-Gibbs syndroom spelen genen een rol. Deze pagina helpt je om snel te vinden: is het erfelijk en wat is een logische volgende stap.,"Xia-Gibbs syndroom betreft een genetisch bepaalde aandoening waarbij varianten in een of meerdere genen kunnen leiden tot klinische verschijnselen. De overerving kan autosomaal dominant, autosomaal recessief of X-gebonden zijn, afhankelijk van het onderliggende mechanisme. Diagnostiek kan bestaan uit moleculair-genetisch onderzoek en/of chromosoomanalyse. Voor counseling en interpretatie van uitslagen kan verwijzing naar de klinische genetica passend zijn.",Maak een afspraak bij de huisarts om je familiegeschiedenis te bespreken. Een klinisch geneticus kan uitleg geven over erfelijkheid.,Deze informatie is algemeen en is geen diagnose of persoonlijk medisch advies. Bespreek klachten of zorgen altijd met een arts.,autosomaal|recessief|dominant|x-gebonden|moleculair|chromosoomanalyse|counseling,13.0,4.230769230769231,26,2,15.0,6.583333333333333,60,4,9.492307692307692,11.633333333333333
X,XYY syndroom,https://www.erfelijkheid.nl/ziektes/xyy-syndroom,xyy-syndroom,xyy-syndroom,https://www.erfocentrum.nl/,Aanleg en ontwikkeling,xyy syn|xyy syndroom|xyysyndroom,Bij XYY syndroom spelen genen een rol. Deze pagina helpt je om snel te vinden: is het erfelijk en wat is een logische volgende stap.,XYY syndroom wordt in de literatuur beschreven als een genetische aandoening met heterogene etiologie. Fenotype-expressie en penetrantie kunnen variëren; risico-inschatting hangt af van familieanamnese en genetische bevindingen. Differentiaaldiagnostiek en indicatiestelling voor DNA-diagnostiek verlopen doorgaans via zorgprofessionals. Bespreek vragen met de huisarts; zo nodig volgt verwijzing naar een klinisch geneticus.,Maak een afspraak bij de huisarts om je familiegeschiedenis te bespreken. Een klinisch geneticus kan uitleg geven over erfelijkheid.,Deze informatie is algemeen en is geen diagnose of persoonlijk medisch advies. Bespreek klachten of zorgen altijd met een arts.,penetrantie|fenotype|etiologie|differentiaaldiagnostiek|indicatiestelling,12.5,4.2,25,2,13.0,7.076923076923077,52,4,9.18,10.63076923076923
Z,Zaadbalkanker,https://www.erfelijkheid.nl/ziektes/zaadbalkanker,zaadbalkanker,zaadbalkanker,https://www.erfocentrum.nl/,Erfelijkheid van kanker,zaadbalkanker,Zaadbalkanker is een zeldzame erfelijke aandoening. Hier lees je in eenvoudige woorden de belangrijkste punten en waar je terechtkunt voor hulp.,Zaadbalkanker wordt in de literatuur beschreven als een genetische aandoening met heterogene etiologie. Fenotype-expressie en penetrantie kunnen variëren; risico-inschatting hangt af van familieanamnese en genetische bevindingen. Differentiaaldiagnostiek en indicatiestelling voor DNA-diagnostiek verlopen doorgaans via zorgprofessionals. Bespreek vragen met de huisarts; zo nodig volgt verwijzing naar een klinisch geneticus.,Maak een afspraak bij de huisarts om je familiegeschiedenis te bespreken. Een klinisch geneticus kan uitleg geven over erfelijkheid.,Deze informatie is algemeen en is geen diagnose of persoonlijk medisch advies. Bespreek klachten of zorgen altijd met een arts.,penetrantie|fenotype|etiologie|differentiaaldiagnostiek|indicatiestelling,10.5,5.809523809523809,21,2,12.75,7.254901960784314,51,4,8.623809523809523,10.551960784313724
Z,Zeldzame chromosoomafwijkingen,https://www.erfelijkheid.nl/ziektes/zeldzame-chromosoomafwijkingen,zeldzame-chromosoomafwijkingen,zeldzame-chromosoomafwijkingen,https://www.erfocentrum.nl/,Nieuwe technieken,zeldzame chromosoomafwijkingen|zeldzamechromosoomafwijkingen,"Zeldzame chromosoomafwijkingen is een erfelijke aandoening. Op deze pagina vind je wat het is, of het in families voorkomt en wat je kunt doen als je vragen hebt.","Zeldzame chromosoomafwijkingen betreft een genetisch bepaalde aandoening waarbij varianten in een of meerdere genen kunnen leiden tot klinische verschijnselen. De overerving kan autosomaal dominant, autosomaal recessief of X-gebonden zijn, afhankelijk van het onderliggende mechanisme. Diagnostiek kan bestaan uit moleculair-genetisch onderzoek en/of chromosoomanalyse. Voor counseling en interpretatie van uitslagen kan verwijzing naar de klinische genetica passend zijn.",Maak een afspraak bij de huisarts om je familiegeschiedenis te bespreken. Een klinisch geneticus kan uitleg geven over erfelijkheid.,Deze informatie is algemeen en is geen diagnose of persoonlijk medisch advies. Bespreek klachten of zorgen altijd met een arts.,autosomaal|recessief|dominant|x-gebonden|moleculair|chromosoomanalyse|counseling,14.0,4.714285714285714,28,2,14.75,6.915254237288136,59,4,10.285714285714286,11.616101694915255
Z,Zeldzame genafwijkingen,https://www.erfelijkheid.nl/ziektes/zeldzame-genafwijkingen,zeldzame-genafwijkingen,zeldzame-genafwijkingen,https://www.erfocentrum.nl/,Aanleg en ontwikkeling,zeldzame genafwijkingen|zeldzamegenafwijkingen,"Zeldzame genafwijkingen is een erfelijke aandoening. Op deze pagina vind je wat het is, of het in families voorkomt en wat je kunt doen als je vragen hebt.","Zeldzame genafwijkingen betreft een genetisch bepaalde aandoening waarbij varianten in een of meerdere genen kunnen leiden tot klinische verschijnselen. De overerving kan autosomaal dominant, autosomaal recessief of X-gebonden zijn, afhankelijk van het onderliggende mechanisme. Diagnostiek kan bestaan uit moleculair-genetisch onderzoek en/of chromosoomanalyse. Voor counseling en interpretatie van uitslagen kan verwijzing naar de klinische genetica passend zijn.",Maak een afspraak bij de huisarts om je familiegeschiedenis te bespreken. Een klinisch geneticus kan uitleg geven over erfelijkheid.,Deze informatie is algemeen en is geen diagnose of persoonlijk medisch advies. Bespreek klachten of zorgen altijd met een arts.,autosomaal|recessief|dominant|x-gebonden|moleculair|chromosoomanalyse|counseling,14.0,4.464285714285714,28,2,14.75,6.796610169491525,59,4,10.185714285714287,11.56864406779661
Z,Zellweger spectrum stoornis,https://www.erfelijkheid.nl/ziektes/zellweger-syndroom,zellweger-syndroom,zellweger-syndroom,https://www.erfocentrum.nl/,Aanleg en ontwikkeling,zellweger spectrum stoornis|zellweger syndroom|zellwegerspectrumstoornis,Bij Zellweger spectrum stoornis spelen genen een rol. Deze pagina helpt je om snel te vinden: is het erfelijk en wat is een logische volgende stap.,Zellweger spectrum stoornis wordt in de literatuur beschreven als een genetische aandoening met heterogene etiologie. Fenotype-expressie en penetrantie kunnen variëren; risico-inschatting hangt af van familieanamnese en genetische bevindingen. Differentiaaldiagnostiek en indicatiestelling voor DNA-diagnostiek verlopen doorgaans via zorgprofessionals. Bespreek vragen met de huisarts; zo nodig volgt verwijzing naar een klinisch geneticus.,Bespreek je vraag met je huisarts. Vraag zo nodig om een verwijzing naar de klinische genetica.,Deze informatie is algemeen en is geen diagnose of persoonlijk medisch advies. Bespreek klachten of zorgen altijd met een arts.,penetrantie|fenotype|etiologie|differentiaaldiagnostiek|indicatiestelling,13.0,4.576923076923077,26,2,13.25,7.2075471698113205,53,4,9.63076923076923,10.833018867924528
Z,Ziekte van Alzheimer,https://www.erfelijkheid.nl/ziektes/ziekte-van-alzheimer,ziekte-van-alzheimer,ziekte-van-alzheimer,https://www.erfocentrum.nl/,Aanleg en ontwikkeling,ziekte van alzheimer|ziektevanalzheimer,Ziekte van Alzheimer is een zeldzame erfelijke aandoening. Hier lees je in eenvoudige woorden de belangrijkste punten en waar je terechtkunt voor hulp.,"Ziekte van Alzheimer betreft een genetisch bepaalde aandoening waarbij varianten in een of meerdere genen kunnen leiden tot klinische verschijnselen. De overerving kan autosomaal dominant, autosomaal recessief of X-gebonden zijn, afhankelijk van het onderliggende mechanisme. Diagnostiek kan bestaan uit moleculair-genetisch onderzoek en/of chromosoomanalyse. Voor counseling en interpretatie van uitslagen kan verwijzing naar de klinische genetica passend zijn.",Maak een afspraak bij de huisarts om je familiegeschiedenis te bespreken. Een klinisch geneticus kan uitleg geven over erfelijkheid.,Deze informatie is algemeen en is geen diagnose of persoonlijk medisch advies. Bespreek klachten of zorgen altijd met een arts.,autosomaal|recessief|dominant|x-gebonden|moleculair|chromosoomanalyse|counseling,11.5,5.521739130434782,23,2,15.0,6.616666666666666,60,4,9.108695652173912,11.646666666666667
Z,Ziekte van Batten-Spielmeyer-Vogt (BSV),https://www.erfelijkheid.nl/ziektes/ziekte-van-batten-spielmeyer-vogt-bsv,ziekte-van-batten-spielmeyer-vogt-bsv,ziekte-van-batten-spielmeyer-vogt-bsv,https://www.erfocentrum.nl/,Aanleg en ontwikkeling,ziekte van batten spielmeyer vogt bsv|ziekte van batten-spielmeyer-vogt bsv|ziektevanbatten-spielmeyer-vogtbsv,"Ziekte van Batten-Spielmeyer-Vogt (BSV) is een erfelijke aandoening. Op deze pagina vind je wat het is, of het in families voorkomt en wat je kunt doen als je vragen hebt.","Ziekte van Batten-Spielmeyer-Vogt (BSV) betreft een genetisch bepaalde aandoening waarbij varianten in een of meerdere genen kunnen leiden tot klinische verschijnselen. De overerving kan autosomaal dominant, autosomaal recessief of X-gebonden zijn, afhankelijk van het onderliggende mechanisme. Diagnostiek kan bestaan uit moleculair-genetisch onderzoek en/of chromosoomanalyse. Voor counseling en interpretatie van uitslagen kan verwijzing naar de klinische genetica passend zijn.",Maak een afspraak bij de huisarts om je familiegeschiedenis te bespreken. Een klinisch geneticus kan uitleg geven over erfelijkheid.,Deze informatie is algemeen en is geen diagnose of persoonlijk medisch advies. Bespreek klachten of zorgen altijd met een arts.,autosomaal|recessief|dominant|x-gebonden|moleculair|chromosoomanalyse|counseling,16.0,4.21875,32,2,15.75,6.523809523809524,63,4,11.2875,12.059523809523808
Z,Ziekte van Behçet,https://www.erfelijkheid.nl/ziektes/ziekte-van-behcet,ziekte-van-behcet,ziekte-van-behcet,https://www.erfocentrum.nl/,Aanleg en ontwikkeling,ziekte van behcet|ziektevanbehcet,"Ziekte van Behçet is een erfelijke aandoening. Op deze pagina vind je wat het is, of het in families voorkomt en wat je kunt doen als je vragen hebt.","Ziekte van Behçet betreft een genetisch bepaalde aandoening waarbij varianten in een of meerdere genen kunnen leiden tot klinische verschijnselen. De overerving kan autosomaal dominant, autosomaal recessief of X-gebonden zijn, afhankelijk van het onderliggende mechanisme. Diagnostiek kan bestaan uit moleculair-genetisch onderzoek en/of chromosoomanalyse. Voor counseling en interpretatie van uitslagen kan verwijzing naar de klinische genetica passend zijn.",Bespreek je vraag met je huisarts. Vraag zo nodig om een verwijzing naar de klinische genetica.,Deze informatie is algemeen en is geen diagnose of persoonlijk medisch advies. Bespreek klachten of zorgen altijd met een arts.,autosomaal|recessief|dominant|x-gebonden|moleculair|chromosoomanalyse|counseling,14.5,4.068965517241379,29,2,15.0,6.566666666666666,60,4,10.327586206896552,11.626666666666667
Z,Ziekte van Canavan,https://www.erfelijkheid.nl/ziektes/ziekte-van-canavan,ziekte-van-canavan,ziekte-van-canavan,https://www.erfocentrum.nl/,Aanleg en ontwikkeling,ziekte van canavan|ziektevancanavan,"Ziekte van Canavan is een erfelijke aandoening. Op deze pagina vind je wat het is, of het in families voorkomt en wat je kunt doen als je vragen hebt.",Ziekte van Canavan wordt in de literatuur beschreven als een genetische aandoening met heterogene etiologie. Fenotype-expressie en penetrantie kunnen variëren; risico-inschatting hangt af van familieanamnese en genetische bevindingen. Differentiaaldiagnostiek en indicatiestelling voor DNA-diagnostiek verlopen doorgaans via zorgprofessionals. Bespreek vragen met de huisarts; zo nodig volgt verwijzing naar een klinisch geneticus.,Maak een afspraak bij de huisarts om je familiegeschiedenis te bespreken. Een klinisch geneticus kan uitleg geven over erfelijkheid.,Deze informatie is algemeen en is geen diagnose of persoonlijk medisch advies. Bespreek klachten of zorgen altijd met een arts.,penetrantie|fenotype|etiologie|differentiaaldiagnostiek|indicatiestelling,14.5,4.103448275862069,29,2,13.25,7.037735849056604,53,4,10.341379310344827,10.76509433962264
Z,Ziekte van Creutzfeldt-Jakob,https://www.erfelijkheid.nl/ziektes/ziekte-van-creutzfeldt-jakob,ziekte-van-creutzfeldt-jakob,ziekte-van-creutzfeldt-jakob,https://www.erfocentrum.nl/,Aanleg en ontwikkeling,ziekte van creutzfeldt jakob|ziekte van creutzfeldt-jakob|ziektevancreutzfeldt-jakob,"Ziekte van Creutzfeldt-Jakob is een erfelijke aandoening. Op deze pagina vind je wat het is, of het in families voorkomt en wat je kunt doen als je vragen hebt.",Ziekte van Creutzfeldt-Jakob wordt in de literatuur beschreven als een genetische aandoening met heterogene etiologie. Fenotype-expressie en penetrantie kunnen variëren; risico-inschatting hangt af van familieanamnese en genetische bevindingen. Differentiaaldiagnostiek en indicatiestelling voor DNA-diagnostiek verlopen doorgaans via zorgprofessionals. Bespreek vragen met de huisarts; zo nodig volgt verwijzing naar een klinisch geneticus.,Maak een afspraak bij de huisarts om je familiegeschiedenis te bespreken. Een klinisch geneticus kan uitleg geven over erfelijkheid.,Deze informatie is algemeen en is geen diagnose of persoonlijk medisch advies. Bespreek klachten of zorgen altijd met een arts.,penetrantie|fenotype|etiologie|differentiaaldiagnostiek|indicatiestelling,15.0,4.266666666666667,30,2,13.5,7.074074074074074,54,4,10.706666666666667,10.92962962962963
Z,Ziekte van Crohn,https://www.erfelijkheid.nl/ziektes/ziekte-van-crohn,ziekte-van-crohn,ziekte-van-crohn,https://www.erfocentrum.nl/,Aanleg en ontwikkeling,ziekte van crohn|ziektevancrohn,"Ziekte van Crohn is een erfelijke aandoening. Op deze pagina vind je wat het is, of het in families voorkomt en wat je kunt doen als je vragen hebt.",Ziekte van Crohn wordt in de literatuur beschreven als een genetische aandoening met heterogene etiologie. Fenotype-expressie en penetrantie kunnen variëren; risico-inschatting hangt af van familieanamnese en genetische bevindingen. Differentiaaldiagnostiek en indicatiestelling voor DNA-diagnostiek verlopen doorgaans via zorgprofessionals. Bespreek vragen met de huisarts; zo nodig volgt verwijzing naar een klinisch geneticus.,Bespreek je vraag met je huisarts. Vraag zo nodig om een verwijzing naar de klinische genetica.,Deze informatie is algemeen en is geen diagnose of persoonlijk medisch advies. Bespreek klachten of zorgen altijd met een arts.,penetrantie|fenotype|etiologie|differentiaaldiagnostiek|indicatiestelling,14.5,4.0344827586206895,29,2,13.25,7.0,53,4,10.313793103448276,10.75
Z,Ziekte van Darier-White,https://www.erfelijkheid.nl/ziektes/ziekte-van-darier-white,ziekte-van-darier-white,ziekte-van-darier-white,https://www.erfocentrum.nl/,Aanleg en ontwikkeling,ziekte van darier white|ziekte van darier-white|ziektevandarier-white,"Ziekte van Darier-White is een erfelijke aandoening. Op deze pagina vind je wat het is, of het in families voorkomt en wat je kunt doen als je vragen hebt.",Ziekte van Darier-White wordt in de literatuur beschreven als een genetische aandoening met heterogene etiologie. Fenotype-expressie en penetrantie kunnen variëren; risico-inschatting hangt af van familieanamnese en genetische bevindingen. Differentiaaldiagnostiek en indicatiestelling voor DNA-diagnostiek verlopen doorgaans via zorgprofessionals. Bespreek vragen met de huisarts; zo nodig volgt verwijzing naar een klinisch geneticus.,Maak een afspraak bij de huisarts om je familiegeschiedenis te bespreken. Een klinisch geneticus kan uitleg geven over erfelijkheid.,Deze informatie is algemeen en is geen diagnose of persoonlijk medisch advies. Bespreek klachten of zorgen altijd met een arts.,penetrantie|fenotype|etiologie|differentiaaldiagnostiek|indicatiestelling,15.0,4.1,30,2,13.5,6.981481481481482,54,4,10.64,10.892592592592592
Z,Ziekte van Degos,https://www.erfelijkheid.nl/ziektes/ziekte-van-degos,ziekte-van-degos,ziekte-van-degos,https://www.erfocentrum.nl/,Aanleg en ontwikkeling,ziekte van degos|ziektevandegos,Ziekte van Degos is een zeldzame erfelijke aandoening. Hier lees je in eenvoudige woorden de belangrijkste punten en waar je terechtkunt voor hulp.,Ziekte van Degos wordt in de literatuur beschreven als een genetische aandoening met heterogene etiologie. Fenotype-expressie en penetrantie kunnen variëren; risico-inschatting hangt af van familieanamnese en genetische bevindingen. Differentiaaldiagnostiek en indicatiestelling voor DNA-diagnostiek verlopen doorgaans via zorgprofessionals. Bespreek vragen met de huisarts; zo nodig volgt verwijzing naar een klinisch geneticus.,Maak een afspraak bij de huisarts om je familiegeschiedenis te bespreken. Een klinisch geneticus kan uitleg geven over erfelijkheid.,Deze informatie is algemeen en is geen diagnose of persoonlijk medisch advies. Bespreek klachten of zorgen altijd met een arts.,penetrantie|fenotype|etiologie|differentiaaldiagnostiek|indicatiestelling,11.5,5.3478260869565215,23,2,13.25,7.0,53,4,9.039130434782608,10.75
Z,Ziekte van Dupuytren,https://www.erfelijkheid.nl/ziektes/ziekte-van-dupuytren,ziekte-van-dupuytren,ziekte-van-dupuytren,https://www.erfocentrum.nl/,Aanleg en ontwikkeling,ziekte van dupuytren|ziektevandupuytren,Bij Ziekte van Dupuytren spelen genen een rol. Deze pagina helpt je om snel te vinden: is het erfelijk en wat is een logische volgende stap.,Ziekte van Dupuytren wordt in de literatuur beschreven als een genetische aandoening met heterogene etiologie. Fenotype-expressie en penetrantie kunnen variëren; risico-inschatting hangt af van familieanamnese en genetische bevindingen. Differentiaaldiagnostiek en indicatiestelling voor DNA-diagnostiek verlopen doorgaans via zorgprofessionals. Bespreek vragen met de huisarts; zo nodig volgt verwijzing naar een klinisch geneticus.,Bespreek je vraag met je huisarts. Vraag zo nodig om een verwijzing naar de klinische genetica.,Deze informatie is algemeen en is geen diagnose of persoonlijk medisch advies. Bespreek klachten of zorgen altijd met een arts.,penetrantie|fenotype|etiologie|differentiaaldiagnostiek|indicatiestelling,13.0,4.3076923076923075,26,2,13.25,7.0754716981132075,53,4,9.523076923076923,10.780188679245283
Z,Ziekte van Fabry,https://www.erfelijkheid.nl/ziektes/ziekte-van-fabry,ziekte-van-fabry,ziekte-van-fabry,https://www.erfocentrum.nl/,Aanleg en ontwikkeling,ziekte van fabry|ziektevanfabry,"Ziekte van Fabry is een erfelijke aandoening. Op deze pagina vind je wat het is, of het in families voorkomt en wat je kunt doen als je vragen hebt.","Ziekte van Fabry betreft een genetisch bepaalde aandoening waarbij varianten in een of meerdere genen kunnen leiden tot klinische verschijnselen. De overerving kan autosomaal dominant, autosomaal recessief of X-gebonden zijn, afhankelijk van het onderliggende mechanisme. Diagnostiek kan bestaan uit moleculair-genetisch onderzoek en/of chromosoomanalyse. Voor counseling en interpretatie van uitslagen kan verwijzing naar de klinische genetica passend zijn.",Bespreek je vraag met je huisarts. Vraag zo nodig om een verwijzing naar de klinische genetica.,Deze informatie is algemeen en is geen diagnose of persoonlijk medisch advies. Bespreek klachten of zorgen altijd met een arts.,autosomaal|recessief|dominant|x-gebonden|moleculair|chromosoomanalyse|counseling,14.5,4.0344827586206895,29,2,15.0,6.55,60,4,10.313793103448276,11.620000000000001
Z,Ziekte van Farber,https://www.erfelijkheid.nl/ziektes/ziekte-van-farber,ziekte-van-farber,ziekte-van-farber,https://www.erfocentrum.nl/,Aanleg en ontwikkeling,ziekte van farber|ziektevanfarber,Ziekte van Farber is een zeldzame erfelijke aandoening. Hier lees je in eenvoudige woorden de belangrijkste punten en waar je terechtkunt voor hulp.,"Ziekte van Farber betreft een genetisch bepaalde aandoening waarbij varianten in een of meerdere genen kunnen leiden tot klinische verschijnselen. De overerving kan autosomaal dominant, autosomaal recessief of X-gebonden zijn, afhankelijk van het onderliggende mechanisme. Diagnostiek kan bestaan uit moleculair-genetisch onderzoek en/of chromosoomanalyse. Voor counseling en interpretatie van uitslagen kan verwijzing naar de klinische genetica passend zijn.",Maak een afspraak bij de huisarts om je familiegeschiedenis te bespreken. Een klinisch geneticus kan uitleg geven over erfelijkheid.,Deze informatie is algemeen en is geen diagnose of persoonlijk medisch advies. Bespreek klachten of zorgen altijd met een arts.,autosomaal|recessief|dominant|x-gebonden|moleculair|chromosoomanalyse|counseling,11.5,5.391304347826087,23,2,15.0,6.566666666666666,60,4,9.056521739130435,11.626666666666667
Z,Ziekte van Gaucher,https://www.erfelijkheid.nl/ziektes/ziekte-van-gaucher,ziekte-van-gaucher,ziekte-van-gaucher,https://www.erfocentrum.nl/,Aanleg en ontwikkeling,ziekte van gaucher|ziektevangaucher,Ziekte van Gaucher is een zeldzame erfelijke aandoening. Hier lees je in eenvoudige woorden de belangrijkste punten en waar je terechtkunt voor hulp.,"Ziekte van Gaucher betreft een genetisch bepaalde aandoening waarbij varianten in een of meerdere genen kunnen leiden tot klinische verschijnselen. De overerving kan autosomaal dominant, autosomaal recessief of X-gebonden zijn, afhankelijk van het onderliggende mechanisme. Diagnostiek kan bestaan uit moleculair-genetisch onderzoek en/of chromosoomanalyse. Voor counseling en interpretatie van uitslagen kan verwijzing naar de klinische genetica passend zijn.",Bespreek je vraag met je huisarts. Vraag zo nodig om een verwijzing naar de klinische genetica.,Deze informatie is algemeen en is geen diagnose of persoonlijk medisch advies. Bespreek klachten of zorgen altijd met een arts.,autosomaal|recessief|dominant|x-gebonden|moleculair|chromosoomanalyse|counseling,11.5,5.434782608695652,23,2,15.0,6.583333333333333,60,4,9.07391304347826,11.633333333333333
Z,Ziekte van Graves,https://www.erfelijkheid.nl/ziektes/ziekte-van-graves,ziekte-van-graves,ziekte-van-graves,https://www.erfocentrum.nl/,Aanleg en ontwikkeling,ziekte van graves|ziektevangraves,Bij Ziekte van Graves spelen genen een rol. Deze pagina helpt je om snel te vinden: is het erfelijk en wat is een logische volgende stap.,Ziekte van Graves wordt in de literatuur beschreven als een genetische aandoening met heterogene etiologie. Fenotype-expressie en penetrantie kunnen variëren; risico-inschatting hangt af van familieanamnese en genetische bevindingen. Differentiaaldiagnostiek en indicatiestelling voor DNA-diagnostiek verlopen doorgaans via zorgprofessionals. Bespreek vragen met de huisarts; zo nodig volgt verwijzing naar een klinisch geneticus.,Maak een afspraak bij de huisarts om je familiegeschiedenis te bespreken. Een klinisch geneticus kan uitleg geven over erfelijkheid.,Deze informatie is algemeen en is geen diagnose of persoonlijk medisch advies. Bespreek klachten of zorgen altijd met een arts.,penetrantie|fenotype|etiologie|differentiaaldiagnostiek|indicatiestelling,13.0,4.1923076923076925,26,2,13.25,7.018867924528302,53,4,9.476923076923077,10.757547169811321
Z,Ziekte van Hailey-Hailey,https://www.erfelijkheid.nl/ziektes/ziekte-van-hailey-hailey,ziekte-van-hailey-hailey,ziekte-van-hailey-hailey,https://www.erfocentrum.nl/,Aanleg en ontwikkeling,ziekte van hailey hailey|ziekte van hailey-hailey|ziektevanhailey-hailey,Bij Ziekte van Hailey-Hailey spelen genen een rol. Deze pagina helpt je om snel te vinden: is het erfelijk en wat is een logische volgende stap.,Ziekte van Hailey-Hailey wordt in de literatuur beschreven als een genetische aandoening met heterogene etiologie. Fenotype-expressie en penetrantie kunnen variëren; risico-inschatting hangt af van familieanamnese en genetische bevindingen. Differentiaaldiagnostiek en indicatiestelling voor DNA-diagnostiek verlopen doorgaans via zorgprofessionals. Bespreek vragen met de huisarts; zo nodig volgt verwijzing naar een klinisch geneticus.,Bespreek je vraag met je huisarts. Vraag zo nodig om een verwijzing naar de klinische genetica.,Deze informatie is algemeen en is geen diagnose of persoonlijk medisch advies. Bespreek klachten of zorgen altijd met een arts.,penetrantie|fenotype|etiologie|differentiaaldiagnostiek|indicatiestelling,13.5,4.2592592592592595,27,2,13.5,7.0,54,4,9.803703703703704,10.9
Z,Ziekte van Hashimoto,https://www.erfelijkheid.nl/ziektes/ziekte-van-hashimoto,ziekte-van-hashimoto,ziekte-van-hashimoto,https://www.erfocentrum.nl/,Aanleg en ontwikkeling,ziekte van hashimoto|ziektevanhashimoto,"Ziekte van Hashimoto is een erfelijke aandoening. Op deze pagina vind je wat het is, of het in families voorkomt en wat je kunt doen als je vragen hebt.","Ziekte van Hashimoto betreft een genetisch bepaalde aandoening waarbij varianten in een of meerdere genen kunnen leiden tot klinische verschijnselen. De overerving kan autosomaal dominant, autosomaal recessief of X-gebonden zijn, afhankelijk van het onderliggende mechanisme. Diagnostiek kan bestaan uit moleculair-genetisch onderzoek en/of chromosoomanalyse. Voor counseling en interpretatie van uitslagen kan verwijzing naar de klinische genetica passend zijn.",Bespreek je vraag met je huisarts. Vraag zo nodig om een verwijzing naar de klinische genetica.,Deze informatie is algemeen en is geen diagnose of persoonlijk medisch advies. Bespreek klachten of zorgen altijd met een arts.,autosomaal|recessief|dominant|x-gebonden|moleculair|chromosoomanalyse|counseling,14.5,4.172413793103448,29,2,15.0,6.616666666666666,60,4,10.368965517241378,11.646666666666667
Z,Ziekte van Hirschsprung,https://www.erfelijkheid.nl/ziektes/hirschprung,hirschprung,hirschprung,https://www.erfocentrum.nl/,Aanleg en ontwikkeling,hirschprung|ziekte van hirschsprung|ziektevanhirschsprung,Bij Ziekte van Hirschsprung spelen genen een rol. Deze pagina helpt je om snel te vinden: is het erfelijk en wat is een logische volgende stap.,Ziekte van Hirschsprung wordt in de literatuur beschreven als een genetische aandoening met heterogene etiologie. Fenotype-expressie en penetrantie kunnen variëren; risico-inschatting hangt af van familieanamnese en genetische bevindingen. Differentiaaldiagnostiek en indicatiestelling voor DNA-diagnostiek verlopen doorgaans via zorgprofessionals. Bespreek vragen met de huisarts; zo nodig volgt verwijzing naar een klinisch geneticus.,Bespreek je vraag met je huisarts. Vraag zo nodig om een verwijzing naar de klinische genetica.,Deze informatie is algemeen en is geen diagnose of persoonlijk medisch advies. Bespreek klachten of zorgen altijd met een arts.,penetrantie|fenotype|etiologie|differentiaaldiagnostiek|indicatiestelling,13.0,4.423076923076923,26,2,13.25,7.132075471698113,53,4,9.569230769230769,10.802830188679245
Z,Ziekte van Huntington,https://www.erfelijkheid.nl/ziektes/ziekte-van-huntington,ziekte-van-huntington,ziekte-van-huntington,https://www.erfocentrum.nl/,Aanleg en ontwikkeling,ziekte van huntington|ziektevanhuntington,Bij Ziekte van Huntington spelen genen een rol. Deze pagina helpt je om snel te vinden: is het erfelijk en wat is een logische volgende stap.,Ziekte van Huntington wordt in de literatuur beschreven als een genetische aandoening met heterogene etiologie. Fenotype-expressie en penetrantie kunnen variëren; risico-inschatting hangt af van familieanamnese en genetische bevindingen. Differentiaaldiagnostiek en indicatiestelling voor DNA-diagnostiek verlopen doorgaans via zorgprofessionals. Bespreek vragen met de huisarts; zo nodig volgt verwijzing naar een klinisch geneticus.,Bespreek je vraag met je huisarts. Vraag zo nodig om een verwijzing naar de klinische genetica.,Deze informatie is algemeen en is geen diagnose of persoonlijk medisch advies. Bespreek klachten of zorgen altijd met een arts.,penetrantie|fenotype|etiologie|differentiaaldiagnostiek|indicatiestelling,13.0,4.346153846153846,26,2,13.25,7.09433962264151,53,4,9.538461538461538,10.787735849056602
Z,Ziekte van Kawasaki,https://www.erfelijkheid.nl/ziektes/kawasaki-ziekte-van,kawasaki-ziekte-van,kawasaki-ziekte-van,https://www.erfocentrum.nl/,Aanleg en ontwikkeling,kawasaki ziekte van|ziekte van kawasaki|ziektevankawasaki,Ziekte van Kawasaki is een zeldzame erfelijke aandoening. Hier lees je in eenvoudige woorden de belangrijkste punten en waar je terechtkunt voor hulp.,Ziekte van Kawasaki wordt in de literatuur beschreven als een genetische aandoening met heterogene etiologie. Fenotype-expressie en penetrantie kunnen variëren; risico-inschatting hangt af van familieanamnese en genetische bevindingen. Differentiaaldiagnostiek en indicatiestelling voor DNA-diagnostiek verlopen doorgaans via zorgprofessionals. Bespreek vragen met de huisarts; zo nodig volgt verwijzing naar een klinisch geneticus.,Bespreek je vraag met je huisarts. Vraag zo nodig om een verwijzing naar de klinische genetica.,Deze informatie is algemeen en is geen diagnose of persoonlijk medisch advies. Bespreek klachten of zorgen altijd met een arts.,penetrantie|fenotype|etiologie|differentiaaldiagnostiek|indicatiestelling,11.5,5.478260869565218,23,2,13.25,7.056603773584905,53,4,9.091304347826087,10.772641509433962
Z,Ziekte van Krabbe,https://www.erfelijkheid.nl/ziektes/ziekte-van-krabbe,ziekte-van-krabbe,ziekte-van-krabbe,https://www.erfocentrum.nl/,Aanleg en ontwikkeling,ziekte van krabbe|ziektevankrabbe,Ziekte van Krabbe is een zeldzame erfelijke aandoening. Hier lees je in eenvoudige woorden de belangrijkste punten en waar je terechtkunt voor hulp.,Ziekte van Krabbe wordt in de literatuur beschreven als een genetische aandoening met heterogene etiologie. Fenotype-expressie en penetrantie kunnen variëren; risico-inschatting hangt af van familieanamnese en genetische bevindingen. Differentiaaldiagnostiek en indicatiestelling voor DNA-diagnostiek verlopen doorgaans via zorgprofessionals. Bespreek vragen met de huisarts; zo nodig volgt verwijzing naar een klinisch geneticus.,Bespreek je vraag met je huisarts. Vraag zo nodig om een verwijzing naar de klinische genetica.,Deze informatie is algemeen en is geen diagnose of persoonlijk medisch advies. Bespreek klachten of zorgen altijd met een arts.,penetrantie|fenotype|etiologie|differentiaaldiagnostiek|indicatiestelling,11.5,5.391304347826087,23,2,13.25,7.018867924528302,53,4,9.056521739130435,10.757547169811321
Z,Ziekte van Lafora,https://www.erfelijkheid.nl/ziektes/ziekte-van-lafora,ziekte-van-lafora,ziekte-van-lafora,https://www.erfocentrum.nl/,Aanleg en ontwikkeling,ziekte van lafora|ziektevanlafora,Ziekte van Lafora is een zeldzame erfelijke aandoening. Hier lees je in eenvoudige woorden de belangrijkste punten en waar je terechtkunt voor hulp.,Ziekte van Lafora wordt in de literatuur beschreven als een genetische aandoening met heterogene etiologie. Fenotype-expressie en penetrantie kunnen variëren; risico-inschatting hangt af van familieanamnese en genetische bevindingen. Differentiaaldiagnostiek en indicatiestelling voor DNA-diagnostiek verlopen doorgaans via zorgprofessionals. Bespreek vragen met de huisarts; zo nodig volgt verwijzing naar een klinisch geneticus.,Maak een afspraak bij de huisarts om je familiegeschiedenis te bespreken. Een klinisch geneticus kan uitleg geven over erfelijkheid.,Deze informatie is algemeen en is geen diagnose of persoonlijk medisch advies. Bespreek klachten of zorgen altijd met een arts.,penetrantie|fenotype|etiologie|differentiaaldiagnostiek|indicatiestelling,11.5,5.391304347826087,23,2,13.25,7.018867924528302,53,4,9.056521739130435,10.757547169811321
Z,Ziekte van Lhermitte-Duclos,https://www.erfelijkheid.nl/ziektes/ziekte-van-lhermitte-duclos,ziekte-van-lhermitte-duclos,ziekte-van-lhermitte-duclos,https://www.erfocentrum.nl/,Aanleg en ontwikkeling,ziekte van lhermitte duclos|ziekte van lhermitte-duclos|ziektevanlhermitte-duclos,"Ziekte van Lhermitte-Duclos is een erfelijke aandoening. Op deze pagina vind je wat het is, of het in families voorkomt en wat je kunt doen als je vragen hebt.","Ziekte van Lhermitte-Duclos betreft een genetisch bepaalde aandoening waarbij varianten in een of meerdere genen kunnen leiden tot klinische verschijnselen. De overerving kan autosomaal dominant, autosomaal recessief of X-gebonden zijn, afhankelijk van het onderliggende mechanisme. Diagnostiek kan bestaan uit moleculair-genetisch onderzoek en/of chromosoomanalyse. Voor counseling en interpretatie van uitslagen kan verwijzing naar de klinische genetica passend zijn.",Maak een afspraak bij de huisarts om je familiegeschiedenis te bespreken. Een klinisch geneticus kan uitleg geven over erfelijkheid.,Deze informatie is algemeen en is geen diagnose of persoonlijk medisch advies. Bespreek klachten of zorgen altijd met een arts.,autosomaal|recessief|dominant|x-gebonden|moleculair|chromosoomanalyse|counseling,15.0,4.233333333333333,30,2,15.25,6.60655737704918,61,4,10.693333333333333,11.792622950819673
Z,Ziekte van Milroy,https://www.erfelijkheid.nl/ziektes/ziekte-van-milroy,ziekte-van-milroy,ziekte-van-milroy,https://www.erfocentrum.nl/,Aanleg en ontwikkeling,ziekte van milroy|ziektevanmilroy,"Ziekte van Milroy is een erfelijke aandoening. Op deze pagina vind je wat het is, of het in families voorkomt en wat je kunt doen als je vragen hebt.",Ziekte van Milroy wordt in de literatuur beschreven als een genetische aandoening met heterogene etiologie. Fenotype-expressie en penetrantie kunnen variëren; risico-inschatting hangt af van familieanamnese en genetische bevindingen. Differentiaaldiagnostiek en indicatiestelling voor DNA-diagnostiek verlopen doorgaans via zorgprofessionals. Bespreek vragen met de huisarts; zo nodig volgt verwijzing naar een klinisch geneticus.,Maak een afspraak bij de huisarts om je familiegeschiedenis te bespreken. Een klinisch geneticus kan uitleg geven over erfelijkheid.,Deze informatie is algemeen en is geen diagnose of persoonlijk medisch advies. Bespreek klachten of zorgen altijd met een arts.,penetrantie|fenotype|etiologie|differentiaaldiagnostiek|indicatiestelling,14.5,4.068965517241379,29,2,13.25,7.018867924528302,53,4,10.327586206896552,10.757547169811321
Z,Ziekte van Niemann-Pick,https://www.erfelijkheid.nl/ziektes/niemann-pick-ziekte-van,niemann-pick-ziekte-van,niemann-pick-ziekte-van,https://www.erfocentrum.nl/,Aanleg en ontwikkeling,niemann pick ziekte van|ziekte van niemann pick|ziekte van niemann-pick|ziektevanniemann-pick,Bij Ziekte van Niemann-Pick spelen genen een rol. Deze pagina helpt je om snel te vinden: is het erfelijk en wat is een logische volgende stap.,Ziekte van Niemann-Pick wordt in de literatuur beschreven als een genetische aandoening met heterogene etiologie. Fenotype-expressie en penetrantie kunnen variëren; risico-inschatting hangt af van familieanamnese en genetische bevindingen. Differentiaaldiagnostiek en indicatiestelling voor DNA-diagnostiek verlopen doorgaans via zorgprofessionals. Bespreek vragen met de huisarts; zo nodig volgt verwijzing naar een klinisch geneticus.,Bespreek je vraag met je huisarts. Vraag zo nodig om een verwijzing naar de klinische genetica.,Deze informatie is algemeen en is geen diagnose of persoonlijk medisch advies. Bespreek klachten of zorgen altijd met een arts.,penetrantie|fenotype|etiologie|differentiaaldiagnostiek|indicatiestelling,13.5,4.222222222222222,27,2,13.5,6.981481481481482,54,4,9.788888888888888,10.892592592592592
Z,Ziekte van Norrie,https://www.erfelijkheid.nl/ziektes/ziekte-van-norrie,ziekte-van-norrie,ziekte-van-norrie,https://www.erfocentrum.nl/,Aanleg en ontwikkeling,ziekte van norrie|ziektevannorrie,Bij Ziekte van Norrie spelen genen een rol. Deze pagina helpt je om snel te vinden: is het erfelijk en wat is een logische volgende stap.,Ziekte van Norrie wordt in de literatuur beschreven als een genetische aandoening met heterogene etiologie. Fenotype-expressie en penetrantie kunnen variëren; risico-inschatting hangt af van familieanamnese en genetische bevindingen. Differentiaaldiagnostiek en indicatiestelling voor DNA-diagnostiek verlopen doorgaans via zorgprofessionals. Bespreek vragen met de huisarts; zo nodig volgt verwijzing naar een klinisch geneticus.,Maak een afspraak bij de huisarts om je familiegeschiedenis te bespreken. Een klinisch geneticus kan uitleg geven over erfelijkheid.,Deze informatie is algemeen en is geen diagnose of persoonlijk medisch advies. Bespreek klachten of zorgen altijd met een arts.,penetrantie|fenotype|etiologie|differentiaaldiagnostiek|indicatiestelling,13.0,4.1923076923076925,26,2,13.25,7.018867924528302,53,4,9.476923076923077,10.757547169811321
Z,Ziekte van Parkinson,https://www.erfelijkheid.nl/ziektes/ziekte-van-parkinson,ziekte-van-parkinson,ziekte-van-parkinson,https://www.erfocentrum.nl/,Aanleg en ontwikkeling,ziekte van parkinson|ziektevanparkinson,"Ziekte van Parkinson is een erfelijke aandoening. Op deze pagina vind je wat het is, of het in families voorkomt en wat je kunt doen als je vragen hebt.",Ziekte van Parkinson wordt in de literatuur beschreven als een genetische aandoening met heterogene etiologie. Fenotype-expressie en penetrantie kunnen variëren; risico-inschatting hangt af van familieanamnese en genetische bevindingen. Differentiaaldiagnostiek en indicatiestelling voor DNA-diagnostiek verlopen doorgaans via zorgprofessionals. Bespreek vragen met de huisarts; zo nodig volgt verwijzing naar een klinisch geneticus.,Bespreek je vraag met je huisarts. Vraag zo nodig om een verwijzing naar de klinische genetica.,Deze informatie is algemeen en is geen diagnose of persoonlijk medisch advies. Bespreek klachten of zorgen altijd met een arts.,penetrantie|fenotype|etiologie|differentiaaldiagnostiek|indicatiestelling,14.5,4.172413793103448,29,2,13.25,7.0754716981132075,53,4,10.368965517241378,10.780188679245283
Z,Ziekte van Pelizaeus-Merzbacher,https://www.erfelijkheid.nl/ziektes/ziekte-van-pelizaeus-merzbacher,ziekte-van-pelizaeus-merzbacher,ziekte-van-pelizaeus-merzbacher,https://www.erfocentrum.nl/,Aanleg en ontwikkeling,ziekte van pelizaeus merzbacher|ziekte van pelizaeus-merzbacher|ziektevanpelizaeus-merzbacher,"Ziekte van Pelizaeus-Merzbacher is een erfelijke aandoening. Op deze pagina vind je wat het is, of het in families voorkomt en wat je kunt doen als je vragen hebt.",Ziekte van Pelizaeus-Merzbacher wordt in de literatuur beschreven als een genetische aandoening met heterogene etiologie. Fenotype-expressie en penetrantie kunnen variëren; risico-inschatting hangt af van familieanamnese en genetische bevindingen. Differentiaaldiagnostiek en indicatiestelling voor DNA-diagnostiek verlopen doorgaans via zorgprofessionals. Bespreek vragen met de huisarts; zo nodig volgt verwijzing naar een klinisch geneticus.,Maak een afspraak bij de huisarts om je familiegeschiedenis te bespreken. Een klinisch geneticus kan uitleg geven over erfelijkheid.,Deze informatie is algemeen en is geen diagnose of persoonlijk medisch advies. Bespreek klachten of zorgen altijd met een arts.,penetrantie|fenotype|etiologie|differentiaaldiagnostiek|indicatiestelling,15.0,4.366666666666666,30,2,13.5,7.12962962962963,54,4,10.746666666666666,10.951851851851853
Z,Ziekte van Pompe,https://www.erfelijkheid.nl/ziektes/ziekte-van-pompe,ziekte-van-pompe,ziekte-van-pompe,https://www.erfocentrum.nl/,Aanleg en ontwikkeling,ziekte van pompe|ziektevanpompe,Ziekte van Pompe is een zeldzame erfelijke aandoening. Hier lees je in eenvoudige woorden de belangrijkste punten en waar je terechtkunt voor hulp.,"Ziekte van Pompe betreft een genetisch bepaalde aandoening waarbij varianten in een of meerdere genen kunnen leiden tot klinische verschijnselen. De overerving kan autosomaal dominant, autosomaal recessief of X-gebonden zijn, afhankelijk van het onderliggende mechanisme. Diagnostiek kan bestaan uit moleculair-genetisch onderzoek en/of chromosoomanalyse. Voor counseling en interpretatie van uitslagen kan verwijzing naar de klinische genetica passend zijn.",Maak een afspraak bij de huisarts om je familiegeschiedenis te bespreken. Een klinisch geneticus kan uitleg geven over erfelijkheid.,Deze informatie is algemeen en is geen diagnose of persoonlijk medisch advies. Bespreek klachten of zorgen altijd met een arts.,autosomaal|recessief|dominant|x-gebonden|moleculair|chromosoomanalyse|counseling,11.5,5.3478260869565215,23,2,15.0,6.55,60,4,9.039130434782608,11.620000000000001
Z,Ziekte van Refsum (klassieke vorm),https://www.erfelijkheid.nl/ziektes/ziekte-van-refsum-klassieke-vorm,ziekte-van-refsum-klassieke-vorm,ziekte-van-refsum-klassieke-vorm,https://www.erfocentrum.nl/,Aanleg en ontwikkeling,ziekte van refsum klassieke vorm|ziektevanrefsumklassiekevorm,"Ziekte van Refsum (klassieke vorm) is een erfelijke aandoening. Op deze pagina vind je wat het is, of het in families voorkomt en wat je kunt doen als je vragen hebt.",Ziekte van Refsum (klassieke vorm) wordt in de literatuur beschreven als een genetische aandoening met heterogene etiologie. Fenotype-expressie en penetrantie kunnen variëren; risico-inschatting hangt af van familieanamnese en genetische bevindingen. Differentiaaldiagnostiek en indicatiestelling voor DNA-diagnostiek verlopen doorgaans via zorgprofessionals. Bespreek vragen met de huisarts; zo nodig volgt verwijzing naar een klinisch geneticus.,Bespreek je vraag met je huisarts. Vraag zo nodig om een verwijzing naar de klinische genetica.,Deze informatie is algemeen en is geen diagnose of persoonlijk medisch advies. Bespreek klachten of zorgen altijd met een arts.,penetrantie|fenotype|etiologie|differentiaaldiagnostiek|indicatiestelling,15.5,4.225806451612903,31,2,13.75,7.0,55,4,10.99032258064516,11.05
Z,Ziekte van Rendu-Osler-Weber,https://www.erfelijkheid.nl/ziektes/ziekte-van-rendu-osler-weber,ziekte-van-rendu-osler-weber,ziekte-van-rendu-osler-weber,https://www.erfocentrum.nl/,Aanleg en ontwikkeling,ziekte van rendu osler weber|ziekte van rendu-osler-weber|ziektevanrendu-osler-weber,"Ziekte van Rendu-Osler-Weber is een erfelijke aandoening. Op deze pagina vind je wat het is, of het in families voorkomt en wat je kunt doen als je vragen hebt.","Ziekte van Rendu-Osler-Weber betreft een genetisch bepaalde aandoening waarbij varianten in een of meerdere genen kunnen leiden tot klinische verschijnselen. De overerving kan autosomaal dominant, autosomaal recessief of X-gebonden zijn, afhankelijk van het onderliggende mechanisme. Diagnostiek kan bestaan uit moleculair-genetisch onderzoek en/of chromosoomanalyse. Voor counseling en interpretatie van uitslagen kan verwijzing naar de klinische genetica passend zijn.",Bespreek je vraag met je huisarts. Vraag zo nodig om een verwijzing naar de klinische genetica.,Deze informatie is algemeen en is geen diagnose of persoonlijk medisch advies. Bespreek klachten of zorgen altijd met een arts.,autosomaal|recessief|dominant|x-gebonden|moleculair|chromosoomanalyse|counseling,15.5,4.096774193548387,31,2,15.5,6.5,62,4,10.938709677419354,11.899999999999999
Z,Ziekte van Sandhoff,https://www.erfelijkheid.nl/ziektes/ziekte-van-sandhoff,ziekte-van-sandhoff,ziekte-van-sandhoff,https://www.erfocentrum.nl/,Aanleg en ontwikkeling,ziekte van sandhoff|ziektevansandhoff,Bij Ziekte van Sandhoff spelen genen een rol. Deze pagina helpt je om snel te vinden: is het erfelijk en wat is een logische volgende stap.,"Ziekte van Sandhoff betreft een genetisch bepaalde aandoening waarbij varianten in een of meerdere genen kunnen leiden tot klinische verschijnselen. De overerving kan autosomaal dominant, autosomaal recessief of X-gebonden zijn, afhankelijk van het onderliggende mechanisme. Diagnostiek kan bestaan uit moleculair-genetisch onderzoek en/of chromosoomanalyse. Voor counseling en interpretatie van uitslagen kan verwijzing naar de klinische genetica passend zijn.",Bespreek je vraag met je huisarts. Vraag zo nodig om een verwijzing naar de klinische genetica.,Deze informatie is algemeen en is geen diagnose of persoonlijk medisch advies. Bespreek klachten of zorgen altijd met een arts.,autosomaal|recessief|dominant|x-gebonden|moleculair|chromosoomanalyse|counseling,13.0,4.269230769230769,26,2,15.0,6.6,60,4,9.507692307692308,11.64
Z,Ziekte van Schindler,https://www.erfelijkheid.nl/ziektes/ziekte-van-schindler,ziekte-van-schindler,ziekte-van-schindler,https://www.erfocentrum.nl/,Aanleg en ontwikkeling,ziekte van schindler|ziektevanschindler,Bij Ziekte van Schindler spelen genen een rol. Deze pagina helpt je om snel te vinden: is het erfelijk en wat is een logische volgende stap.,"Ziekte van Schindler betreft een genetisch bepaalde aandoening waarbij varianten in een of meerdere genen kunnen leiden tot klinische verschijnselen. De overerving kan autosomaal dominant, autosomaal recessief of X-gebonden zijn, afhankelijk van het onderliggende mechanisme. Diagnostiek kan bestaan uit moleculair-genetisch onderzoek en/of chromosoomanalyse. Voor counseling en interpretatie van uitslagen kan verwijzing naar de klinische genetica passend zijn.",Maak een afspraak bij de huisarts om je familiegeschiedenis te bespreken. Een klinisch geneticus kan uitleg geven over erfelijkheid.,Deze informatie is algemeen en is geen diagnose of persoonlijk medisch advies. Bespreek klachten of zorgen altijd met een arts.,autosomaal|recessief|dominant|x-gebonden|moleculair|chromosoomanalyse|counseling,13.0,4.3076923076923075,26,2,15.0,6.616666666666666,60,4,9.523076923076923,11.646666666666667
Z,Ziekte van Seitelberger,https://www.erfelijkheid.nl/ziektes/ziekte-van-seitelberger,ziekte-van-seitelberger,ziekte-van-seitelberger,https://www.erfocentrum.nl/,Aanleg en ontwikkeling,ziekte van seitelberger|ziektevanseitelberger,Ziekte van Seitelberger is een zeldzame erfelijke aandoening. Hier lees je in eenvoudige woorden de belangrijkste punten en waar je terechtkunt voor hulp.,"Ziekte van Seitelberger betreft een genetisch bepaalde aandoening waarbij varianten in een of meerdere genen kunnen leiden tot klinische verschijnselen. De overerving kan autosomaal dominant, autosomaal recessief of X-gebonden zijn, afhankelijk van het onderliggende mechanisme. Diagnostiek kan bestaan uit moleculair-genetisch onderzoek en/of chromosoomanalyse. Voor counseling en interpretatie van uitslagen kan verwijzing naar de klinische genetica passend zijn.",Maak een afspraak bij de huisarts om je familiegeschiedenis te bespreken. Een klinisch geneticus kan uitleg geven over erfelijkheid.,Deze informatie is algemeen en is geen diagnose of persoonlijk medisch advies. Bespreek klachten of zorgen altijd met een arts.,autosomaal|recessief|dominant|x-gebonden|moleculair|chromosoomanalyse|counseling,11.5,5.6521739130434785,23,2,15.0,6.666666666666667,60,4,9.160869565217391,11.666666666666668
Z,Ziekte van Stargardt,https://www.erfelijkheid.nl/ziektes/ziekte-van-stargardt,ziekte-van-stargardt,ziekte-van-stargardt,https://www.erfocentrum.nl/,Aanleg en ontwikkeling,ziekte van stargardt|ziektevanstargardt,"Ziekte van Stargardt is een erfelijke aandoening. Op deze pagina vind je wat het is, of het in families voorkomt en wat je kunt doen als je vragen hebt.",Ziekte van Stargardt wordt in de literatuur beschreven als een genetische aandoening met heterogene etiologie. Fenotype-expressie en penetrantie kunnen variëren; risico-inschatting hangt af van familieanamnese en genetische bevindingen. Differentiaaldiagnostiek en indicatiestelling voor DNA-diagnostiek verlopen doorgaans via zorgprofessionals. Bespreek vragen met de huisarts; zo nodig volgt verwijzing naar een klinisch geneticus.,Maak een afspraak bij de huisarts om je familiegeschiedenis te bespreken. Een klinisch geneticus kan uitleg geven over erfelijkheid.,Deze informatie is algemeen en is geen diagnose of persoonlijk medisch advies. Bespreek klachten of zorgen altijd met een arts.,penetrantie|fenotype|etiologie|differentiaaldiagnostiek|indicatiestelling,14.5,4.172413793103448,29,2,13.25,7.0754716981132075,53,4,10.368965517241378,10.780188679245283
Z,Ziekte van Tay-Sachs,https://www.erfelijkheid.nl/ziektes/ziekte-van-tay-sachs,ziekte-van-tay-sachs,ziekte-van-tay-sachs,https://www.erfocentrum.nl/,Aanleg en ontwikkeling,ziekte van tay sachs|ziekte van tay-sachs|ziektevantay-sachs,Bij Ziekte van Tay-Sachs spelen genen een rol. Deze pagina helpt je om snel te vinden: is het erfelijk en wat is een logische volgende stap.,"Ziekte van Tay-Sachs betreft een genetisch bepaalde aandoening waarbij varianten in een of meerdere genen kunnen leiden tot klinische verschijnselen. De overerving kan autosomaal dominant, autosomaal recessief of X-gebonden zijn, afhankelijk van het onderliggende mechanisme. Diagnostiek kan bestaan uit moleculair-genetisch onderzoek en/of chromosoomanalyse. Voor counseling en interpretatie van uitslagen kan verwijzing naar de klinische genetica passend zijn.",Maak een afspraak bij de huisarts om je familiegeschiedenis te bespreken. Een klinisch geneticus kan uitleg geven over erfelijkheid.,Deze informatie is algemeen en is geen diagnose of persoonlijk medisch advies. Bespreek klachten of zorgen altijd met een arts.,autosomaal|recessief|dominant|x-gebonden|moleculair|chromosoomanalyse|counseling,13.5,4.111111111111111,27,2,15.25,6.491803278688525,61,4,9.744444444444444,11.74672131147541
Z,Ziekte van Van Buchem,https://www.erfelijkheid.nl/ziektes/ziekte-van-van-buchem,ziekte-van-van-buchem,ziekte-van-van-buchem,https://www.erfocentrum.nl/,Aanleg en ontwikkeling,ziekte van van buchem|ziektevanvanbuchem,"Ziekte van Van Buchem is een erfelijke aandoening. Op deze pagina vind je wat het is, of het in families voorkomt en wat je kunt doen als je vragen hebt.",Ziekte van Van Buchem wordt in de literatuur beschreven als een genetische aandoening met heterogene etiologie. Fenotype-expressie en penetrantie kunnen variëren; risico-inschatting hangt af van familieanamnese en genetische bevindingen. Differentiaaldiagnostiek en indicatiestelling voor DNA-diagnostiek verlopen doorgaans via zorgprofessionals. Bespreek vragen met de huisarts; zo nodig volgt verwijzing naar een klinisch geneticus.,Bespreek je vraag met je huisarts. Vraag zo nodig om een verwijzing naar de klinische genetica.,Deze informatie is algemeen en is geen diagnose of persoonlijk medisch advies. Bespreek klachten of zorgen altijd met een arts.,penetrantie|fenotype|etiologie|differentiaaldiagnostiek|indicatiestelling,15.0,4.033333333333333,30,2,13.5,6.944444444444445,54,4,10.613333333333333,10.877777777777778
Z,Ziekte van Von Hippel-Lindau (VHL),https://www.erfelijkheid.nl/ziektes/ziekte-van-von-hippel-lindau-vhl,ziekte-van-von-hippel-lindau-vhl,ziekte-van-von-hippel-lindau-vhl,https://www.erfocentrum.nl/,Aanleg en ontwikkeling,ziekte van von hippel lindau vhl|ziekte van von hippel-lindau vhl|ziektevanvonhippel-lindauvhl,"Ziekte van Von Hippel-Lindau (VHL) is een erfelijke aandoening. Op deze pagina vind je wat het is, of het in families voorkomt en wat je kunt doen als je vragen hebt.","Ziekte van Von Hippel-Lindau (VHL) betreft een genetisch bepaalde aandoening waarbij varianten in een of meerdere genen kunnen leiden tot klinische verschijnselen. De overerving kan autosomaal dominant, autosomaal recessief of X-gebonden zijn, afhankelijk van het onderliggende mechanisme. Diagnostiek kan bestaan uit moleculair-genetisch onderzoek en/of chromosoomanalyse. Voor counseling en interpretatie van uitslagen kan verwijzing naar de klinische genetica passend zijn.",Maak een afspraak bij de huisarts om je familiegeschiedenis te bespreken. Een klinisch geneticus kan uitleg geven over erfelijkheid.,Deze informatie is algemeen en is geen diagnose of persoonlijk medisch advies. Bespreek klachten of zorgen altijd met een arts.,autosomaal|recessief|dominant|x-gebonden|moleculair|chromosoomanalyse|counseling,16.0,4.0625,32,2,15.75,6.444444444444445,63,4,11.225,12.027777777777777
Z,Ziekte van Von Willebrand,https://www.erfelijkheid.nl/ziektes/ziekte-van-von-willebrand,ziekte-van-von-willebrand,ziekte-van-von-willebrand,https://www.erfocentrum.nl/,Aanleg en ontwikkeling,ziekte van von willebrand|ziektevanvonwillebrand,Ziekte van Von Willebrand is een zeldzame erfelijke aandoening. Hier lees je in eenvoudige woorden de belangrijkste punten en waar je terechtkunt voor hulp.,"Ziekte van Von Willebrand betreft een genetisch bepaalde aandoening waarbij varianten in een of meerdere genen kunnen leiden tot klinische verschijnselen. De overerving kan autosomaal dominant, autosomaal recessief of X-gebonden zijn, afhankelijk van het onderliggende mechanisme. Diagnostiek kan bestaan uit moleculair-genetisch onderzoek en/of chromosoomanalyse. Voor counseling en interpretatie van uitslagen kan verwijzing naar de klinische genetica passend zijn.",Maak een afspraak bij de huisarts om je familiegeschiedenis te bespreken. Een klinisch geneticus kan uitleg geven over erfelijkheid.,Deze informatie is algemeen en is geen diagnose of persoonlijk medisch advies. Bespreek klachten of zorgen altijd met een arts.,autosomaal|recessief|dominant|x-gebonden|moleculair|chromosoomanalyse|counseling,12.0,5.458333333333333,24,2,15.25,6.573770491803279,61,4,9.383333333333333,11.779508196721313
Z,Ziekte van Wilson,https://www.erfelijkheid.nl/ziektes/ziekte-van-wilson,ziekte-van-wilson,ziekte-van-wilson,https://www.erfocentrum.nl/,Aanleg en ontwikkeling,ziekte van wilson|ziektevanwilson,"Ziekte van Wilson is een erfelijke aandoening. Op deze pagina vind je wat het is, of het in families voorkomt en wat je kunt doen als je vragen hebt.",Ziekte van Wilson wordt in de literatuur beschreven als een genetische aandoening met heterogene etiologie. Fenotype-expressie en penetrantie kunnen variëren; risico-inschatting hangt af van familieanamnese en genetische bevindingen. Differentiaaldiagnostiek en indicatiestelling voor DNA-diagnostiek verlopen doorgaans via zorgprofessionals. Bespreek vragen met de huisarts; zo nodig volgt verwijzing naar een klinisch geneticus.,Maak een afspraak bij de huisarts om je familiegeschiedenis te bespreken. Een klinisch geneticus kan uitleg geven over erfelijkheid.,Deze informatie is algemeen en is geen diagnose of persoonlijk medisch advies. Bespreek klachten of zorgen altijd met een arts.,penetrantie|fenotype|etiologie|differentiaaldiagnostiek|indicatiestelling,14.5,4.068965517241379,29,2,13.25,7.018867924528302,53,4,10.327586206896552,10.757547169811321
Z,Zwangerschapsdiabetes,https://www.erfelijkheid.nl/ziektes/zwangerschapsdiabetes,zwangerschapsdiabetes,zwangerschapsdiabetes,https://www.erfocentrum.nl/,Aanleg en ontwikkeling,zwangerschapsdiabetes,Zwangerschapsdiabetes is een zeldzame erfelijke aandoening. Hier lees je in eenvoudige woorden de belangrijkste punten en waar je terechtkunt voor hulp.,"Zwangerschapsdiabetes betreft een genetisch bepaalde aandoening waarbij varianten in een of meerdere genen kunnen leiden tot klinische verschijnselen. De overerving kan autosomaal dominant, autosomaal recessief of X-gebonden zijn, afhankelijk van het onderliggende mechanisme. Diagnostiek kan bestaan uit moleculair-genetisch onderzoek en/of chromosoomanalyse. Voor counseling en interpretatie van uitslagen kan verwijzing naar de klinische genetica passend zijn.",Maak een afspraak bij de huisarts om je familiegeschiedenis te bespreken. Een klinisch geneticus kan uitleg geven over erfelijkheid.,Deze informatie is algemeen en is geen diagnose of persoonlijk medisch advies. Bespreek klachten of zorgen altijd met een arts.,autosomaal|recessief|dominant|x-gebonden|moleculair|chromosoomanalyse|counseling,10.5,6.190476190476191,21,2,14.5,6.896551724137931,58,4,8.776190476190475,11.458620689655172
